titulo,bajada,copete,autor,fecha,url,seccion
Causa $Libra: piden la recusación del fiscal Eduardo Taiano,Por falta de objetividad en su desempeño,La recusación fue presentada por el abogado del querellante Martín Romeo y detalla en cuatro carillas varios ejemplos respecto de la inacción del fiscal y las demoras injustificadas en solicitar medidas de prueba.,Mara Pedrazzoli,2025-12-09 21:11:43.338000+00:00,https://www.pagina12.com.ar/2025/12/09/causa-libra-piden-la-recusacion-del-fiscal-eduardo-taiano/,el-pais
Inflación noviembre 2025: cuándo se conocerá el dato,El número que adelantan las consultoras,"Alimentos, servicios y transporte presionan los precios al consumidor.",Mara Pedrazzoli,2025-12-09 21:05:27.976000+00:00,https://www.pagina12.com.ar/2025/12/09/inflacion-noviembre-2025-cuando-se-conocera-el-dato/,el-pais
Cortes y movilizaciones contra la reforma laboral del Gobierno,En 30 puntos del país,Organizaciones sociales y políticas protestan para rechazar el proyecto que el oficialismo buscará pasar en extraordinarias. Tensión con la Policía en Puente Pueyrredón.,Mara Pedrazzoli,2025-12-09 19:02:58.833000+00:00,https://www.pagina12.com.ar/2025/12/09/cortes-y-movilizaciones-contra-la-reforma-laboral-del-gobierno/,el-pais
El Gobierno anunció sesiones extraordinarias del Congreso: ¿qué leyes busca aprobar antes de fin de año?,Los detalles de los proyectos,"Ante la nueva composición de Diputados y Senadores, Javier Milei espera acelerar sus reformas con mayor facilidad.",Mara Pedrazzoli,2025-12-09 16:08:34.196000+00:00,https://www.pagina12.com.ar/2025/12/09/el-gobierno-anuncio-sesiones-extraordinarias-del-congreso-que-leyes-busca-aprobar-antes-de-fin-de-ano/,el-pais
"Trump sobre Milei: “Iba a perder, lo apoyé y ganó”",Las relaciones más que carnales,"Durante una entrevista, el mandatario estadounidense volvió a adjudicarse la victoria de los libertarios en las elecciones de octubre. Trump también dijo que no descarta un despliegue militar en territorio venezolano y repitió que Maduro tiene “los días contados”.",Mara Pedrazzoli,2025-12-09 13:03:17.218000+00:00,https://www.pagina12.com.ar/2025/12/09/trump-sobre-milei-iba-a-perder-lo-apoye-y-gano/,el-pais
"Javier Milei en Oslo, con la atención puesta en las negociaciones el Congreso",Se oficializó el llamado a sesiones extraordinarias,El Presidente viajó para estar en la entrega del Premio Nobel de la Paz a la opositora venezolana María Corina Machado. Se publicó el decreto con el temario que se debatirá en el Parlamento.,Mara Pedrazzoli,2025-12-09 10:49:42.084000+00:00,https://www.pagina12.com.ar/2025/12/09/javier-milei-en-oslo-con-la-atencion-puesta-en-las-negociaciones-el-congreso/,el-pais
La carta y el show final de Petri,"El funcionario termina su gestión en Defensa a la que denominó ""un proceso de transformación histótico""","Listo para dejar la cartera y asumir como diputado, publicó un rosario de elogios al Presidente y a su propio trabajo.",Mara Pedrazzoli,2025-12-09 03:01:00+00:00,https://www.pagina12.com.ar/2025/12/08/la-carta-y-el-show-final-de-petri/,el-pais
Condena judicial y condena popular,A 40 años del Juicio a las Juntas,Por falta de objetividad en su desempeño,Luis Bruschtein,2025-12-09 03:01:00+00:00,https://www.pagina12.com.ar/2025/12/08/condena-judicial-y-condena-popular/,el-pais
"El mar, otro escenario de pleitesía a Trump",El Gobierno refuerza el control de buques chinos donde no hay pesca ilegal,La temporada alta y el arribo de cientos de buques asiáticos a la frontera de la zona de exclusión abre la puerta a nuevos episodios de tensión con China.,Sebastián Cazón,2025-12-09 03:01:00+00:00,https://www.pagina12.com.ar/2025/12/09/el-mar-otro-escenario-de-pleitesia-a-trump/,el-pais
El espionaje que busca tapar las coimas,Los movimientos en la contra-causa que activó el Gobierno y entorpece la investigación de coimas en la Andis,Una investigación que avanza sin rumbo y los detalles sobre los micrófonos ocultos que Stornelli y Ercolini fueron a buscar al despacho de la hija de Calvete.,Irina Hauser,2025-12-09 03:01:00+00:00,https://www.pagina12.com.ar/2025/12/08/el-espionaje-que-busca-tapar-las-coimas/,el-pais
Paro y marcha contra la reforma laboral,Movilización al Congreso,El sindicato de los estatales y las organizaciones sociales realizarán la primera protesta contra la reforma laboral este martes.,Laura Vales,2025-12-09 03:01:00+00:00,https://www.pagina12.com.ar/2025/12/08/paro-y-marcha-contra-la-reforma-laboral/,el-pais
"Tiempo de descuento para las reformas laboral, penal y tributaria","Este martes, presentación formal",Los proyectos orientados a recortar derechos de los trabajadores y a eximir de impuestos a las grandes firmas serán oficializados por el jefe de Gabinete en la previa de las extraordinarias.,Melisa Molina,2025-12-09 03:01:00+00:00,https://www.pagina12.com.ar/2025/12/08/tiempo-de-descuento-para-las-reformas-laboral-penal-y-tributaria/,el-pais
"El futuro político de Juan Schiaretti, envuelto en incógnitas",El fracaso de su proyecto presidencial y su relación con Pichetto,Por falta de objetividad en su desempeño,Gregorio Tatián,2025-12-09 03:01:00+00:00,https://www.pagina12.com.ar/2025/12/08/el-futuro-politico-de-juan-schiaretti-envuelto-en-incognitas/,el-pais
El recuerdo del Juicio a las Juntas,A 40 años de un hito histórico que el Gobierno ignora,Por falta de objetividad en su desempeño,Mara Pedrazzoli,2025-12-09 03:01:00+00:00,https://www.pagina12.com.ar/2025/12/09/el-recuerdo-del-juicio-a-las-juntas/,el-pais
A 48 años de los secuestros de la Santa Cruz: “Memoria completa sería conocer el destino de los 30.000″,Actos en la Iglesia donde se infiltró Astiz,Familiares y compañeros de los doce secuestrados denunciaron las políticas de olvido y entrega el gobierno de Javier Milei.,Luciana Bertoia,2025-12-09 03:01:00+00:00,https://www.pagina12.com.ar/2025/12/09/a-48-anos-de-los-secuestros-de-la-santa-cruz-memoria-completa-seria-conocer-el-destino-de-los-30000/,el-pais
"Mastropietro, el hilo conductor que une a Fred Machado y a Mauricio Macri con las coimas en la Andis","La historia del ""lavador"" del dinero robado en Discapacidad","Pese a tener un extenso prontuario vinculado a causas de corrupción, el señalado como el encargado de blanquear los dólares del botín de Spagnuolo y CÍA llegó a casarse ampulosamente en La Toscana. Qué dicen de él sus excompañeros del Liceo Militar.",Raúl Kollmann,2025-12-07 03:01:00+00:00,https://www.pagina12.com.ar/2025/12/07/mastropietro-el-hilo-conductor-que-une-a-fred-machado-y-a-mauricio-macri-con-las-coimas-en-la-andis/,el-pais
"Con viento de cola, el Gobierno va por todo en extraordinarias",La reforma laboral empieza a tratarse en el Senado.,En la Casa Rosada preocupa la inexperiencia legislativa de buena parte de sus diputados. El PJ trabaja en su propia propuesta para modernizar la legislación laboral.,Paula Marussich,2025-12-07 03:01:00+00:00,https://www.pagina12.com.ar/2025/12/07/con-viento-de-cola-el-gobierno-va-por-todo-en-extraordinarias/,el-pais
“Todas las semana hay situaciones de violencia”,Los comedores populares abandonados por el gobierno,"Hasta ahora en los comedores populares la violencia no había sido un problema. “Con este gobierno hay un nivel de descarte y de ajuste que hace que la gente esté muy mal”, dicen en la Casa Darío Santillán (MTE), en el barrio de Constitución.",Laura Vales,2025-12-07 03:01:00+00:00,https://www.pagina12.com.ar/2025/12/06/todas-las-semana-hay-situaciones-de-violencia/,el-pais
"Migraciones y la PSA, bajo la lupa judicial por la requisa fallida a Mastropietro","El caso del celular ""desaparecido""",Dejaron pasar como si nada al señalado en la causa Andis por “lavado” de la plata de las coimas. Ordenaron obtener todas las imágenes de cuando ingresó al país.,Irina Hauser,2025-12-07 03:01:00+00:00,https://www.pagina12.com.ar/2025/12/07/migraciones-y-la-psa-bajo-la-lupa-judicial-por-la-requisa-fallida-a-mostropietro/,el-pais
"El sinuoso juego de Jalil y Jaldo, dos peronistas con peluca",La estrategia de los gobernadores dialoguistas,"Dos que darán apoyo al Presupuesto, por razones que se encuentran en las arcas provinciales y en las especulaciones de la política local.",Analía Argento,2025-12-07 03:01:00+00:00,https://www.pagina12.com.ar/2025/12/06/el-sinuoso-juego-de-jalil-y-jaldo-dos-peronistas-con-peluca/,el-pais
títulos del 7 de diciembre,No disponible,Por falta de objetividad en su desempeño,Mara Pedrazzoli,2025-12-07 03:01:00+00:00,https://www.pagina12.com.ar/2025/12/07/titulos-del-7-de-diciembre/,el-pais
Lo que existe,No disponible,Por falta de objetividad en su desempeño,Jorge Alemán,2025-12-07 03:01:00+00:00,https://www.pagina12.com.ar/2025/12/06/lo-que-existe/,el-pais
El reconocimiento argentino al “cónsul de los desaparecidos” que salvó más de 300 vidas,Homenaje a Enrico Calamai,"El acto estuvo conducido por Claudio Marín, secretario general de FOETRA, quien recordó la militancia, la solidaridad y el accionar clandestino que rodeó la resistencia contra la dictadura también dentro del movimiento sindical.",Mara Pedrazzoli,2025-12-07 03:01:00+00:00,https://www.pagina12.com.ar/2025/12/06/el-reconocimiento-argentino-al-consul-de-los-desaparecidos-que-salvo-mas-de-300-vidas/,el-pais
"Argentina, país singular…",No disponible,Por falta de objetividad en su desempeño,Pedro Peretti,2025-12-07 02:52:08.792000+00:00,https://www.pagina12.com.ar/2025/12/07/argentina-pais-singular/,el-pais
A 40 años de la sentencia del Juicio a las Juntas,No disponible,Por falta de objetividad en su desempeño,Betina Stein,2025-12-07 00:00:38.187000+00:00,https://www.pagina12.com.ar/2025/12/07/a-40-anos-de-la-sentencia-del-juicio-a-las-juntas/,el-pais
Por los 12 de la Santa Cruz,"A 48 años de los secuestros cometidos tras la infiltración de ""el ángel rubio""","Bajo la consigna “Organizarse para resistir. Rebelarse para triunfar”, se rendirá homenaje a los desaparecidos en la iglesia que sufrió la siniestra infiltración de Alfredo Astiz.",Mara Pedrazzoli,2025-12-06 03:01:00+00:00,https://www.pagina12.com.ar/2025/12/05/por-los-12-de-la-santa-cruz/,el-pais
Soberanía Política y Económica,No disponible,Por falta de objetividad en su desempeño,Victoria Donda,2025-12-06 03:01:00+00:00,https://www.pagina12.com.ar/2025/12/05/soberania-politica-y-economica/,el-pais
Peter Lamelas confesó la verdadera razón de su designación como embajador en Argentina,“Trump me dijo que viniera a ayudar a su amigo”,"El funcionario también se refirió al futuro del acuerdo comercial entre Estados Unidos y Argentina. “Será firmado muy pronto”, prometió.",Mara Pedrazzoli,2025-12-05 19:48:16.102000+00:00,https://www.pagina12.com.ar/2025/12/05/peter-lamelas-confeso-la-verdadera-razon-de-su-designacion-como-embajador-en-argentina/,el-pais
La agenda de Javier Milei y el llamado a sesiones extraordinarias del Congreso,Los planes del Gobierno,Por falta de objetividad en su desempeño,Mara Pedrazzoli,2025-12-05 11:40:54.262000+00:00,https://www.pagina12.com.ar/2025/12/05/la-agenda-de-javier-milei-y-el-llamado-a-sesiones-extraordinarias-del-congreso/,el-pais
Estalló la pelea entre LLA y el PRO en la provincia de Buenos Aires,El partido de Milei castigó al de Macri por sus acuerdos en la legislatura bonaerense,Pareja les reclamó haber acompañado el endeudamiento del gobierno de Kicillof y los puestos en el Banco Provincia.,Werner Pertot,2025-12-05 03:01:00+00:00,https://www.pagina12.com.ar/2025/12/05/estallo-la-pelea-entre-lla-y-el-pro-en-la-provincia-de-buenos-aires/,el-pais
Una ronda para celebrar a Hebe de Bonafini,La referenta de Madres de Plaza de Mayo hubiera cumplido 97 años,"La marcha de cada jueves estuvo acompañada por referentes de organismos, organizaciones sociales y políticas. También participó el gobernador bonaerense, Axel Kicillof.",Mara Pedrazzoli,2025-12-05 03:01:00+00:00,https://www.pagina12.com.ar/2025/12/05/una-ronda-para-celebrar-a-hebe-de-bonafini/,el-pais
La Corte confirmó la constitucionalidad de la reforma previsional de Macri,Todo puede ser peor,Por falta de objetividad en su desempeño,Mara Pedrazzoli,2025-12-05 03:01:00+00:00,https://www.pagina12.com.ar/2025/12/05/la-corte-confirmo-la-constitucionalidad-de-la-reforma-previsional-de-macri/,el-pais
Los desafíos del peronismo en Diputados ante la consolidación de LLA como primera minoría,Un escenario que no se daba desde 1989,"El bloque deberá reordenarse y evitar su balcanización, en sintonúa con uno de los planteos que Cristina Kirchner expuso en su última carta pública. La agenda que se viene con las reformas laboral e impositiva.",Paula Marussich,2025-12-05 03:01:00+00:00,https://www.pagina12.com.ar/2025/12/05/los-desafios-del-peronismo-en-diputados-ante-la-consolidacion-de-lla-como-primera-minoria/,el-pais
Sin excusas para no repartir alimentos,Fallo adverso de la Corte Suprema para Pettovello,Por falta de objetividad en su desempeño,Mara Pedrazzoli,2025-12-05 03:01:00+00:00,https://www.pagina12.com.ar/2025/12/05/sin-excusas-para-no-repartir-alimentos/,el-pais
El Gobierno planea un segundo llamado a extraordinarias en febrero,"Sería después del receso vacacional para tratar las reformas de ""segunda generación""","Pero antes, en Casa Rosada confirmaron que Milei firmará este viernes el decreto de convocatoria para las sesiones que se harán entre el 10 y el 31 de diciembre.",Melisa Molina,2025-12-05 03:01:00+00:00,https://www.pagina12.com.ar/2025/12/04/el-gobierno-planea-que-un-segundo-llamado-a-extraordinarias-en-febrero/,el-pais
Protesta y tensión en la General Paz: trabajadores del INTI fueron desalojados por la Policía,Tensión,"Se manifestaban contra la disolución del Servicio Argentino de Calibración y Medición, dispuesta a través de un decreto del Gobierno.",Mara Pedrazzoli,2025-12-04 04:40:00+00:00,https://www.pagina12.com.ar/2025/12/03/protesta-y-tension-en-la-general-paz-trabajadores-del-inti-fueron-desalojados-por-la-policia/,el-pais
"Guadalupe Muñoz, pareja de Calvete, no sabe, no contesta",Acusada de hacer pagos sospechosos en Andis,Por falta de objetividad en su desempeño,Irina Hauser,2025-12-04 03:01:12.381000+00:00,https://www.pagina12.com.ar/2025/12/04/guadalupe-munoz-pareja-de-calvete-no-sabe-no-contesta/,el-pais
"“Cristina libre, con proscripción no hay derechos ni democracia”",Se viene el nuevo Encuentro Federal de Derechos Humanos,"Organizaciones, referentes y militantes de todo el país debatirán en un contexto político que califican como “crítico y regresivo”.",Mara Pedrazzoli,2025-12-04 03:01:00+00:00,https://www.pagina12.com.ar/2025/12/04/cristina-libre-con-proscripcion-no-hay-derechos-ni-democracia/,el-pais
El show de la jura en Diputados con Milei en el palco,La Libertad Avanza se convirtió en la primera minoría en la cámara baja,"A diferencia de los que pasó en el Senado, donde el escenario es más complejo, el Presidente estuvo en el recinto. Unión por la Patria y la izquierda buscan ser el freno a LLA.",Paula Marussich,2025-12-04 03:01:00+00:00,https://www.pagina12.com.ar/2025/12/04/una-jura-que-anticipa-lo-que-viene-en-diputados/,el-pais
Los escándalos que envuelven al nuevo jefe de la SIDE,La caída de Neiffert y la llegada de Cristian Auguadra,El hijo del nuevo Señor Cinco fue uno de los espías que viajó a Azerbaiyán y terminó viendo el premio de la Fórmula 1. Auguadra es también socio de un contador que está siendo juzgado por intentar desviar la investigación sobre el asesinato de Mariano Ferreyra.,Luciana Bertoia,2025-12-04 03:01:00+00:00,https://www.pagina12.com.ar/2025/12/04/los-escandalos-que-envuelven-al-nuevo-jefe-de-la-side/,el-pais
Una plaza diversa bramó contra un único enemigo: el ajuste de Milei,Jornada de lucha frente al Congreso,"En el debut de Monteoliva a cargo del operativo, marcharon los jubilados, trabajadores del Garrahan, las organizaciones sociales y personas con discapacidad, que celebraron su día.",Mara Pedrazzoli,2025-12-04 03:01:00+00:00,https://www.pagina12.com.ar/2025/12/04/una-plaza-diversa-bramo-contra-un-unico-enemigo-el-ajuste-de-milei/,el-pais
"Adorni pasó la escoba: Rolandi, afuera del Gobierno",El despido de un funcionario clave en la Ley Bases,Por falta de objetividad en su desempeño,Mara Pedrazzoli,2025-12-04 03:01:00+00:00,https://www.pagina12.com.ar/2025/12/04/adorni-paso-la-escoba-rolandi-afuera-del-gobierno/,el-pais
Gritos y tensión en el Congreso,La jura en Diputados anticipa el clima que se viene,"Selfies, abucheos, insultos y lágrimas. Postales de la nueva cámara.",Mara Pedrazzoli,2025-12-04 03:01:00+00:00,https://www.pagina12.com.ar/2025/12/04/gritos-y-tension-en-el-congreso/,el-pais
El juez Rafecas dispuso la extradición de cinco bolsonaristas,Golpistas,El proceso va para largo y los golpistas esperan que el Congreso de Brasil dicte una amnistía o una reducción de penas. Tienen condenas de 13 a 17 años de prisión por el intento de derrocar a Lula.,Raúl Kollmann,2025-12-04 03:01:00+00:00,https://www.pagina12.com.ar/2025/12/04/el-juez-rafecas-dispuso-la-extradicion-de-cinco-bolsonaristas/,el-pais
"Narcogate, capítulo dos: Villaverde finalmente se bajó del Senado",Se queda en Diputados hasta 2027,"Será reemplazada por Enzo Fullone, el segundo de la lista libertaria en Río Negro. El caso de los viajes aéreos financiados por el narco, su vínculo con Machado y su causa en EEUU por tenencia de cocaína hicieron insostenible su asunción.",Luciano Barroso,2025-12-04 03:01:00+00:00,https://www.pagina12.com.ar/2025/12/03/narcogate-capitulo-dos-villaverde-finalmente-se-bajo-del-senado/,el-pais
Avanza la identificación del horror en La Perla,Fuertes avances de investigación en el centro clandestino más grande del interior del país,"Luego de la recolección de una importante cantidad de restos óseos humanos empieza el trabajo de clasificación, identificación y cotejo con las muestras existentes. Son huesos mezclados y no esqueletos completos ya que, como dijeron testigos, los cuerpos fueron removidos y trasladados luego de ser enterrados.",Gregorio Tatian,2025-12-03 03:01:00+00:00,https://www.pagina12.com.ar/2025/12/03/avanza-la-identificacion-del-horror-en-la-perla/,el-pais
"Bullrich no suelta el timón, Petri se enorgullece de los militares y Lamelas, como en casa",Los detalles de la jura de Monteoliva,Durante la ceremonia en Casa Rosada se festejó la continuidad de la mano dura. También hubo elogios para Presti. El gesto compinche del embajador de EE.UU. con el titular de la SIDE.,Melisa Molina,2025-12-03 03:01:00+00:00,https://www.pagina12.com.ar/2025/12/02/bullrich-no-suelta-el-timon-petri-se-enorgullece-de-los-militares-y-lamelas-como-en-casa/,el-pais
"En su día, las personas con discapacidad marcharán contra Milei","Denuncian ajuste, discriminación y corrupción","La lista de reclamos al Gobierno no tiene precedentes: leyes que no se cumplen, un presidente que los insulta y funcionarios que cobran coimas. Terapias que se interrumpen y miles de pensiones recortadas son la contratacara de la causa Andis. “Decidieron elegirnos como enemigos”.",Matías Ferrari,2025-12-03 03:01:00+00:00,https://www.pagina12.com.ar/2025/12/02/en-su-dia-las-personas-con-discapacidad-marcharan-contra-milei/,el-pais
Causa Nisman y una nueva maniobra para tapar la verdad,Citaron a la fiscal Viviana Fein,Luego de once años sin encontraron ni una sola evidencia de que a Nisman lo hubieran matado. No logran rebatir las demoledoras pruebas y pericias de que el fiscal se suicidó.,Raúl Kollmann,2025-12-03 03:01:00+00:00,https://www.pagina12.com.ar/2025/12/02/causa-nisman-y-una-nueva-maniobra-para-tapar-la-verdad/,el-pais
El curul de diputada que Villaverde usará como refugio,La sombra del narcoescándalo,La libertaria de Río Negro vive una situación similar a Espert. Su destino en el Senado está prácticamente obturado. Por eso seguirá como diputada y con fueros hasta 2027.,Luciano Barroso,2025-12-03 03:01:00+00:00,https://www.pagina12.com.ar/2025/12/03/el-curul-de-diputada-que-villaverde-usara-como-refugio/,el-pais
Bessent suspendió su visita a la Argentina,Una respuesta al faltazo de Milei,"La decisión de Milei de no viajar a Washington, para participar del sorteo del Mundial 2026, generó molestia en el gobierno de Trump.",Mara Pedrazzoli,2025-12-03 03:01:00+00:00,https://www.pagina12.com.ar/2025/12/03/bessent-suspendio-su-visita-a-la-argentina/,el-pais
LLA tiene la primera minoría,El Gobierno alcanzó el objetivo de superar al bloque de UxP en Diputados,Con la ruptura de los tres legisladores que responden a Jalil en UxP y el entrerriano Francisco Morchio los libertarios cuentan con 95 aliados.,Paula Marussich,2025-12-03 03:01:00+00:00,https://www.pagina12.com.ar/2025/12/03/lla-tiene-la-primera-minoria-2/,el-pais
Un protocolo antipiquetes muy flojo de base legal,Cuestionamiento de un fiscal,El dictamen sobre el reglamento que reprime la protesta social dice que carece fundamentación como para considerar legal la conducta del Estado. Es el que usará Monteoliva.,Irina Hauser,2025-12-03 03:01:00+00:00,https://www.pagina12.com.ar/2025/12/03/un-protoclo-antipiquetes-muy-flojo-de-base-legal/,el-pais
A quien corresponda: contundente respuesta a Patricia Bullrich por el Código Penal,No disponible,Por falta de objetividad en su desempeño,E. Raúl Zaffaroni,2025-12-03 03:01:00+00:00,https://www.pagina12.com.ar/2025/12/02/a-quien-corresponda-2/,el-pais
"Todos los reclamos juntos, en la calle","El Congreso, epicentro de la protesta social","Este miércoles se sumarán a la marcha de los jubilados desde los médicos del Garrahan hasta las organizaciones de la discapacidad y la UTEP, cada uno con su propia agenda de lucha. La sucesora de Bullrich estará al frente del operativo.",Mara Pedrazzoli,2025-12-03 03:01:00+00:00,https://www.pagina12.com.ar/2025/12/02/todos-juntos-en-las-calles-contra-el-ajuste-sin-fin/,el-pais
"Causa Andis, se rompió el pacto de silencio",Un exfuncionario indagado confirmó los sobreprecios en medicamentos y los arreglos con algunas droguerías,Spagnuolo busca ensuciar la investigación para desacreditar los famosos audios donde habla de corrupción y coimas en la Rosada.,Irina Hauser,2025-12-02 03:01:00+00:00,https://www.pagina12.com.ar/2025/12/02/causa-andis-se-rompio-el-pacto-de-silencio-2/,el-pais
Seis días de paro y un amparo judicial por la ley de financiamiento educativo,Plan de lucha de los docentes universitarios,La medida de extenderá desde este lunes hasta el sábado y podría afectar las mesas de exámenes. También irán a los tribunales contra el veto presidencial.,Laura Vales,2025-12-02 03:01:00+00:00,https://www.pagina12.com.ar/2025/12/01/siete-dias-de-paro-y-un-amparo-judicial-por-la-ley-de-financiamiento-educativo/,el-pais
"Zambas, chacareras y brindis por la libertad de Cristina Kirchner","""Gran Peña"" del Instituto Patria","Será una celebración de fin de año pero también “un acto político y de amor para nuestra conductora”, dijo Teresa Parodi. La convocatoria es para este sábado en el Saldías.",Mara Pedrazzoli,2025-12-02 03:01:00+00:00,https://www.pagina12.com.ar/2025/12/01/zambas-chacareras-y-brindis-por-la-libertad-de-cristina-kirchner/,el-pais
El “legado” de Bullrich en Seguridad: una reforma penal regresiva,Siempre se puede ser más punitivista,"Según adelantó la ministra, el escrito será presentado en los próximos días para que los legisladores lo traten en sesiones extraordinarias. Desde el gobierno detallaron que buscarán que se agraven todas las penas del código",Melisa Molina,2025-12-02 03:01:00+00:00,https://www.pagina12.com.ar/2025/12/02/el-legado-de-bullrich-en-seguridad-una-reforma-penal-regresiva/,el-pais
"Reforma laboral: Santilli gasta saliva con los gobernadores, pero no consigue apoyo de la CGT",El Gobierno dice tener listo el proyecto,"El ministro sumó el apoyo al texto de Gustavo Valdés, que asumirá en el Senado. Desde la central obrera siguen reclamando diálogo y avisan: “nosotros no estaremos de acuerdo con ninguna reforma regresiva”, dijo Cristian Jerónimo.",Mara Pedrazzoli,2025-12-02 03:01:00+00:00,https://www.pagina12.com.ar/2025/12/01/reforma-laboral-santilli-gasta-saliva-con-los-gobernadores-pero-no-consigue-apoyo-de-la-cgt/,el-pais
Para la SIDE siempre hay plata,El Gobierno aumentó a 26 mil millones el presupuesto de a la secretaría de inteligencia,El área contará con un monto que supera los 100 mil millones. Los jubilados tendrán que esperar (a otro gobierno).,Mara Pedrazzoli,2025-12-02 03:01:00+00:00,https://www.pagina12.com.ar/2025/12/01/para-la-side-siempre-hay-plata/,el-pais
Discurso de aval a una guerra en América,El objetivo de Milei es apoyar a Trump en su ofensiva en el Caribe,"El representante argentino ante la Asamblea de la Corte Penal Internacional reclamó “una acción inmediata” en Venezuela, pese a que no existe orden de captura contra Nicolás Maduro.",Raúl Kollmann,2025-12-02 03:01:00+00:00,https://www.pagina12.com.ar/2025/12/01/discurso-de-aval-a-una-guerra-en-america/,el-pais
"Desde los tribunales de Ushuaia, Sergio Maldonado exigió avances en la causa",A cien meses de la desaparición de Santiago,"Denunció la falta de investigación independiente, de garantías para testigos y familiares, y nuevas injerencias del Poder Ejecutivo. “La investigación continúa sin ser independiente, imparcial y respetuosa de los estándares internacionales aplicables a desapariciones forzadas”.",Mara Pedrazzoli,2025-12-02 00:46:49.979000+00:00,https://www.pagina12.com.ar/2025/12/02/sergio-maldonado-exigio-avances-en-la-causa-que-investiga-la-desaparicion-y-muerte-de-santiago/,el-pais
Un nuevo ascenso para la familia militar,"Antes de asumir, Carlos Presti ya designó a Guillermo Madero a la jefatura de gabinete de Defensa.",Madero es uno de los que sostiene que se “persiguió” a los represores y que hay una “industria del juicio”. Obstaculizó la búsqueda de bebés y visitó represores.,Luciana Bertoia,2025-12-01 22:23:00+00:00,https://www.pagina12.com.ar/2025/11/30/un-nuevo-ascenso-para-la-familia-militar/,el-pais
El Gobierno desmanteló el servicio de calibración del INTI y dejó al Estado sin control técnico,Desregulación que atrasa,"Fue eliminado por decreto. Especialistas alertan que habrá menos capacidad estatal, controles más caros y menos profesionales.",Natalia López Gómez,2025-12-01 20:49:04.930000+00:00,https://www.pagina12.com.ar/2025/12/01/el-gobierno-desmantelo-el-servicio-de-calibracion-del-inti-y-dejo-al-estado-sin-control-tecnico/,el-pais
"El PRO, en pleno caos",El partido amarillo no encuentra el rumbo ante La Libertad Avanza,La falta de conducción los llevó a un debate interno sobre las vacunas.,Werner Pertot,2025-12-01 03:01:00+00:00,https://www.pagina12.com.ar/2025/11/30/el-pro-en-pleno-caos/,el-pais
“La libertad no es tener cuatro laburos”,"Entrevista a Gabriel Salomón, militante de HIJOS y fundador del SIMECA",En los 90s fundó el gremio de cadetes y ahora trabaja de rider. La historia del militante de DDHH que lucha por formalizar al sector.,Mara Pedrazzoli,2025-12-01 03:01:00+00:00,https://www.pagina12.com.ar/2025/11/30/hoy-no-alcanza-ni-con-cuatro-laburos/,el-pais
De gira con la reforma laboral,Acto de Karina Milei y Sebastián Pareja en Mar del Plata,Por falta de objetividad en su desempeño,Mara Pedrazzoli,2025-12-01 03:01:00+00:00,https://www.pagina12.com.ar/2025/11/30/gira-y-acto-libertario-en-mar-del-plata/,el-pais
Un escenario bizarro,"Marilú Quiroz, la AFA y la chatura del debate público",Por falta de objetividad en su desempeño,Eduardo Aliverti,2025-12-01 03:01:00+00:00,https://www.pagina12.com.ar/2025/11/30/un-escenario-bizarro/,el-pais
"Malvinas, pesca y depredación",No disponible,Por falta de objetividad en su desempeño,Mempo Giardinelli,2025-12-01 03:01:00+00:00,https://www.pagina12.com.ar/2025/12/01/malvinas-pesca-y-depredacion/,el-pais
La “segunda etapa” repite la receta de los despidos,La nueva ola de despidos repetirá la vieja fórmula de la no renovación de miles de contratos estatales que vencen a fines de diciembre.,"Según adelantó el jefe de gabinete, comenzará una especie de “auditoría” en todas las carteras del gabinete para a reducir el personal en un 10 por ciento.",Melisa Molina,2025-12-01 03:01:00+00:00,https://www.pagina12.com.ar/2025/11/30/la-segunda-etapa-repite-la-receta-de-los-despidos/,el-pais
De calamares y otros bichos usurpados en el Mar Argentino,No disponible,Por falta de objetividad en su desempeño,Mempo Giardinelli,2025-12-01 00:13:45.685000+00:00,https://www.pagina12.com.ar/2025/12/01/de-calamares-y-otros-bichos-usurpados-en-el-mar-argentino/,el-pais
La “segunda etapa” del Gobierno repite la vieja receta de los despidos,Otra vez el cuento del achique del Estado,"Según adelantó el jefe de gabinete, comenzará una especie de “auditoría” en todas las carteras del gabinete nacional tendiente a reducir el personal público en un 10 por ciento.",Melisa Molina,2025-11-30 23:16:29.355000+00:00,https://www.pagina12.com.ar/2025/11/30/la-segunda-etapa-del-gobierno-repite-la-vieja-receta-de-los-despidos/,el-pais
José Alperovich fue internado y operado de urgencia en el Hospital Italiano,Por una complicación gastrointestinal,"El exgobernador de Tucumán, que cumple condena por abuso sexual en su domicilio en el barrio porteño de Puerto Madero, fue acompañado por su nueva esposa, la exparticipante de Gran Hermano Marianela Mirra.",Mara Pedrazzoli,2025-11-30 22:52:47.858000+00:00,https://www.pagina12.com.ar/2025/11/30/jose-alperovich-fue-internado-y-operado-de-urgencia-en-el-hospital-italiano/,el-pais
“La libertad no es tener tres o cuatro trabajos para poder comer”,"Entrevista a Gabriel Salomón, militante de HIJOS y fundador del SIMECA","Militó en los organismos de derechos humanos y en los 90s fundó el gremio de mensajeros y cadetes. Gabriel, a los 50 años, reparte envíos por aplicaciones para ganarse la vida. En diálogo con Página/12, denunció la precarización laboral del sector.",Mara Pedrazzoli,2025-11-30 21:52:44.303000+00:00,https://www.pagina12.com.ar/2025/11/30/la-libertad-no-es-tener-tres-o-cuatro-trabajos-para-poder-comer/,el-pais
La guerra por la primera minoría en Diputados,La Libertad Avanza intentar romper al peronismo,Unión por la Patria afina los números para blindar la unidad en el Congreso. El santiagueño Zamora no se alineará al Gobierno en ninguna de las dos cámaras.,Paula Marussich,2025-11-30 03:01:00+00:00,https://www.pagina12.com.ar/2025/11/30/la-guerra-por-la-primera-minoria-en-diputados/,el-pais
El operativo para planchar el caso $LIBRA,Buscan desalentar la causa. El Gobierno promovió gestiones para desalentar a la querella y buscarían resarcir a los damnificados.,"Davis, el creador del token, esquivó un congelamiento de fondos y lanzó un fideicomiso para emprendimientos argentinos.",Irina Hauser,2025-11-30 02:30:00+00:00,https://www.pagina12.com.ar/2025/11/30/el-operativo-para-planchar-el-caso-libra/,el-pais
El imán argentino,El gobierno pretende avanzar en una reforma laboral retrógrada a partir de la nueva composición del Congreso.,"Reformar las relaciones laborales y la educación, desconociendo los derechos de los trabajadores y la responsabilidad del Estado, son las metas del gobierno tras las elecciones.",Luis Bruschtein,2025-11-29 03:01:00+00:00,https://www.pagina12.com.ar/2025/11/29/el-iman-argentino/,el-pais
La Legislatura votó la protección especial para dos ex centros clandestinos,"Las bases Bacacay y Pomar, que regenteaba la SIDE","El 15 de diciembre arrancará el juicio por crímenes cometidos en Automotores Orletti y Pomar. Patricio Finnen, un exjerarca de los servicios, estará en el banquillo.",Mara Pedrazzoli,2025-11-29 03:01:00+00:00,https://www.pagina12.com.ar/2025/11/29/la-legislatura-voto-la-proteccion-especial-para-dos-ex-centros-clandestinos/,el-pais
Milei cancela su viaje a Washington: no estará en el sorteo del Mundial 2026,Lo anunció Adorni en redes sociales,"El jefe de Estado había sido invitado por Donald Trump para participar del acto en el Kennedy Center, donde también se prevé la presencia del presidente de la AFA, Claudio “Chiqui” Tapia y el director técnico de la Selección, Lionel Scaloni.",Mara Pedrazzoli,2025-11-29 03:01:00+00:00,https://www.pagina12.com.ar/2025/11/28/milei-cancela-su-viaje-a-washington-no-estara-en-el-sorteo-del-mundial-2026/,el-pais
Los indagados se señalaron entre sí,Culpas cruzadas en la causa de coimas en la Andis,"Uno de los implicados, Eduardo González, apuntó contra Garbellini, el exdirector del organismo y principal señalado en la trama de corrupción en discapacidad.",Mara Pedrazzoli,2025-11-29 03:01:00+00:00,https://www.pagina12.com.ar/2025/11/29/los-indagados-se-senalaron-entre-si/,el-pais
Sigue la sangría de despidos,La empresa textil Coteminas despidió al 10 por ciento de su personal,Una de las empresas más grandes de Santiago del Estero acumula más de 150 desvinculaciones desde que comenzó el gobierno de La Libertad Avanza y paralizó sus actividades por 45 días.,Nicolás Adet Larcher,2025-11-29 03:01:00+00:00,https://www.pagina12.com.ar/2025/11/29/sigue-la-sangria-de-despidos/,el-pais
Contra la precarización laboral,Partido Justicialista,Por falta de objetividad en su desempeño,Mara Pedrazzoli,2025-11-29 03:01:00+00:00,https://www.pagina12.com.ar/2025/11/29/contra-la-precarizacion-laboral/,el-pais
Un fallo a favor de Hayden Davis & cia,Se liberaron los activos de los acusados en el caso LIBRA,La presentación la hicieron los defensores de todos los acusados. Plantearon que inhibirlos era un “exceso inadmisible”.,Mara Pedrazzoli,2025-11-29 03:01:00+00:00,https://www.pagina12.com.ar/2025/11/29/un-fallo-a-favor-de-hayden-davis-cia/,el-pais
Bullrich buscó mostrar que ella manda el Senado,La pelea ente Villarruel y Bullrich,La Rosada hizo una fuerte demostración de poder con la presencia de Karina y Adorni. El pliego de Villaverde en veremos. La jura por los 30 mil que perturbó a Villarruel.,Paula Marussich,2025-11-29 03:01:00+00:00,https://www.pagina12.com.ar/2025/11/29/bullrich-busco-mostrar-que-ella-manda-el-senado-2/,el-pais
El Gobierno demora la jura de Villaverde y apuesta al nuevo Senado,Bullrich reunió a los legisladores libertarios antes de encontrarse nuevamente con Villarruel,"El oficialismo acordó en la reunión de labor parlamentaria aplazar la jura de la rionegrina vinculada a Fred Machado. Especula con la nueva composición de las comisiones, que podría “facilitar el trámite”.",Paula Marussich,2025-11-28 03:01:00+00:00,https://www.pagina12.com.ar/2025/11/28/el-gobierno-demora-la-jura-de-villaverde-y-apuesta-al-nuevo-senado/,el-pais
Un juez procesado por encubrir una masacre,Guillermo Federico Rivarola actuó en la justicia federal durante la dictadura,"En marzo de 1978, sesenta y cinco personas murieron tras una represión del Servicio Penitenciario Federal en el Pabellón Séptimo de Devoto y más de 150 sufrieron tormentos.",Luciana Bertoia,2025-11-28 03:01:00+00:00,https://www.pagina12.com.ar/2025/11/28/un-juez-procesado-por-encubrir-una-masacre/,el-pais
Del “pacto recíproco” a la contrarreforma,No disponible,Por falta de objetividad en su desempeño,Juan Carlos Junio,2025-11-28 03:01:00+00:00,https://www.pagina12.com.ar/2025/11/27/del-pacto-reciproco-a-la-contrarreforma/,el-pais
La Corte rechazó planteos de empresarios,Cuadernos,Por falta de objetividad en su desempeño,Mara Pedrazzoli,2025-11-28 03:01:00+00:00,https://www.pagina12.com.ar/2025/11/28/la-corte-rechazo-planteos-de-empresarios/,el-pais
Misa castrense para Patricia Bullrich y Luis Petri,Agradecimiento,El obispo Santiago Olivera presidió la ceremonia. Agradeció la tarea de ambos y criticó a los gobiernos anteriores por su gestión en materia de defensa y seguridad.,Washington Uranga,2025-11-28 03:01:00+00:00,https://www.pagina12.com.ar/2025/11/27/misa-castrense-para-patricia-bullrich-y-luis-petri/,el-pais
Gobernadores en camino a ser aliados,"Se reunieron Saénz, Jaldo, Figueroa y Jalil junto a legisladores en la Casa de Salta",Los mandatarios del Norte y algunos del Sur podrían armar un interbloque que le permitiría al oficialismo quedar cerca de convertirse en la primera minoría en Diputados.,Melisa Molina,2025-11-28 03:01:00+00:00,https://www.pagina12.com.ar/2025/11/27/gobernadores-en-camino-a-ser-aliados/,el-pais
"Mastropietro, el hombre que supo eludir el secuestro de su celular",La causa de las coimas en Andis,El empresario de aviación está sospechado de participar en el lavado de activos de las coimas en Andis. El juez Casanello había ordenado que una vez que ingresara al país se lo requisara y se le quitara el teléfono. Migraciones se demoró y el aparato desapareció.,Irina Hauser,2025-11-28 03:01:00+00:00,https://www.pagina12.com.ar/2025/11/28/mastropietro-el-hombre-que-supo-eludir-el-secuestro-de-su-celular/,el-pais
La Corte Suprema confirmó la condena de Nicolás Carrizo a un año en suspenso,Por tenencia ilegal de dos DNI,"El líder de Los Copitos, ya sobreseído en la causa por el intento de magnicidio de CFK, fue condenado por haberse encontrado entre sus pertenencias dos documentos de terceras personas en el marco de esa investigación.",Mara Pedrazzoli,2025-11-27 23:25:23.905000+00:00,https://www.pagina12.com.ar/2025/11/27/la-corte-suprema-confirmo-la-condena-de-nicolas-carrizo-a-un-ano-en-suspenso/,el-pais
La disputa de los gobernadores en el Congreso: buscan armar un interbloque con exlibertarios,De cara al 10 de diciembre,"Los mandatarios de las provincias de Salta, Tucumán, Neuquén y Catamarca junto a varios senadores y diputados dieron inicio a las negociaciones para convertirse en la tercera fuerza en el Congreso, de la mano de los que se cayeron del oficialismo. Expectativas y notorias ausencias.",Mara Pedrazzoli,2025-11-27 21:48:14.350000+00:00,https://www.pagina12.com.ar/2025/11/27/la-disputa-de-los-gobernadores-en-el-congreso-buscan-armar-un-interbloque-con-exlibertarios/,el-pais
El Gobierno ultima la entrega de las centrales hidroeléctricas,Aprobó los pliegos técnicos para venderlas,Por falta de objetividad en su desempeño,Mara Pedrazzoli,2025-11-27 13:09:35.734000+00:00,https://www.pagina12.com.ar/2025/11/27/el-gobierno-ultima-la-entrega-de-las-centrales-hidroelectricas/,el-pais
El Gobierno retoma la iniciativa en el Congreso,La Rosada dio a conocer el temario de sesiones extraordinarias,"Presupuesto 2026, inocencia fiscal, las reformas laboral y penal y una iniciativa para resguardar el superávit fiscal formarán parte de los proyectos que se tratarán tras el recambio legislativo. El peronismo no logró modificar la ley de DNU.",Mara Pedrazzoli,2025-11-27 01:06:48.267000+00:00,https://www.pagina12.com.ar/2025/11/27/el-gobierno-retoma-la-iniciativa-en-el-congreso/,el-pais
Quirno presentó la candidatura de Rafael Grossi como secretario general de la ONU,Lo anunció en sus redes sociales,"El ministro de Relaciones Exteriores aprovechó para cuestionar la eficacia y prestigio de la ONU, alineándose con Trump.",Mara Pedrazzoli,2025-11-27 00:03:24.487000+00:00,https://www.pagina12.com.ar/2025/11/27/quirno-presento-la-candidatura-de-rafael-grossi-como-secretario-general-de-la-onu/,el-pais
Se filtró un borrador de la reforma educativa y el Gobierno ahora busca congelar el debate,"""Hay pacto de confidencialidad y no se puede difundir"", dijo Losada","“Hay filtraciones que no hacen bien a lo que nosotros queremos hacer”, dijo Carolina Losada, integrante del Consejo de Mayo, el órgano encargado de trabajar en la modificación de la ley de educación vigente.",Mara Pedrazzoli,2025-11-26 22:14:20.776000+00:00,https://www.pagina12.com.ar/2025/11/26/se-filtro-un-borrador-de-la-reforma-educativa-y-el-gobierno-ahora-busca-congelar-el-debate/,el-pais
Nueva marcha de jubilados: reclamo por aumento y medicamentos,Por derechos básicos,"Exigen una jubilación mínima justa, movilidad bimestral y la restitución de medicamentos gratuitos del PAMI.",Mara Pedrazzoli,2025-11-26 20:24:25.052000+00:00,https://www.pagina12.com.ar/2025/11/26/nueva-marcha-de-jubilados-reclamo-por-aumento-y-medicamentos/,el-pais
Milei reunió a todo el Gabinete para blindar la unidad y empujar reformas en el Congreso,"""Tropa"" unida","En una cumbre a puertas cerradas, el Presidente ordenó la estrategia de las sesiones extraordinarias para avanzar con la reforma laboral y el Presupuesto 2026.",Mara Pedrazzoli,2025-11-26 20:15:06.377000+00:00,https://www.pagina12.com.ar/2025/11/26/milei-reunio-a-todo-el-gabinete-para-blindar-la-unidad-y-empujar-reformas-en-el-congreso/,el-pais
El Gobierno confirmó que enviará la reforma laboral al Congreso,El próximo 9 de diciembre,"Después de que dejaran filtrarse distintas versiones del proyecto, el oficialismo confirmó que enviará el proyecto que se tratará con la nueva composición de las Cámaras. La CGT y la UIA no estarían de acuerdo con el documento.",Mara Pedrazzoli,2025-11-26 18:30:36.246000+00:00,https://www.pagina12.com.ar/2025/11/26/el-gobierno-confirmo-que-enviara-la-reforma-laboral-al-congreso/,el-pais
Un Encuentro para exigir la libertad de Cristina Kirchner,Organizado por la Red Federal de Derechos Humanos,El evento será el próximo 6 de diciembre en la Facultad de Ciencias Sociales de la UBA y tendrá como eje de debate el encarcelamiento de la expresidenta.,Mara Pedrazzoli,2025-11-26 17:47:02.424000+00:00,https://www.pagina12.com.ar/2025/11/26/un-encuentro-para-exigir-la-libertad-de-cristina-kirchner/,el-pais
“Broma de mal gusto o intereses espurios”: la comunidad armenia rechazó el acto negacionista de Villarruel junto a Turquía,En el Senado de la Nación,"En la exposición la Vicepresidenta convalidó el discurso del embajador turco, mientras su país no solo continúa negando el Genocidio, sino que apoyó a Azerbaiyán en la limpieza étnica de Artsaj.",Mara Pedrazzoli,2025-11-26 15:03:28.376000+00:00,https://www.pagina12.com.ar/2025/11/26/broma-de-mal-gusto-o-intereses-espurios-la-comunidad-armenia-rechazo-el-acto-negacionista-de-villarruel-junto-a-turquia/,el-pais
Javier Milei: reunión de Gabinete y del Consejo de Mayo,La agenda del Gobierno,"El Presidente estuvo en la primera reunión de gabinete oficial encabezada por Adorni en la Casa Rosada. En tanto, el Consejo de Mayo se reúne para avanzar en la presentación de los proyectos legislativos que quiere impulsar el Gobierno.",Mara Pedrazzoli,2025-11-26 12:40:19.080000+00:00,https://www.pagina12.com.ar/2025/11/26/javier-milei-reunion-de-gabinete-y-del-consejo-de-mayo/,el-pais
Kicillof y Otermín recorrieron la obra de ampliación del Polo Educativo de Barrio Nueva Esperanza,No disponible,Por falta de objetividad en su desempeño,Mara Pedrazzoli,2025-11-26 06:44:00+00:00,https://www.pagina12.com.ar/2025/11/26/kicillof-y-otermin-recorrieron-la-obra-de-ampliacion-del-polo-educativo-de-barrio-nueva-esperanza/,el-pais
$LIBRA: Hayden Davis y un fideicomiso muy flojo de papeles,"Lanzó ""The Libra Trust"" para intentar esquivar a la justicia","La plataforma fue lanzada minutos antes de una audiencia a la que el empresario cripto estaba citado por la jueza de Nueuva York, y luego de varios movimientos sospechosos del botín de la estafa.",Mara Pedrazzoli,2025-11-26 03:01:00+00:00,https://www.pagina12.com.ar/2025/11/26/libra-hayden-davis-y-un-fideicomiso-muy-flojo-de-papeles/,el-pais
"Los organismos de derechos humanos marcharán contra la represión, el ajuste y la reforma laboral de Milei",Nueva Marcha de la Resistencia,La concentración está convocada para el próximo 11 de diciembre en Plaza de Mayo.,Mara Pedrazzoli,2025-11-26 01:03:00.179000+00:00,https://www.pagina12.com.ar/2025/11/26/los-organismos-de-derechos-humanos-marcharan-contra-la-represion-el-ajuste-y-la-reforma-laboral-de-milei/,el-pais
Luciana Bertoia premiada,Premio 2025 “Oscar R. Cardoso”,Por falta de objetividad en su desempeño,Mara Pedrazzoli,2025-11-25 23:51:23.079000+00:00,https://www.pagina12.com.ar/2025/11/25/luciana-bertoia-premiada/,el-pais
“Está mucho más animado”,La evolución de Pablo Grillo tras su última operación,Por falta de objetividad en su desempeño,Mara Pedrazzoli,2025-11-25 22:49:00+00:00,https://www.pagina12.com.ar/2025/11/24/pablo-grillo-fue-operado-por-octava-vez-y-evoluciona-favorablemente/,el-pais
Fabiola Yañez retiró la demanda en España y el conflicto con Alberto Fernández vuelve a la Argentina,Regreso y litigio familiar,La exprimera dama concentra la pelea judicial por su hijo en Buenos Aires.,Mara Pedrazzoli,2025-11-25 22:25:24.405000+00:00,https://www.pagina12.com.ar/2025/11/25/fabiola-yanez-retiro-la-demanda-en-espana-y-el-conflicto-con-alberto-fernandez-vuelve-a-la-argentina/,el-pais
"“Es una impugnación política”, dijo Bullrich para defender a la narcosenadora Lorena Villaverde",El escándalo salpica a la banca libertaria,"La ministra de Seguridad salió a respaldar a la libertaria rionegrina, señalada por su vínculo con el primo de Fred Machado, Claudio Cicarelli. En 2002, fue detenida en Estados Unidos con dos kilos de cocaína. No obstante, el oficialismo asegura que “Hay mucho ruido y pocas nueces” y le baja el precio a la impugnación de su cargo.",Mara Pedrazzoli,2025-11-25 22:20:51.839000+00:00,https://www.pagina12.com.ar/2025/11/25/es-una-impugnacion-politica-dijo-bullrich-para-defender-a-la-narcosenadora-lorena-villaverde/,el-pais
Adorni incumplió su promesa de campaña y firmó su renuncia a la Legislatura,Quién ocupará su banca,"El jefe de Gabinete deja vacante el cargo para el que fue electo en los comicios porteños de mayo. Como candidato, había asegurado que las candidaturas testimoniales son “un fraude”.",Mara Pedrazzoli,2025-11-25 18:50:16.736000+00:00,https://www.pagina12.com.ar/2025/11/25/adorni-incumplio-su-promesa-de-campana-y-firmo-su-renuncia-a-la-legislatura/,el-pais
Presti no se saca el uniforme para asumir como ministro,"""Voy a seguir con jerarquía militar""",El jefe del Estado Mayor Conjunto aseguró que no renunciará a su condición militar para hacerse cargo del Ministerio de Defensa.,Mara Pedrazzoli,2025-11-25 17:24:59.779000+00:00,https://www.pagina12.com.ar/2025/11/25/presti-no-se-saca-el-uniforme-para-asumir-como-ministro/,el-pais
"Para Vidal, “la etapa de pintarse de violeta se va agotando”",Los intentos por revivir al PRO,Por falta de objetividad en su desempeño,Mara Pedrazzoli,2025-11-25 15:29:26.392000+00:00,https://www.pagina12.com.ar/2025/11/25/para-vidal-la-etapa-de-pintarse-de-violeta-se-va-agotando/,el-pais
La agenda de Javier Milei y su gobierno,Con las sesiones extraordinarias en la mira,"El Presidente recibe al canciller de Israel, Gideon Sa’ar, en Casa Rosada para reafirmar su alianza incondicional con ese país. Santilli sigue con sus reuniones con gobernadores.",Mara Pedrazzoli,2025-11-25 11:15:37.598000+00:00,https://www.pagina12.com.ar/2025/11/25/la-agenda-de-javier-milei-y-su-gobierno/,el-pais
No todo es con Estados Unidos,El último informe de Pulsar UBA y los cambios en la percepción social con EE.UU,"Según el último diagnóstico de Creencias Sociales, China aparece mejor valorado.",Mara Pedrazzoli,2025-11-25 00:49:48.232000+00:00,https://www.pagina12.com.ar/2025/11/25/no-todo-es-con-estados-unidos/,el-pais
El Gobierno quiere hablar de reforma laboral con la CGT,"La Rosada habilitó un encuentro con Santilli, pero en la central desconfían","La nueva conducción ya dio señales de estar abierta a sentarse a discutir el texto, pero para eso piden conocer el articulado. A priori, rechazan los cambios de Milei.",Mara Pedrazzoli,2025-11-25 00:10:00+00:00,https://www.pagina12.com.ar/2025/11/23/el-gobierno-quiere-hablar-de-reforma-laboral-con-la-cgt/,el-pais
El franquismo después de Franco,Opinión,Por falta de objetividad en su desempeño,Mempo Giardinelli,2025-11-24 23:47:00+00:00,https://www.pagina12.com.ar/2025/11/23/el-franquismo-despues-de-franco/,el-pais
"Con la PSA y Gendarmería dedicados a la represión, crean la Policía Migratoria",Bajo la órbita del ministerio de Seguridad,"El gobierno argumenta que “hace falta profesionalizar” el control de fronteras. No queda claro cuál es el beneficio de la nueva estructura. Estará compuesta por miembros de otras fuerzas, sin experiencia en vigilancia fronteriza.",Mara Pedrazzoli,2025-11-24 19:52:36.145000+00:00,https://www.pagina12.com.ar/2025/11/24/con-la-psa-y-gendarmeria-dedicados-a-la-represion-crean-la-policia-migratoria/,el-pais
Murió el histórico dirigente justicialista Juan José Mussi,A los 84 años,El intendente de Berazategui se encontraba internado en el Hospital de Alta Complejidad El Cruce – Néstor Kirchner debido a complicaciones pulmonares.,Mara Pedrazzoli,2025-11-24 18:16:34.418000+00:00,https://www.pagina12.com.ar/2025/11/24/murio-juan-jose-mussi-intendente-de-berazategui/,el-pais
“Es una provocación”: Estela de Carlotto rechazó la designación de Presti,Un militar al ministerio de Defensa,La titular de Abuelas remarcó que “las políticas de Estado las manejan los civiles” y calificó como “peligrosa” la decisión de Javier Milei de nombrar como ministro a un militar en funciones.,Mara Pedrazzoli,2025-11-24 14:49:09.312000+00:00,https://www.pagina12.com.ar/2025/11/24/es-una-provocacion-estela-de-carlotto-rechazo-la-designacion-de-presti/,el-pais
Él,Opinión,Reflexiones sobre el libro “Un ciudadano común en dictadura” de Víctor Hugo Morales y otros documentos.,Jorge Majfud,2025-11-24 12:00:46.311000+00:00,https://www.pagina12.com.ar/2025/11/24/el/,el-pais
“Hoy no vivimos en un país libre”,El mensaje de Cristina Kirchner a las mujeres reunidas en Corrientes,El punto cúlmine del 38 EPM fue “la playa de Cristina” en la Costanera. Miles bramaron contra la proscripción de la líder del PJ.,Andrea de los Reyes,2025-11-24 03:32:00+00:00,https://www.pagina12.com.ar/2025/11/23/una-multitud-clamo-en-corrientes-por-la-libertad-de-cristina-clone/,el-pais
"La discapacidad, al borde del “colapso”",Nuevas críticas al ajuste sin fin en la Andis,Por falta de objetividad en su desempeño,Mara Pedrazzoli,2025-11-24 03:01:00+00:00,https://www.pagina12.com.ar/2025/11/23/la-discapacidad-al-borde-del-colapso/,el-pais
Cómo es la reforma de la Ley de Glaciares que tiene en carpeta el gobierno de Milei,Sin límites para la entrega de los recursos naturales,"El Presidente adelantó que su objetivo es que “cada provincia determine cuál es la zona periglaciar”, lo que abriría las puertas a proyectos petroleros y mineros hoy prohibidos por la norma vigente.",Mara Pedrazzoli,2025-11-24 03:01:00+00:00,https://www.pagina12.com.ar/2025/11/23/como-es-la-reforma-de-la-ley-de-glaciares-que-tiene-en-carpeta-el-gobierno-de-milei/,el-pais
"Milman, un candidato a perseguir los migrantes",Bullrich lo protege y los promueve para la Dirección Nacional de Migraciones,"El diputado está procesado desde su paso por la Dirección de Inteligencia Criminal. Pruebas demoledoras, agentes truchos, firmas falsificadas y contrato a modelos.",Raúl Kollmann,2025-11-23 03:01:00+00:00,https://www.pagina12.com.ar/2025/11/23/milman-un-candidato-a-perseguir-los-migrantes/,el-pais
El macrismo de Córdoba pasó del kilómetro cero a la década perdida,El PRO se quedó sin representación cordobesa en el Congreso,"Hace exactamente diez años, un millón y medio de cordobeses votaron a Macri y lo lanzaron al sillón presidencial. Hoy, el partido está intervenido y balcanizado.",Mara Pedrazzoli,2025-11-23 03:01:00+00:00,https://www.pagina12.com.ar/2025/11/23/el-macrismo-de-cordoba-paso-del-kilometro-cero-a-la-decada-perdida/,el-pais
ONU: Argentina votó en contra de eliminar la tortura,Por el alineamiento de Milei con EEUU e Israel,Por falta de objetividad en su desempeño,Mara Pedrazzoli,2025-11-23 03:01:00+00:00,https://www.pagina12.com.ar/2025/11/23/onu-argentina-voto-en-contra-de-eliminar-la-tortura/,el-pais
"El hijo del Tigre Acosta, el jefe de la ESMA,fue cobijado por Alberto Baños cuando era juez",El hombre de los derechos humanos en el gobierno de Milei,"En su tribunal, Baños les decía a sus empleados que el mundo se dividía en dos: la civilización occidental y cristiana, por un lado, y el ERP, por el otro. En esa dependencia, había cobijado al hijo de Jorge “Tigre” Acosta, el jefe de inteligencia del grupo de tareas que operaba en la ESMA.",Luciana Bertoia,2025-11-23 03:01:00+00:00,https://www.pagina12.com.ar/2025/11/23/un-secretario-derecho-y-humano/,el-pais
El Gobierno intenta romper al peronismo en Diputados,Las batallas por el Congreso que se viene,"Ante la estrategia de LLA, la expresidenta Cristina Kirchner busca contener a los legisladores del bloque. Las negociaciones con los gobernadores.",Mara Pedrazzoli,2025-11-23 03:01:00+00:00,https://www.pagina12.com.ar/2025/11/23/el-gobierno-intenta-romper-al-peronismo-en-diputados/,el-pais
Calificaron como un “retroceso enorme” la designación de Presti como ministro de Defensa,Es la primera vez que un militar ocupa ese rol desde el regreso de la democracia,"El Gobierno también nombró a la reemplazante de Patricia Bullrich en Seguridad, será Alejandra Monteoliva.",Mara Pedrazzoli,2025-11-23 03:01:00+00:00,https://www.pagina12.com.ar/2025/11/22/calificaron-como-un-retroceso-enorme-la-designacion-de-presti-como-ministro-de-defensa/,el-pais
"Quién es Carlos Alberto Presti, el jefe del Ejército que se suma al Gabinete",Reemplazará a Luis Petri en el Ministerio de Defensa,"Con este nombramiento, se convierte en el primer militar desde 1983 en asumir al frente de un ministerio. Además, es hijo del represor Roque Presti, comandante del Regimiento de Infantería 7 de La Plata durante la dictadura.",Mara Pedrazzoli,2025-11-22 20:52:39.839000+00:00,https://www.pagina12.com.ar/2025/11/22/quien-es-carlos-alberto-presti-el-jefe-del-ejercito-que-se-suma-al-gabinete/,el-pais
El Gobierno designó a los reemplazos de Bullrich y Petri,Cambios en el Gabinete,"Alejandra Monteoliva, del riñón de la senadora electa, quedará al frente del Ministerio de Seguridad. En Defensa estará el militar Carlos Alberto Presti, hijo del genocida  Carlos Roque Presti.",Mara Pedrazzoli,2025-11-22 19:52:32.437000+00:00,https://www.pagina12.com.ar/2025/11/22/el-gobierno-designo-a-los-reemplazos-de-bullrich-y-petri/,el-pais
Argentina no acompañó el documento final circulado durante la Cumbre del G20,A contramano del mundo,"En sintonía con la postura de Donald Trump, el Gobierno argentino resolvió no acompañar el documento final del foro internacional. Las justificaciones de Cancillería.",Mara Pedrazzoli,2025-11-22 16:02:57.453000+00:00,https://www.pagina12.com.ar/2025/11/22/argentina-no-acompano-el-documento-final-circulado-durante-la-cumbre-del-g20/,el-pais
Un recambio de legisladores que tensiona al Congreso,El nuevo escenario parlamentario,"El 28N el Senado definirá si rechaza o no a la libertaria Villaverde por su vínculos con el narcotráfico. En Diputados, el 3D se resolverá si LLA logra o no desplazar a UxP de la primera minoría.",Mara Pedrazzoli,2025-11-22 03:01:00+00:00,https://www.pagina12.com.ar/2025/11/22/un-recambio-de-legisladores-que-tensiona-al-congreso/,el-pais
Años de soledad,Reflexiones a partir de una derrota,Por falta de objetividad en su desempeño,Rafael Bielsa,2025-11-21 22:40:42.948000+00:00,https://www.pagina12.com.ar/2025/11/21/anos-de-soledad/,el-pais
Argentina Week: Javier Milei confirmó su participación en el evento organizado por el JP Morgan,Otro viaje del Presidente,El mandatario volverá a viajar a Estados Unidos en marzo del año que viene para participar de un foro organizado por el gran banco estadounidense.,Mara Pedrazzoli,2025-11-21 19:38:40.836000+00:00,https://www.pagina12.com.ar/2025/11/21/argentina-week-javier-milei-confirmo-su-participacion-en-el-evento-organizado-por-el-jp-morgan/,el-pais
Macri se saca culpas y responsabiliza a Bullrich y Rodríguez Larreta por la caída del PRO,"“Priorizaron su proyecto de poder""",Por falta de objetividad en su desempeño,Mara Pedrazzoli,2025-11-21 14:57:15.906000+00:00,https://www.pagina12.com.ar/2025/11/21/macri-se-saca-culpas-y-responsabiliza-a-bullrich-y-rodriguez-larreta-por-la-caida-del-pro/,el-pais
Causa Andis: el viaje de Spagnuolo a Israel frustado por Karina y la guerra en Gaza,Revelaciones del expediente de las coimas,"A mediados de junio, el exfuncionario pretendía hacer una gira por medio oriente que fue frustada por la hermana del Presidente. Antes, le pidió $5 millones en efectivo a Calvete, el intermediario con las droguerías",Mara Pedrazzoli,2025-11-21 04:05:00+00:00,https://www.pagina12.com.ar/2025/11/20/causa-andis-el-viaje-de-spagnuolo-a-israel-frustado-por-karina-y-la-guerra-en-gaza/,el-pais
El RENAPER quedó para Santilli,Milei modificó una ley para devolver a ese organismo al ministerio de Interior,"Solo Deporte quedó bajo la órbita del exdiputado del PRO, mientras que Ambiente y Turismo quedaron en manos de la jefatura de Gabinete que conduce Manuel Adorni.",Mara Pedrazzoli,2025-11-21 03:49:00+00:00,https://www.pagina12.com.ar/2025/11/21/el-renaper-quedo-para-santilli/,el-pais
La UTA hará paro de colectivos si las empresas no cumplen con los sueldos,Lo confirmó Mario Caligari,La medida se llevará a cabo en aquellas compañías que no paguen los salarios el cuarto día hábil de diciembre.,Mara Pedrazzoli,2025-11-21 03:45:00+00:00,https://www.pagina12.com.ar/2025/11/21/la-uta-hara-paro-de-colectivos-si-las-empresas-no-cumplen-con-los-sueldos/,el-pais
"Hebe eterna, a tres años de su muerte",El recuerdo a la presidenta de la Asociación Madres de Plaza de Mayo,Por falta de objetividad en su desempeño,Mara Pedrazzoli,2025-11-21 01:29:50.671000+00:00,https://www.pagina12.com.ar/2025/11/21/hebe-eterna-a-tres-anos-de-su-muerte/,el-pais
Un represor que organiza una marcha pro-impunidad desde su prisión domiciliaria,Se trata de Orlando González,El “Hormiga” fue condenado a perpetua por crímenes de lesa humanidad en la ESMA. Era quien fotografiaba a sus víctimas.,Luciana Bertoia,2025-11-21 00:55:00.970000+00:00,https://www.pagina12.com.ar/2025/11/21/un-represor-que-organiza-una-marcha-pro-impunidad-desde-su-prision-domiciliaria/,el-pais
Los gobernadores del Norte Grande unificaron sus reclamos a Milei,El Norte Grande se planta,"Mientras el Gobierno nacional busca sumar apoyos para el Presupuesto, los mandatarios provinciales establecieron una agenda de demandas que incluye coparticipación, presupuesto para los sistemas previsionales provinciales y obra pública. El catamarqueño, Raúl Jalil, fue electo como nuevo presidente pro tempore en reemplazo de Gerardo Zamora.",Nicolás Adet Larcher,2025-11-21 00:53:59.735000+00:00,https://www.pagina12.com.ar/2025/11/21/los-gobernadores-del-norte-grande-unificaron-sus-reclamos-a-milei/,el-pais
Otro pacto infame,Opinión,Por falta de objetividad en su desempeño,Juan Carlos Junio,2025-11-21 00:08:21.815000+00:00,https://www.pagina12.com.ar/2025/11/21/otro-pacto-infame/,el-pais
El foco en los ataques a la prensa,"Los ataques a la libertad de expresión, denunciados ante la CIDH",Por primera vez hubo una audiencia especialmente convocada por el tema. El gobierno tuvo que responder pero negó y minimizó todo lo expuesto.,Mara Pedrazzoli,2025-11-20 03:00:00+00:00,https://www.pagina12.com.ar/2025/11/20/el-foco-en-los-ataques-a-la-prensa-clone-clone/,el-pais
"El pliego de Villaverde, la narcosenadora, a un paso del rechazo",Reunión de la comisión de Asuntos Constitucionales del Senado,La mayoría de los senadores firmaron un despacho para impedir el ingreso de la aspirante rionegrina libertaria.,Mara Pedrazzoli,2025-11-20 02:29:09.749000+00:00,https://www.pagina12.com.ar/2025/11/20/el-pliego-de-villaverde-la-narcosenadora-a-un-paso-del-rechazo/,el-pais
Coimas en la Andis: Spagnuolo negó lo innegable y no respondió las preguntas del juez,"El exabogado de Milei no sabe, no contesta","La indagatoria ante Casanello lo hizo salir de la cueva tras largos meses. Pero no quiso declarar. Su defensa sigue sosteniendo que los audios fueron generados con IA, pero las pruebas hasta lo muestran en la puerta de uno de los operadores con un bolso “para transportar valores”. Este jueves le toca a Garbellini.",Mara Pedrazzoli,2025-11-20 01:43:00+00:00,https://www.pagina12.com.ar/2025/11/20/coimas-en-la-andis-spagnuolo-nego-lo-innegable-y-no-respondio-las-preguntas-del-juez/,el-pais
La defensa de los amigos de Milei,"Davis y Ventures sostuvieron que la acusación fue planteada “de mala fe""",En la presentación a la justicia de Nueva York el empresario Hayden Mark Davis argumentó que la acusación carece de sustento para la imputación bajo la ley RICO.,Mara Pedrazzoli,2025-11-20 01:35:00+00:00,https://www.pagina12.com.ar/2025/11/20/la-defensa-de-los-amigos-de-milei/,el-pais
El foco en los ataques a la prensa,"Los ataques a la libertad de expresión, denunciados ante la CIDH",Por primera vez hubo una audiencia especialmente convocada por el tema. El gobierno tuvo que responder pero negó y minimizó todo lo expuesto.,Mara Pedrazzoli,2025-11-20 01:30:53.138000+00:00,https://www.pagina12.com.ar/2025/11/20/el-foco-en-los-ataques-a-la-prensa/,el-pais
El Gobierno insiste con el desguace en los medios públicos,"Habilitará los retiros voluntarios en Radio Nacional, la TV Pública y Télam",La decisión no se formalizará hasta que se concrete la creación de la nueva Secretaría de Medios.,Mara Pedrazzoli,2025-11-20 01:16:19.190000+00:00,https://www.pagina12.com.ar/2025/11/20/el-gobierno-insiste-con-el-desguace-en-los-medios-publicos/,el-pais
"Silenciar a Cristina Kirchner, como sea",Comodoro Py busca acallar a la expresidenta,"Fuerte restricción a las visitas que recibe, en sintonía con el coro mediático-político-judicial alineado con el macrismo, el mileismo y el embajador de los Estados Unidos.",Raúl Kollmann,2025-11-20 01:02:51.729000+00:00,https://www.pagina12.com.ar/2025/11/20/silenciar-a-cristina-kirchner-como-sea/,el-pais
El peronismo intentará votar la ley de DNU,Movimiento de Unión por la Patria en el Senado,"Lo confirmó el titular del interbloque, José Mayans.",Mara Pedrazzoli,2025-11-20 00:52:06.093000+00:00,https://www.pagina12.com.ar/2025/11/20/el-peronismo-intentara-votar-la-ley-de-dnu/,el-pais
Los jubilados se movilizaron desde el Congreso hasta Plaza de Mayo,Entregaron un petitorio con miles de firmas,"Hubo un operativo policial desmedido de las fuerzas federales y porteñas, pero sin heridos ni detenidos.",Mara Pedrazzoli,2025-11-20 00:21:19.951000+00:00,https://www.pagina12.com.ar/2025/11/20/los-jubilados-se-movilizaron-desde-el-congreso-hasta-plaza-de-mayo/,el-pais
En la Rosada dicen que el caso Andis no los afectará,Javier Milei condecoró al músico Andrea Bocelli,En el entorno de la hermana presidencial dicen que la investigación no la afectará porque ella “no puede hacerse cargo de lo que pasó abajo”.,Mara Pedrazzoli,2025-11-20 00:19:59.986000+00:00,https://www.pagina12.com.ar/2025/11/20/en-la-rosada-dicen-que-el-caso-andis-no-los-afectara/,el-pais
La Legislatura porteña declaró de interés el documental que narra la vida y lucha de Taty Almeida,Un homenaje a la militancia de la presidenta de Madres-Línea Fundadora,El reconocimiento se entregó por impulso del legislador Juan Pablo O’Deizalle ante un salón repleto de militantes por los derechos humanos.,Mara Pedrazzoli,2025-11-19 00:22:32.938000+00:00,https://www.pagina12.com.ar/2025/11/19/la-legislatura-portena-declaro-de-interes-el-documental-que-narra-la-vida-y-lucha-de-taty-almeida/,el-pais
Casación pide acelerar el juicio de la causa Cuadernos,Los jueces se reunieron con los integrantes del Tribunal Oral Federal Nº7,Buscan hacer coincidir las condenas con las elecciones presidenciales del 2027.,Mara Pedrazzoli,2025-11-19 00:19:21.312000+00:00,https://www.pagina12.com.ar/2025/11/19/casacion-pide-acelerar-el-juicio-de-la-causa-cuadernos/,el-pais
“La reforma laboral de Milei no ofrece ninguna solución”,La CGT apuntó contra el Gobierno,"Los integrantes del nuevo triunvirato se reunieron con diputados del peronismo. Finalizada la reunión, Sola dio por hecho que la reforma laboral “no va a dar ninguna solución al crecimiento del país”.",Mara Pedrazzoli,2025-11-19 00:11:31.027000+00:00,https://www.pagina12.com.ar/2025/11/19/la-reforma-laboral-de-milei-no-ofrece-ninguna-solucion/,el-pais
Confirman el procesamiento del infiltrado que se jactaba de haber entregado a 147 militantes,"Se trata de Gabriel Kesler, ex agente de inteligencia","La Casación Federal, con los votos de Mariano Borinsky y Gustavo Hornos, revocó una falta de mérito que había dictado la Cámara de Rosario.",Mara Pedrazzoli,2025-11-19 00:07:26.696000+00:00,https://www.pagina12.com.ar/2025/11/19/confirman-el-procesamiento-del-infiltrado-que-se-jactaba-de-haber-entregado-a-147-militantes/,el-pais
Causa Vialidad: ordenan decomisar los bienes de Cristina Kirchner,La medida alcanza a Lázaro Báez y a sus hijos Máximo y Florencia,Por falta de objetividad en su desempeño,Mara Pedrazzoli,2025-11-19 00:00:24.061000+00:00,https://www.pagina12.com.ar/2025/11/19/causa-vialidad-ordenan-decomisar-los-bienes-de-cristina-kirchner/,el-pais
$LIBRA: Milei aportó una “colaboración imprescindible” para la estafa,La Comisión Investigadora del Congreso concluyó que el Presidente tuvo responsabilidad política en el fraude,"Los diputados presentaron su informe final con pruebas que comprometen al libertario desde el origen mismo del criptoescándalo. Dejaron la puerta abierta al juicio político, aunque se cuidaron de explicitarlo.",Mara Pedrazzoli,2025-11-18 23:55:45.796000+00:00,https://www.pagina12.com.ar/2025/11/18/el-camino-de-la-gran-estafa-informe-final/,el-pais
La oposición buscará impugnar el pliego de Villaverde en el Senado,Por su vínculo con Fred Machado,"El posible financiamiento sucio, que habría provenido del narcotráfico, complican la jura de la libertaria rionegrina en la Cámara baja.",Mara Pedrazzoli,2025-11-18 23:53:53.401000+00:00,https://www.pagina12.com.ar/2025/11/18/la-oposicion-buscara-impugnar-el-pliego-de-villaverde-en-el-senado/,el-pais
Confirmaron procesamiento de Alberto Fernández en la causa Seguros,Fallo de la sala II de la Cámara Federal porteña,Es por presunta defraudación al Estado y negociaciones incompatibles con la función pública.,Mara Pedrazzoli,2025-11-18 22:56:29.733000+00:00,https://www.pagina12.com.ar/2025/11/18/confirmaron-procesamiento-de-alberto-fernandez-en-la-causa-seguros/,el-pais
Santilli mete la cuchara en la oposición y busca romper los bloques de Fuerza Patria,Se reunirá con Gerardo Zamora,"El ministro del Interior visitará Santiago del Estero en un una paravada de su gira con gobernadores. Busca aliados clave para el Prespuesto y la agenda de reformas, además de anotarse en las posibles fisuras de la oposición en el Congreso.",Mara Pedrazzoli,2025-11-18 22:46:40.008000+00:00,https://www.pagina12.com.ar/2025/11/18/santilli-mete-la-cuchara-en-el-pj-y-apuesta-a-romper-el-bloque-de-union-por-la-patria/,el-pais
La Iglesia pidió “voluntad política” para sancionar la ley de ludopatía,Reclamo a los senadores,La Pastoral Social exigió celeridad a la Cámara alta en el tratamiento del proyecto y denunció que las apuestas on line “están matando vidas”.,Washington Uranga,2025-11-18 21:49:49.591000+00:00,https://www.pagina12.com.ar/2025/11/18/la-iglesia-pidio-voluntad-politica-para-sancionar-la-ley-de-ludopatia/,el-pais
Pilar Calveiro: “En el presente hay una desaparición de lo social y lo político”,Entrevista con la autora de De matar a dejar morir,"La doctora en Ciencias Políticas presenta su nuevo libro en el que analiza las biopolíticas de selección de la vida: en el nazismo, en los ‘70 y en la actualidad con la irrupción de las nuevas derechas.",Luciana Bertoia,2025-11-18 01:30:28.279000+00:00,https://www.pagina12.com.ar/2025/11/18/pilar-calveiro-en-el-presente-hay-una-desaparicion-de-lo-social-y-lo-politico/,el-pais
Ahora Patricia Bullrich se dedica a perseguir sindicalistas,La ministra dice que las críticas son un atentado contra el orden constitucional,Por falta de objetividad en su desempeño,Mara Pedrazzoli,2025-11-18 01:16:53.188000+00:00,https://www.pagina12.com.ar/2025/11/18/ahora-patricia-bullrich-se-dedica-a-perseguir-sindicalistas/,el-pais
La tentación por romper bloques peronistas,Los gobernadores que planean sacar a sus legisladores de las bancadas de UxP,Algunos jefes provinciales ven más conveniente negociar con la Casa Rosada de manera individual que dentro de un bloque muy opositor como el de Unión por la Patria.,Mara Pedrazzoli,2025-11-18 00:56:00+00:00,https://www.pagina12.com.ar/2025/11/17/la-tentacion-por-romper-bloques-peronistas/,el-pais
“El ex juez Alberto Baños miente”,Los organismos de Derechos Humanos repudian las expresiones negacionistas del gobierno ante la ONU,Las organizaciones rechazaron las expresiones del subsecretario de DDHH ante el Comité Contra la Tortura de la ONU.,Mara Pedrazzoli,2025-11-18 00:40:40.534000+00:00,https://www.pagina12.com.ar/2025/11/18/organismos-contra-banos/,el-pais
El PJ quiere construir estrategia,El peronismo definirá respuesta ante las reformas que propone Milei,Por falta de objetividad en su desempeño,Mara Pedrazzoli,2025-11-18 00:17:00+00:00,https://www.pagina12.com.ar/2025/11/17/el-pj-quiere-construir-estrategia/,el-pais
El gobierno justificó en la ONU la represión a la protesta,La exposición de la delegación gubernamental argentina en el Comité contra la Tortura de la ONU,Los funcionarios de Milei respaldaron la aplicación del protocolo antipiquete y la represión de la protesta social por las fuerzas de seguridad.,Mara Pedrazzoli,2025-11-18 00:03:45.179000+00:00,https://www.pagina12.com.ar/2025/11/18/el-gobierno-justifico-en-la-onu-la-represion-a-la-protesta/,el-pais
Casa Rosada sigue a la pesca de gobernadores,El gobierno prometió compartir borrador del proyecto de reforma laboral con gobernadores,"Santilli avanza en las negociaciones por la obra pública, el debate por los fondos y el apoyo para impulsar las leyes que le importan a Milei.",Mara Pedrazzoli,2025-11-17 22:13:15.558000+00:00,https://www.pagina12.com.ar/2025/11/17/casa-rosada-sigue-a-la-pesca-de-gobernadores/,el-pais
Polémica por la vasectomía: para Lilia Lemoine están “castrando machos”,Confundió vasectomía con castración,La diputada se quejó de la campaña del gobierno bonaerense que promueve vasectomías gratuitas.,Mara Pedrazzoli,2025-11-17 21:52:58.452000+00:00,https://www.pagina12.com.ar/2025/11/17/polemica-por-la-vasectomia-para-lilia-lemoine-estan-castrando-machos/,el-pais
Argentina tiene los sueldos más bajos de la región y un salario mínimo por debajo del 2001,Milei lo hizo,Un informe del Celag muestra que el país quedó último en el ranking latinoamericano.,Mara Pedrazzoli,2025-11-17 20:10:37.018000+00:00,https://www.pagina12.com.ar/2025/11/17/argentina-tiene-los-sueldos-mas-bajos-de-la-region-y-un-salario-minimo-por-debajo-del-2001/,el-pais
Reunión con gobernadores para negociar el Presupuesto 2026,Leandro Zdero y Alberto Weretilneck visitaron Casa Rosada,Los mandatarios de Chaco y Río Negro mantuvieron encuentros individuales con Manuel Adorni y Diego Santilli.,Mara Pedrazzoli,2025-11-17 18:26:07.952000+00:00,https://www.pagina12.com.ar/2025/11/17/reunion-con-gobernadores-para-negociar-el-presupuesto-2026/,el-pais
“764″ amenaza en universidades,Investigan a un supuesto exalumno de la UNTreF,"El grupo neonazi norteamericano operan en plataformas, extorsionan menores y llegó a la Argentina.",Mara Pedrazzoli,2025-11-17 00:27:22.853000+00:00,https://www.pagina12.com.ar/2025/11/17/764-amenaza-en-universidades/,el-pais
"Zamora se separa, pero no tanto",A partir de diciembre el Frente Cívico por Santiago busca mantener su autonomía en el Congreso,Santiago del Estero volverá a tener un bloque propio en el Congreso por fuera de Unión por la Patria,Nicolás Adet Larcher,2025-11-17 00:05:46.604000+00:00,https://www.pagina12.com.ar/2025/11/17/zamora-se-separa-pero-no-tanto/,el-pais
Idas y vueltas en los ministerios de Milei,Quieren volver a modificar la ley de Ministerios,"Continúan las marchas y contramarchas en áreas sensibles. El RENAPER, que quedó bajo el ala de Bullrich, podría volver a la cartera de Santilli.",Mara Pedrazzoli,2025-11-16 23:27:35.423000+00:00,https://www.pagina12.com.ar/2025/11/16/idas-y-vueltas-en-los-ministerios-de-milei/,el-pais
Repudio a la mentira de la “memoria amplia”,Los organismos de derechos humanos en alerta,"La repercusión de las declaraciones del Subsecretario de Derechos Humanos de la Nación, Alberto Baños, con un discurso de tinte negacionista.",Washington Uranga,2025-11-16 22:39:01.716000+00:00,https://www.pagina12.com.ar/2025/11/16/repudio-a-la-mentira-de-la-memoria-amplia/,el-pais
Un gobierno en ofensiva completa,"Los últimos pasos del Ejecutivo para llegar al ""acuerdo comercial""","Un pacto de concesiones con Estados Unidos donde en realidad, concede solamente la Argentina.",Eduardo Aliverti,2025-11-16 22:23:35.535000+00:00,https://www.pagina12.com.ar/2025/11/16/un-gobierno-en-ofensiva-completa/,el-pais
La historia de una Madre,Taty Almeida,Por falta de objetividad en su desempeño,Mara Pedrazzoli,2025-11-16 14:54:00+00:00,https://www.pagina12.com.ar/2025/11/16/la-historia-de-una-madre/,el-pais
La Comisión Investigadora del caso $LIBRA presenta el martes el informe final,Sostienen que el trabajo contempla detalles que refuerzan la sospecha de que hubo una estafa,Diez cuerpos con las pruebas recabadas durante meses de labor.,Mara Pedrazzoli,2025-11-16 13:57:15.973000+00:00,https://www.pagina12.com.ar/2025/11/16/la-comision-investigadora-del-caso-libra-presenta-el-martes-el-informe-final/,el-pais
"Lugar común, la coima: Macri, Milei, Spagnuolo y la trama detrás de los sobreprecios y el 3% para la Rosada",El rejunte de macristas que manejaba los curros de la ANDIS,"Pablo Atchahabian, un exfuncionario de Cambiemos, ordenaba desde afuera fraccionar pagos a las droguerías y hasta los despidos en la propia agencia. En los chats se habla de que “podemos sacar entre 1.600 y 1.700 palos”. El rol de los Menem y la ruta del blanqueo que llega hasta Espert.",Raúl Kollmann,2025-11-16 02:30:00+00:00,https://www.pagina12.com.ar/2025/11/16/el-rejunte-de-macristas-que-manejaba-las-coimas-de-la-andis/,el-pais
Libertarios a la caza de gobernadores,La batalla del Gobierno de Javier Milei para sumar votos en el Congreso,"El mapa de los mandatarios: los opositores,  los desobedientes, los dialoguistas y los amigos del Gobierno.",Analía Argento,2025-11-16 00:49:28.728000+00:00,https://www.pagina12.com.ar/2025/11/16/libertarios-a-la-caza-de-gobernadores/,el-pais
“Los golpistas simplemente han sofisticado sus métodos”,El mensaje de CFK r sobre el empleo del lawfare como herramienta de persecución,"En pleno desarrollo del juicio de los cuadernos, la titular del PJ envió una reflexión desde San José 1111 que publicó en sus redes la diputada Vanesa Siley. “Aunque cambiaron las formas, el objetivo sigue siendo exactamente el mismo, impedir que los pueblos gobiernen su propio destino”, dijo.",Mara Pedrazzoli,2025-11-16 00:26:51.671000+00:00,https://www.pagina12.com.ar/2025/11/16/los-golpistas-simplemente-han-sofisticado-sus-metodos/,el-pais
Procesan al policía que fraguó los cuadernos de Centeno,El juez Martínez de Giorgi confirmó que Jorge Bacigalupo alteró los famosos cuadernos,Las pericias demostraron que hubo enmiendas y tachaduras en los escritos del chofer y que luego se usaron para armar la causa penal.,Raúl Kollmann,2025-11-15 02:33:53.395000+00:00,https://www.pagina12.com.ar/2025/11/15/procesan-al-policia-que-fraguo-los-cuadernos-de-centeno/,el-pais
Adorni ve el despegue de la Argentina,"El jefe de Gabinete ya ve un ""segundo semestre""","Como en el macrismo, el funcionario habla de que llegarán inversiones, empleo y hasta la recuperación del salario",Mara Pedrazzoli,2025-11-15 02:01:44.705000+00:00,https://www.pagina12.com.ar/2025/11/15/adorni-ve-el-despegue-de-la-argentina/,el-pais
"Spagnuolo a indagatoria, Atchabahian detenido y “graves hechos de corrupción” al descubierto",Fallo explosivo del juez en la causa por las coimas en la ANDIS,"Casanello ordenó llamar a indagatoria al extitular de la ANDIS y a otros 14 personajes involucrados en las coimas. Fue a pedido de la fiscalía, que desnudó el modus operandi de los sobreprecios. Cómo operaba el entramado para robarles a las personas con discapacidad.",Matías Ferrari,2025-11-15 01:07:33.369000+00:00,https://www.pagina12.com.ar/2025/11/15/spagnuolo-a-indagatoria-atchabahian-detenido-y-graves-hechos-de-corrupcion-al-descubierto/,el-pais
Crece el repudio al subsecretario de DDHH por su discurso negacionista ante la ONU,“Un papelón internacional”,"“Es repudiable, como todo lo que hace este gobierno”, afirmó Taty Almeida, presidenta de Madres de Plaza de Mayo-Línea Fundadora.",Mara Pedrazzoli,2025-11-15 01:00:20.210000+00:00,https://www.pagina12.com.ar/2025/11/15/crece-el-repudio-al-subsecretario-de-ddhh-por-su-discurso-negacionista-ante-la-onu/,el-pais
Se cumplieron las 72 horas del paro de docentes universitarios,Sin respuesta del Gobierno Nacional,Los gremios reclaman la aplicación de la Ley de Financiamiento,Mara Pedrazzoli,2025-11-15 00:47:48.873000+00:00,https://www.pagina12.com.ar/2025/11/15/se-cumplieron-las-72-horas-del-paro-de-docentes-universitarios/,el-pais
La gira del dúo Karina-Menem,"El ""Tour del Agradecimiento"" de la hermana presidencial",Corrientes fue la primera provincia de la recorrida de la presidenta de La Libertad Avanza y el presidente de la Cámara de Diputados.,Mara Pedrazzoli,2025-11-15 00:33:10.086000+00:00,https://www.pagina12.com.ar/2025/11/15/la-gira-del-duo-karina-menem/,el-pais
El tour de Santilli siguió en la Mesa del cobre,Mantuvo una reunión con Cornejo en Mendoza,"Se sumaron Marcelo Orrego (San Juan), Carlos Sadir (Jujuy) y Raúl Jalil (Catamarca).",Mara Pedrazzoli,2025-11-15 00:16:00.775000+00:00,https://www.pagina12.com.ar/2025/11/15/el-tour-de-santilli-siguio-en-la-mesa-del-cobre/,el-pais
La Otra Historia,No disponible,Por falta de objetividad en su desempeño,José Manuel Ubeira,2025-11-14 23:50:42.697000+00:00,https://www.pagina12.com.ar/2025/11/14/la-otra-historia/,el-pais
"Antes de los shows, Noel Gallagher visitó el Cementerio de la Recoleta y la Bombonera",El tour porteño del líder de Oasis,Por falta de objetividad en su desempeño,Mara Pedrazzoli,2025-11-14 23:27:16.510000+00:00,https://www.pagina12.com.ar/2025/11/14/antes-de-los-shows-noel-gallagher-visito-el-cementerio-de-la-recoleta-y-la-bombonera/,el-pais
Igualar para arriba,No disponible,Por falta de objetividad en su desempeño,Matías Barroetaveña y Darío Romano,2025-11-14 23:10:57.551000+00:00,https://www.pagina12.com.ar/2025/11/14/igualar-para-arriba/,el-pais
El duro combate en Comodoro Py,Los camaristas pretenden acelerar el juicio oral,La Cámara de Casación quiere que el desarrollo del juicio termine coincidiendo con el calendario electoral de 2027. Las presiones.,Raúl Kollmann,2025-11-14 02:38:18.642000+00:00,https://www.pagina12.com.ar/2025/11/14/el-combate-en-comodoro-py/,el-pais
Los cuadernos fueron alterados,Jorge Bacigalupo acusado,El juez Martínez de Giorgi procesó al amigo de Centeno. Dice q los cuadernos en gran parte fueron dictados.,Raúl Kollmann,2025-11-14 02:20:13.036000+00:00,https://www.pagina12.com.ar/2025/11/14/los-cuadernos-fueron-alterados/,el-pais
La tortura judicial: cuatro casos de apremios y extorsiones para conseguir arrepentimientos,Cristina Kirchner denunció cómo fue quebrado su contador,"Página/12 pudo saber que el caso del contador de CFK está en línea con lo sucedido con el propio chofer Centeno, que firmó bajo amenaza su declaración de 300 páginas sin leerla, o el conocido empresario Aldo Roggio.",Raúl Kollmann,2025-11-14 01:46:04.797000+00:00,https://www.pagina12.com.ar/2025/11/14/a-los-arrepentidos-habria-que-llamarlos-extorsionados/,el-pais
La Rosada busca reunirse con la CGT,"El encuentro, todavía no confirmado, sería en los primeros días de diciembre","La conducción gremial quiere desmontar algunas falsedades del discurso oficial. Por caso, quieren mostrar que los convenios colectivos se vienen actualizando.",Mara Pedrazzoli,2025-11-14 01:16:15.824000+00:00,https://www.pagina12.com.ar/2025/11/14/la-rosada-busca-reunirse-con-la-cgt/,el-pais
El Gobierno confirmó las sesiones extraordinarias mientras busca aliados,Martín Menem también habló del vínculo con el PRO,Quiere avanzar con el Presupuesto y las reformas de “inocencia fiscal” y “modernización laboral”.,Mara Pedrazzoli,2025-11-14 01:12:57.233000+00:00,https://www.pagina12.com.ar/2025/11/14/el-gobierno-confirmo-las-sesiones-extraordinarias-mientras-busca-aliados/,el-pais
Mucha reunión pero con billetera vacía,El ministro del Interior sigue reuniéndose con gobernadores,Santilli recibió a Sáenz de Salta y al tucumano Jaldo. Espera poder sumar a Caputo para hablar en serio con los jefes provinciales.,Mara Pedrazzoli,2025-11-14 00:17:44.183000+00:00,https://www.pagina12.com.ar/2025/11/14/mucha-reunion-pero-con-billetera-vacia/,el-pais
La justicia chaqueña declaró crimen de lesa humanidad la desaparición y muerte de Carlos Tereszecuk,Fue dirigente estudiantil y secretario de los diputados provinciales de Misiones.,El fallo también reconoció los vuelos de la muerte sobre las aguas del Río Paraná como método de exterminio de los genocidas en la zona.,Mara Pedrazzoli,2025-11-13 23:35:26.820000+00:00,https://www.pagina12.com.ar/2025/11/13/la-justicia-chaquena-declaro-crimen-de-lesa-humanidad-la-desaparicion-y-muerte-de-carlos-tereszecuk/,el-pais
Rattazzi estigmatizó a los habitantes del conurbano al defender la reforma laboral,"""Les enseñaron que su vida era narcotráfico, robar o un plan""",Por falta de objetividad en su desempeño,Mara Pedrazzoli,2025-11-13 22:25:14.121000+00:00,https://www.pagina12.com.ar/2025/11/13/rattazzi-estigmatizo-a-los-habitantes-del-conurbano-al-defender-la-reforma-laboral/,el-pais
Cristina Kirchner se reunió con Ricardo Quintela en San José 1111,El tuit de la expresidenta,Por falta de objetividad en su desempeño,Mara Pedrazzoli,2025-11-13 22:00:40.544000+00:00,https://www.pagina12.com.ar/2025/11/13/cristina-kirchner-se-reunio-con-ricardo-quintela-en-san-jose-1111/,el-pais
Macri desentierra su historia familiar en un libro sobre su padre,"Afecto, poder y cuentas pendientes","El expresidente presenta “Franco”, una autobiografía dedicada a su padre, a quien define como su “maestro y mayor antagonista”.",Mara Pedrazzoli,2025-11-13 20:59:09.934000+00:00,https://www.pagina12.com.ar/2025/11/13/macri-desentierra-su-historia-familiar-en-un-libro-sobre-su-padre/,el-pais
El libertario Enzo Fullone negó vínculos con Fred Machado,"“Nunca hablé ni tuve ningún tipo de vínculo con él”, dijo",El excandidato a senador por La Libertad Avanza dijo que no tiene nada que ver con el funcionario acusado de narcotráfico.,Mara Pedrazzoli,2025-11-13 02:03:30.088000+00:00,https://www.pagina12.com.ar/2025/11/13/el-libertario-enzo-fullone-nego-vinculos-con-fred-machado/,el-pais
Julio De Vido quedará detenido este jueves,Le rechazaron un pedido de prisión domiciliaria,Por falta de objetividad en su desempeño,Mara Pedrazzoli,2025-11-13 01:40:56.375000+00:00,https://www.pagina12.com.ar/2025/11/13/julio-de-vido-quedara-detenido-este-jueves/,el-pais
Gases y palos en el Congreso,Detuvieron al Padre Paco durante la represión,"Estuvieron las cuatro fuerzas federales y la Policía de la Ciudad, que según los organismos desplegó “una irracional” violencia.",Mara Pedrazzoli,2025-11-13 01:10:49.369000+00:00,https://www.pagina12.com.ar/2025/11/13/detuvieron-al-padre-paco-olveira-durante-la-represion-en-el-congreso/,el-pais
Piden que Casación haga una audiencia con víctimas y querellantes de lesa humanidad,Por la situación de los represores presos,"Será para analizar el caso de Carlos Ernesto Castillo, el represor de la CNU beneficiado por un fallo de la Corte Suprema.",Mara Pedrazzoli,2025-11-13 01:00:56.749000+00:00,https://www.pagina12.com.ar/2025/11/13/piden-que-casacion-haga-una-audiencia-con-victimas-y-querellantes-de-lesa-humanidad/,el-pais
El “Santilli Tour” debutó de la mano de un viejo conocido,El ministro de Interior visitó Entre Ríos para reunirse con Rogelio Frigerio,"El “colorado” planea seguir visitando provincias y gobernadores aliados. La primera parada estuvo marcada por reclamos de obras y fondos, pese a que provinieron de su excompañero del PRO.",Mara Pedrazzoli,2025-11-13 00:58:30.097000+00:00,https://www.pagina12.com.ar/2025/11/13/el-santilli-tour-debuto-de-la-mano-de-un-viejo-conocido/,el-pais
Paro nacional por las universidades,Un reclamo de tres días por el financiamiento universitario,"Los gremios cuestionan la actitud del gobierno libertario de no aplicar la norma: “Es una actitud autoritaria”, afirman.",Mara Pedrazzoli,2025-11-13 00:15:41.200000+00:00,https://www.pagina12.com.ar/2025/11/13/un-reclamo-en-todo-el-pais-por-la-aplicacion-de-la-ley-de-financiamiento-universitario/,el-pais
"Debutó en la mesa chica, pero el malhumor del “Colorado” sigue creciendo",Reunión de mesa chica y pelea por el RENAPER,"A Santilli le prometieron que le devolverán el Registro Nacional de las Personas, aunque el decreto con la confirmación aún no llega. La hermanísima le vació funciones y el Presidente lo puso a trabajar con los gobernadores. El faltazo a la mesa del PRO.",Mara Pedrazzoli,2025-11-13 00:07:23.667000+00:00,https://www.pagina12.com.ar/2025/11/13/debuto-en-la-mesa-chica-pero-el-malhumor-del-colorado-sigue-creciendo/,el-pais
¿El peronismo es de izquierda?,No disponible,Por falta de objetividad en su desempeño,Pedro Peretti,2025-11-12 23:39:13.752000+00:00,https://www.pagina12.com.ar/2025/11/12/el-peronismo-es-de-izquierda/,el-pais
Enemigas íntimas: Bullrich y Villarruel volverán a verse las caras,Reunión este viernes en el Senado.,Por falta de objetividad en su desempeño,Mara Pedrazzoli,2025-11-12 23:30:55.044000+00:00,https://www.pagina12.com.ar/2025/11/12/enemigas-intimas-bullrich-y-villarruel-volveran-a-verse-las-caras/,el-pais
"Murió Dylan, el perro de Alberto Fernández",Tras varios meses de complicaciones de salud,"El expresidente lo despidió con un sentido mensaje en redes sociales. La mascota, que gozó de amplia popularidad durante su mandato, se encontraba desmejorado y con dificultades para desplazarse.",Mara Pedrazzoli,2025-11-12 22:41:14.499000+00:00,https://www.pagina12.com.ar/2025/11/12/murio-dylan-el-perro-de-alberto-fernandez/,el-pais
Milei desreguló los aranceles de la gestión privada en educación,A través del Decreto 787/2025 publicado en el Boletín Oficial,Se esperan fuertes aumentos en las cuotas de los colegios.,Mara Pedrazzoli,2025-11-12 00:52:53.058000+00:00,https://www.pagina12.com.ar/2025/11/12/milei-desregulo-los-aranceles-de-la-gestion-privada-en-educacion/,el-pais
Milei no irá a la cumbre del G20,"En los últimos pasos para la firma de un acuerdo comercial, Argentina camina tras los pasos de Trump","Alineado con el presidente de los Estados Unidos, el Presidente enviará al canciller, Pablo Quirno.",Mara Pedrazzoli,2025-11-12 00:39:00+00:00,https://www.pagina12.com.ar/2025/11/12/milei-no-ira-a-la-cumbre-del-g20-en-sudafrica/,el-pais
Julio de Vido va a quedar detenido,La Corte dejó firme la condena por la tragedia de Once,Los supremos decidieron no revisar el recurso presentado por el exministro de Planificación y así confirmar la pena de manera exprés.,Mara Pedrazzoli,2025-11-12 00:24:32.607000+00:00,https://www.pagina12.com.ar/2025/11/12/julio-de-vido-va-a-quedar-detenido/,el-pais
La llamativa historia del “jubilado” que formó parte de la estafa de $LIBRA,Recibió un millón de dólares de Hayden Davis,Se llama Orlando Rodoflo Mellino y tiene 75 años. En el expediente está señalado como “intermediario” entre Davis y la pata local de la estafa. La hipótesis de que sea un testaferro.,Matías Ferrari,2025-11-12 00:14:21.738000+00:00,https://www.pagina12.com.ar/2025/11/12/la-llamativa-historia-del-jubilado-que-formo-parte-de-la-estafa-de-libra/,el-pais
Los elefantes del Imperio,No disponible,Por falta de objetividad en su desempeño,Federico Lorenz,2025-11-11 22:32:32.512000+00:00,https://www.pagina12.com.ar/2025/11/11/los-elefantes-del-imperio/,el-pais
Milei manda a sus diputados “a estudiar” para evitar nuevos papelones,Libertarios en etapa de aprendizaje,"Tras los escándalos en el recinto, los legisladores de La Libertad Avanza deberán tomar clases sobre el reglamento parlamentario. El curso estará a cargo de Adrián Pagán, un funcionario con más de tres décadas de experiencia en el Congreso.",Mara Pedrazzoli,2025-11-11 22:10:58.096000+00:00,https://www.pagina12.com.ar/2025/11/11/milei-manda-a-sus-diputados-a-estudiar-para-evitar-nuevos-papelones/,el-pais
Julio de Vido va a quedar detenido,La Corte dejó firme la condena por la tragedia de Once,Los supremos decidieron no revisar el recurso presentado por el exministro de Planificación y así confirmar la pena de manera exprés.,Mara Pedrazzoli,2025-11-11 21:00:14.949000+00:00,https://www.pagina12.com.ar/2025/11/11/ordenan-la-detencion-de-de-vido-por-la-tregedia-de-once/,el-pais
Vilar en la previa a la COP 30 en Brasil: “Hay que discutir en serio el modelo de producción”,No disponible,Por falta de objetividad en su desempeño,Mara Pedrazzoli,2025-11-11 18:19:00+00:00,https://www.pagina12.com.ar/2025/11/11/vilar-en-la-previa-a-la-cop-30-en-brasil-hay-que-discutir-en-serio-el-modelo-de-produccion/,el-pais
Adorni y Bullrich con mayor poder,Sus ministerios pasan a controlar más áreas del Estado,La Jefatura de Gabinete y Seguridad se quedan con suma secretarías que eran de Interior.,Mara Pedrazzoli,2025-11-11 13:47:00.696000+00:00,https://www.pagina12.com.ar/2025/11/11/adorni-y-bullrich-acrecientan-su-poder-en-el-gabinete/,el-pais
El Gobierno desreguló los aranceles de los colegios privados,Luz verde para aumentar,"Por decreto, se derogó una norma que regulaba las matrículas y cuotas de las instituciones privadas. Ahora podrán fijar sus montos sin autorización previa del Estado.",Mara Pedrazzoli,2025-11-11 11:35:04+00:00,https://www.pagina12.com.ar/872675-el-gobierno-desregulo-los-aranceles-de-los-colegios-privados,el-pais
Santilli escuchó a Orrego y Llaryora: el diálogo con las provincias arranca con reclamos,Segunda jornada de reuniones en la Rosada,El futuro ministro del Interior recibió a los gobernadores de San Juan y Córdoba. Las provincias esperan respuestas antes de que el Presupuesto 2026 llegue al Congreso.,Mara Pedrazzoli,2025-11-10 21:33:42+00:00,https://www.pagina12.com.ar/872559-santilli-escucho-a-orrego-y-llaryora-el-dialogo-con-las-prov,el-pais
La agenda de Javier Milei: jura de Santilli y negociación con los gobernadores,Las medidas del Gobierno,La Casa Rosada sigue en busca del apoyo de los mandatarios provinciales dialoguistas de cara a las sesiones extraordinarias del Congreso en los que quiere aprobar una reforma tributaria y una laboral.,Mara Pedrazzoli,2025-11-10 11:30:34+00:00,https://www.pagina12.com.ar/872461-javier-milei-en-busca-de-apoyo-de-los-gobernadores-para-su-r,el-pais
"Emisión histórica de Pampa Energía: bono internacional a 12
años",Récord para una empresa privada argentina,"En el marco de un enorme entusiasmo por Argentina, la compañía colocó 450 millones de dólares en el mercado internacional con un cupón de 7,75% y un rendimiento de 8,125%.",Mara Pedrazzoli,2025-11-10 03:10:46+00:00,https://www.pagina12.com.ar/872557-emision-historica-de-pampa-energia-bono-internacional-a-12-a,el-pais
El municipio de Malvinas Argentinas continúa reforzando la seguridad local,Más recursos,El intendente Leo Nardini hizo entrega de recursos informáticos y de comunicación para fortalecer el trabajo policial en el distrito.,Mara Pedrazzoli,2025-11-10 03:10:11+00:00,https://www.pagina12.com.ar/872499-el-municipio-de-malvinas-argentinas-continua-reforzando-la-s,el-pais
El municipio de Malvinas Argentinas continúa reforzando la seguridad local,Más recursos,El intendente Leo Nardini hizo entrega de recursos informáticos y de comunicación para fortalecer el trabajo policial en el distrito.,Mara Pedrazzoli,2025-11-10 03:10:00+00:00,https://www.pagina12.com.ar/2025/11/10/el-municipio-de-malvinas-argentinas-continua-reforzando-la-seguridad-local/,el-pais
Coletazos del narcogate: una denuncia podría frenar la llegada de Lorena Villaverde al Senado,Tensión en La Libertad Avanza de Río Negro,"El pedido judicial busca investigar el financiamiento de la campaña electoral y solicita suspender la jura hasta que se verifique el origen de los fondos utilizados. En el expediente aparecen mencionados Fred Machado y Claudio Cicarelli, figuras con participación en el armado libertario local.",Luciano Barroso,2025-11-10 03:01:00+00:00,https://www.pagina12.com.ar/872348-coletazos-del-narcogate-una-denuncia-podria-frenar-la-llegad,el-pais
El detrás de escena de la visita de Llaryora a la Casa Rosada,Su amistad con Santilli y la necesidad de recursos para Córdoba,"El gobernador estará en Balcarce 50 para fografiarse con el anunicado ministro de Interior, con quien mantiene una relación de años.",Mara Pedrazzoli,2025-11-10 03:01:00+00:00,https://www.pagina12.com.ar/872364-el-detras-de-escena-de-la-visita-de-llaryora-a-la-casa-rosad,el-pais
El peronismo está frente a uno de los mayores desafíos de su historia,"Un oficialismo ordenado, una oposición sumida en internas","El Gobierno avanzará con sus reformas regresivas, mientras el principal partido de oposición sigue sin salir del shock que fue el resultado sorpresa de octubre para propios y extraños. Que no haya una dirección política unificada, o directamente que no haya conducción, es inescindible del presente fragmentado.",Eduardo Aliverti,2025-11-10 03:01:00+00:00,https://www.pagina12.com.ar/872303-el-peronismo-esta-frente-a-uno-de-los-mayores-desafios-de-su,el-pais
"La discapacidad, sin ley y ""sin respuestas"" del Gobierno","La situación sigue siendo de ""gravedad extrema"", según CAIDIS","El representante del Consejo Argentino para la Inclusión de las Personas con Discapacidad (CAIDIS), Alex Goldman, describió un panorama “de gravedad extrema” en todo el país, al denunciar que las i",Mara Pedrazzoli,2025-11-10 03:01:00+00:00,https://www.pagina12.com.ar/872354-la-discapacidad-sin-ley-y-sin-respuestas-del-gobierno,el-pais
"En plena disputa con Milei, Macri reúne al PRO",Convocó al Consejo Nacional del partido para un encuentro este miércoles,"El expresidente y titular del PRO, Mauricio Macri, convocó a su partido para definir el rumbo a seguir, en un contexto de creciente distanciamiento con el gobierno de Javier Milei.",Mara Pedrazzoli,2025-11-10 03:01:00+00:00,https://www.pagina12.com.ar/872367-en-plena-disputa-con-milei-macri-reune-al-pro,el-pais
Paro universitario por 72 horas,Los gremios docentes preparan medidas para la próxima semana,Se hará entre el miércoles y el viernes para reclamarle al Gobierno la implementación de la Ley de Financiamiento Universitario.,Mara Pedrazzoli,2025-11-09 03:01:00+00:00,https://www.pagina12.com.ar/872213-paro-universitario-por-72-horas,el-pais
Alarma en la Rosada por la causa de las coimas en Discapacidad: El 3% no se rinde,Qué pasará tras la jugada de Spagnuolo para pedir el cierre de la investigación,La movida del exfuncionario y de otros imputados acelera la posibilidad de conocer las conversaciones completas del extitular de Andis. Eso reavivó la guerra interna libertaria.,Raúl Kollmann,2025-11-09 03:01:00+00:00,https://www.pagina12.com.ar/872206-un-intento-por-frenar-la-causa-para-salvar-a-la-casa-rosada,el-pais
¿Pueblo?,No disponible,El pueblo no está todo el tiempo presente. Tampoco en unas elecciones.,Jorge Alemán,2025-11-09 03:01:00+00:00,https://www.pagina12.com.ar/872139-pueblo,el-pais
El peronismo busca evitar fisuras en el Congreso,La reorganización en la Cámara de Diputados tras las elecciones,"Como ocurrió en el Senado, se busca que coexistan dos bloques unidos para enfrentar las reformas de La Libertad Avanza. Los debates al interior de las provincias.",Mara Pedrazzoli,2025-11-09 03:01:00+00:00,https://www.pagina12.com.ar/872208-el-peronismo-busca-evitar-fisuras-en-el-congreso,el-pais
Se suma un nuevo aliado de derecha,Milei estuvo en la asunción de Rodrigo Paz Pereira en Bolivia,"Después de otro viaje a EE.UU., Milei fue a La Paz para expresarle su apoyo al presidente electo. ""Sé lo que está recibiendo"", le dijo.",Mara Pedrazzoli,2025-11-09 03:01:00+00:00,https://www.pagina12.com.ar/872212-se-suma-un-nuevo-aliado-de-derecha,el-pais
El adiós a un gran marxista,A los 73 años murió el filósofo y semiólogo italiano Paolo Virno,"El reconocido filósofo marxista italiano, Paolo Virno, murió este viernes a los 73 años.",Mara Pedrazzoli,2025-11-09 00:37:42+00:00,https://www.pagina12.com.ar/872201-el-adios-a-un-gran-marxista,el-pais
Un corte a esta Corte,No disponible,"En los cines y plataformas, La mujer de la fila, basada en la historia de Andrea Casamento, emociona y duele en partes iguales.",Camila Palacin *,2025-11-08 20:04:51+00:00,https://www.pagina12.com.ar/872134-un-corte-a-esta-corte,el-pais
Milei participó de la ceremonia de asunción del presidente Rodrigo Paz Pereira,En La Paz,"El jefe de Estado recibió los honores del país vecino y luego se dirigió a la Asamblea Legislativa realizada en el Parlamento, donde se saludó con el presidente de Chile, Gabriel Boric.",Mara Pedrazzoli,2025-11-08 16:32:41+00:00,https://www.pagina12.com.ar/872111-milei-participo-de-la-ceremonia-de-asuncion-del-presidente-r,el-pais
"Quirno quiso hacerse el patriota con un antepasado que estuvo en la revolución de Mayo, pero no contó que votó por el virrey",No disponible,"El canciller Pablo Quirno quiso hacer gala en la red social X de un antepasado que participó en el Cabildo Abierto del 22 de mayo de 1810, pero omitió un dato importante.",Mara Pedrazzoli,2025-11-08 03:01:00+00:00,https://www.pagina12.com.ar/871940-quirno-quiso-darse-lustre-con-un-antepasado-pero-no-conto-la,el-pais
"Un entusiasta del ""perdón"" a los represores en la Subsecretaría de Derechos Humanos",Designaron a Alfredo Vitolo,"Fue asesor de Claudio Avruj y el macrismo lo postuló para la Comisión Interamericana de Derechos Humanos (CIDH), pero debió bajar su candidatura. Aboga por las amnistías o indultos para responsables de crímenes de lesa humanidad.",Mara Pedrazzoli,2025-11-08 03:01:00+00:00,https://www.pagina12.com.ar/872038-un-entusiasta-del-perdon-a-los-represores-en-la-subsecretari,el-pais
Santilli renunció a su banca de diputado y se reunió con gobernadores aliados,Casa Rosada define su agenda política,"El futuro ministro del Interior, que busca impulsar el Presupuesto 2026 y avanzar con acuerdos para lograr la reforma laboral y tributaria en diciembre, le confirmó su salida a través de una carta al titular de la Cámara Baja Martín Menem. Este viernes por la tarde recibió a Ignacio Torres (Chubut) y a Raúl Jalil (Catamarca), escoltado por el flamante jefe de Gabinete, Manuel Adorni.",Mara Pedrazzoli,2025-11-07 21:37:24+00:00,https://www.pagina12.com.ar/871965-santilli-renuncio-a-su-banca-de-diputado-y-se-reunio-con-gob,el-pais
"Milei buscó convencer a los empresarios con su ""milagro del libre mercado""",En Nueva York,"Se reunió con ejecutivos de multinacionales en el Council of the Americas. Entre promesas de inversión, habló de fe, capitalismo y reformas. Gira presidencial y promesas al capital extranjero",Mara Pedrazzoli,2025-11-07 18:34:59+00:00,https://www.pagina12.com.ar/871918-milei-busco-convencer-a-los-empresarios-con-su-milagro-del-l,el-pais
Los obispos católicos llamaron a estar junto a los que sufren,Finalizó la asamblea episcopal,"El obispo Daniel Fernández, vicepresidente segundo del episcopado, habló en la misa de clausura del ecuentro y pidió a sus colegas compromiso con “cada uno de nuestros hermanos que sufren y con esta realidad que nos toca vivir hoy”. Sostuvo que los obispos deben estar cerca cuando “las familias llevan cargas excesivas y las instituciones públicas no las sostienen adecuadamente”.",Mara Pedrazzoli,2025-11-07 16:17:14+00:00,https://www.pagina12.com.ar/871892-los-obispos-catolicos-llamaron-a-estar-junto-a-los-que-sufre,el-pais
"La inflación de la Ciudad fue de 2,2 por ciento",Los precios siguen subiendo,"Según la medición del Instituto de Estadística y Censos porteño, no se puede frenar el alza del índice que Milei dice haber revertido. Alimentos, transporte, salud y los gastos en vivienda fueron los principales ítems que impulsaron la suba.",Mara Pedrazzoli,2025-11-07 16:05:46+00:00,https://www.pagina12.com.ar/871888-la-inflacion-de-la-ciudad-fue-de-2-2-por-ciento,el-pais
El subsecretario de DDHH fue a la ONU a negar el número de desaparecidos,Alberto Baños en un ataque frontal contra los organismos,El funcionario dio un discurso de tinte negacionista y rompió con la tradición dialoguista de la Argentina en ámbitos internacionales.,Luciana Bertoia,2025-11-07 13:37:00+00:00,https://www.pagina12.com.ar/2025/11/14/el-subsecretario-de-ddhh-fue-a-la-onu-a-negar-el-numero-de-desaparecidos/,el-pais
"Villarruel: ""No robo, laburo mucho y no he realizado traición alguna""","La vicepresidenta, las redes sociales y sus indirectas al presidente Javier Milei","Era un tuit para informar una reunión institucional, pero fue el pretexto perfecto para los trolls libertarios renovaron sus críticas y la acusación de traición al presidente Javier Milei por parte",Mara Pedrazzoli,2025-11-07 09:41:58+00:00,https://www.pagina12.com.ar/871812-villarruel-no-robo-laburo-mucho-y-no-he-realizado-traicion-a,el-pais
Diálogo sobre nuevas culturas digitales y su incidencia en lo social,Asamblea de la Conferencia Episcopal católica,"Los obispos católicos reunidos en asamblea general dedicaron tiempo, con la ayuda de invitados especiales, al análisis sobre plataformas y culturas digitales, nuevas agendas y su incidencia en la vida social. También enviaron una carta al papa León que incluye el respaldo a sus gestiones por la paz en el mundo. La asamblea culmina el viernes.",Mara Pedrazzoli,2025-11-07 09:26:10+00:00,https://www.pagina12.com.ar/871811-dialogo-sobre-nuevas-culturas-digitales-y-su-incidencia-en-l,el-pais
Fernando Iglesias ya se ve como embajador en la Unión Europea,Otro amarillo que se volvió violeta,"Fernando Iglesias, uno de los diputados que durante años vivió aferrado a las polleras de Elisa Carrió, desarrolló una clara habilidad para ir pasando por los partidos de centro derecha sin solució",Mara Pedrazzoli,2025-11-07 01:37:23+00:00,https://www.pagina12.com.ar/871799-fernando-iglesias-ya-se-ve-como-embajador-en-la-union-europe,el-pais
"El Senado, un nuevo escenario de la interna libertaria",Patricia Bullrich toma el control del bloque de LLA,"La ministra reemplazará al jujeño Ezequiel Atauche y así, el Gobierno busca cercar a la vicepresidenta, Victoria Villarruel.",Mara Pedrazzoli,2025-11-07 01:01:16+00:00,https://www.pagina12.com.ar/871795-el-senado-un-nuevo-escenario-de-la-interna-libertaria,el-pais
Spagnuolo cambió de abogado y ahora dice que los audios son falsos,A meses del escándalo de las coimas en ANDIS,El extitular de la Agencia Nacional de Discapacidad modificó sus argumentos en el marco de la causa que investiga la trama de corrupción que involucra a ese organismo estatal y a varios funcionarios de la gestión de Milei.,Mara Pedrazzoli,2025-11-07 00:02:51+00:00,https://www.pagina12.com.ar/871784-spagnuolo-cambio-de-abogado-y-ahora-dice-que-los-audios-son-,el-pais
"""Una verdadera agenda judicial al servicio del ajuste"": Cristina Kirchner sobre el juicio de la causa Cuadernos","Denunció otra ""opereta judicial""","La expresidenta denunció que ""hoy comienza otro show judicial en Comodoro Py"". Dijo que la “operación cuadernos truchos” estaba ""en la heladera, siempre lista para descongelarla cuando hiciera falta"" y resurge ahora ""justo cuando se discute el futuro del trabajo y de las jubilaciones"".",Mara Pedrazzoli,2025-11-06 12:28:16+00:00,https://www.pagina12.com.ar/871628-una-verdadera-agenda-judicial-al-servicio-del-ajuste-cristin,el-pais
El fraude de la causa Cuadernos,El juicio comienza este jueves a las 9.30,"Se estima un proceso judicial que duraría entre dos y tres años. En la mira, una serie de condenas que apuntan, aunque no figure en ningún cuaderno, a la expresidenta.",Raúl Kollmann,2025-11-06 03:01:00+00:00,https://www.pagina12.com.ar/871569-los-increibles-fraudes-de-la-causa-cuadernos,el-pais
¿Cuál es la cuestión?,No disponible,"¿Cuál es la cuestión? Una vez más, esa es la pregunta: ¿cuál es la cuestión política esencial del momento para la oposición?",Juan Carlos Junio,2025-11-06 03:01:00+00:00,https://www.pagina12.com.ar/871572-cual-es-la-cuestion,el-pais
"Fred Machado, esposado y rumbo a Estados Unidos",El financista de Espert fue finalmente extraditado,"Cerca de las 22 horas del miércoles, Federico ""Fred"" Machado, el empresario vinculado al diputado José Luis Espert que está siendo investigado por narcotráfico en Estados Unidos, fue extraditado de",Mara Pedrazzoli,2025-11-06 03:01:00+00:00,https://www.pagina12.com.ar/871574-fred-machado-esposado-y-rumbo-a-estados-unidos,el-pais
La arenga de Milei antes de viajar a Miami,"Ahora no habla del Congreso como un ""nido de ratas"" sino que recibe a los legisladores en la Casa Rosada","Alrededor de cien diputados y senadores electos de LLA fueron recibidos por el Presidente, que quiere sacar las reformas laboral, tributaria y penal en sesiones extraordinarias.",Mara Pedrazzoli,2025-11-06 03:01:00+00:00,https://www.pagina12.com.ar/871576-la-arenga-de-milei-antes-de-viajar-a-miami,el-pais
La jura de Adorni en medio de las internas libertarias,El exvocero asumió como jefe de Gabinete,Los distintos sectores del oficialismo estuvieron en la Casa Rosada.El Gobierno anunció que convocará a sesiones extraordinarias en el Congreso de la Nación entre el 10 y el 31 de diciembre.,Mara Pedrazzoli,2025-11-06 03:01:00+00:00,https://www.pagina12.com.ar/871481-la-jura-de-adorni-en-medio-de-las-internas-libertarias,el-pais
Un abogado que defiende libertarios y acusados de apropiarse de bienes de los desaparecidos de la ESMA,"Es Santiago Viola, apoderado de La Libertad Avanza","La Cámara de Casación rechazó un recurso que había presentado Viola en representación de la contadora Norma Berta Radice. En el fallo, el juez Alejandro Slokar también se diferenció de la Corte Suprema y advirtió sobre el ingreso en ""nuevo pasaje de impunidad"".",Mara Pedrazzoli,2025-11-06 03:01:00+00:00,https://www.pagina12.com.ar/871559-karina-milei-comparte-abogado-con-una-contadora-acusada-de-a,el-pais
“Integración sí… pero sin dominación”,El recuerdo de Cristina Kirchner a 20 años del No al ALCA,"Cristina Fernández de Kirchner recordó este martes la Cumbre de las Américas de 2005 llevada a cabo en Mar del Plata, donde se rechazó un proyecto económico impulsado por George Bush.",Mara Pedrazzoli,2025-11-06 03:01:00+00:00,https://www.pagina12.com.ar/871571-integracion-si-pero-sin-dominacion,el-pais
"Octavio Argüello, Cristian Jerónimo y Jorge Sola integran el nuevo triunvirato de la CGT",El nuevo consejo directivo tiene mandato hasta 2029,La CGT ya tiene nueva conducción que se impuso tras una larga negociación y una contundente votación.,Felipe Yapur,2025-11-06 03:01:00+00:00,https://www.pagina12.com.ar/871482-octavio-arguello-cristian-jeronimo-y-jorge-sola-integran-el-,el-pais
El gobierno postergará la implementación del sistema acusatorio en Comodoro Py,Nueva rendición ante la resistencia de los fiscales,La puesta en marcha pasará para el 27 de abril próximo.,Mara Pedrazzoli,2025-11-06 03:01:00+00:00,https://www.pagina12.com.ar/871558-el-gobierno-postergara-la-implementacion-del-sistema-acusato,el-pais
La justicia alineada absolvió a todos los acusados por la represión contra los obreros de Acindar,Exculpó a dos jerarcas de la siderúrgica,"Roberto Pellegrini, Ricardo Torralvo y otros quince imputados fueron beneficiados por el tribunal de Rosario. La sentencia se inscribe en un clima adverso para las investigaciones por crímenes de lesa humanidad en el que el Poder Judicial empieza a fallar en sintonía con los intereses del gobierno.",Mara Pedrazzoli,2025-11-05 03:01:00+00:00,https://www.pagina12.com.ar/871308-la-justicia-absolvio-a-todos-los-acusados-por-la-represion-c,el-pais
Evo acusó a Milei y a Paz,Bolivia,"El expresidente boliviano Evo Morales denunció en su cuenta de X que Javier Milei y Rodrigo Paz, el nuevo presidente electo de Bolivia, pactaron para deshacerse de él por ser “un peligro par",Mara Pedrazzoli,2025-11-05 03:01:00+00:00,https://www.pagina12.com.ar/871296-evo-acuso-a-milei-y-a-paz,el-pais
Otro intento por sacar a China de la Argentina,El Gobierno decidió suspender el proyecto del Radiotelescopio CART en San Juan,"En junio se venció el contrato de cooperación y no hay avances por parte de la administración de Javier Milei, que está completamente alineada con los Estados Unidos. La Universidad Nacional de San Juan aún no recibió una comunicación oficial.",Mara Pedrazzoli,2025-11-05 03:01:00+00:00,https://www.pagina12.com.ar/871302-otro-intento-por-sacar-a-china-de-la-argentina,el-pais
$LIBRA: Los movimientos de fondos que avalan la hipótesis del contrato firmado por Javier Milei con Hayden Davis,Se detectaron dos transferencias por 550 mil dólares meses antes de la criptoestafa,"La Comisión Investigadora del Congreso reveló que tuvo acceso a dos transacciones hacia una billetera virtual vinculada al fraude en los meses previos. Las fechas y los montos coinciden con lo que apararentemente figura en el acuerdo. Se registró, además, un pago a Mauricio Novelli, exsocio del Presidente, por 30 mil dólares.",Mara Pedrazzoli,2025-11-05 03:01:00+00:00,https://www.pagina12.com.ar/871320-libra-los-movimientos-de-fondos-que-avalan-la-hipotesis-del-,el-pais
El triunfo de la lucha del Garrahan,Los trabajadores del hospital obtuvieron una suba salarial,Tras meses de pelea lograron un aumento del 61 por ciento que incluye un retroactivo correspondiente al mes de octubre.,Mara Pedrazzoli,2025-11-05 03:01:00+00:00,https://www.pagina12.com.ar/871303-el-triunfo-de-la-lucha-del-garrahan,el-pais
Con Lamelas antes de viajar a Estados Unidos,Javier Milei se reunió a solas con el embajador yanqui,"En un nuevo gesto en el marco del alineamiento que el gobierno argentino tiene con el de Estados Unidos, el presidente Javier Milei recibió este martes en la Casa Rosada las cartas credenciales del",Mara Pedrazzoli,2025-11-05 03:01:00+00:00,https://www.pagina12.com.ar/871346-con-lamelas-antes-de-viajar-a-ee-uu,el-pais
El Gobierno postergó el tratamiento del Presupuesto 2026,El oficialismo logró  dictamen  de mayoría y gana tiempo,"El debate se reanudará en las sesiones extraordinarias, cuando cambie la composición del Congreso. Hubo otros tres dictámenes: de Unión por la Patria, de Encuentro Federal y de la izquierda.",Mara Pedrazzoli,2025-11-05 03:01:00+00:00,https://www.pagina12.com.ar/871319-el-gobierno-dilata-el-tratamiento-del-presupuesto-2026,el-pais
La CGT llega a su congreso para renovar autoridades en un clima de tensión,Continúa el debate del perfil que deberá tener la central obrera,"Todos hablan de unidad, los dialoguistas y combativos, pero estos últimos reclaman además un programa de acción frente a Milei que ataca a trabajadores, sus derechos y sindicatos.",Felipe Yapur,2025-11-05 03:01:00+00:00,https://www.pagina12.com.ar/871327-la-cgt-llega-a-su-congreso-para-renovar-autoridades-en-un-cl,el-pais
El Gobierno frenó el proyecto de instalar un nuevo radar espacial de China en San Juan,La inversión estimada era de US$ 350 millones,"La Universidad Nacional de San Juan se pronunció en contra de la decisión debido a que el proyecto estaba basado en un trabajo cooperativo ""genuino"" de más de 30 años de labor científica entre Argentina y China.",Mara Pedrazzoli,2025-11-04 22:09:03+00:00,https://www.pagina12.com.ar/871243-el-gobierno-freno-el-proyecto-de-instalar-un-nuevo-radar-esp,el-pais
TEST - Presupuesto 2026: el Gobierno quiere que se debata en sesiones extraordinarias,LLA obtuvo dictamen de mayoría,El jefe de Gabinete designado confirmó que el Ejecutivo convocará al Congreso desde el 10 de diciembre para tratar el Presupuesto y las reformas prometidas por Javier Milei.,Mara Pedrazzoli,2025-11-04 19:19:34.916000+00:00,https://www.pagina12.com.ar/2025/11/04/test-presupuesto-2026-el-gobierno-quiere-que-se-debata-en-sesiones-extraordinarias/,el-pais
Llamado a construir consensos para gobernar por el bien del pueblo,Arzobispo Colombo en la asamblea episcopal,"El presidente del episcopado afirmó que a la “fiesta de la vida” deben ser invitados “los pobres y los impuros”, reivindicó los reclamos hechos por la Iglesia al solidarizarse con los sectores, grupos y personas afectados por “situaciones de crisis y marginalidad”. Sostuvo también que la construcción permanente de consensos debería ser el norte de quienes quieren gobernar con amor, inteligencia y pasión por el bien de su pueblo.",Mara Pedrazzoli,2025-11-04 03:01:00+00:00,https://www.pagina12.com.ar/871019-llamado-a-construir-consensos-para-gobernar-por-el-bien-del-,el-pais
"$LIBRA: Crecen las evidencias de los negocios de Novelli con Milei, pero la justicia sigue el libreto oficial",Trabas para la comisión investigadora del Congreso,"Novelli le acercó meses antes de la criptoestafa una propuesta amplia de negocios basada en ""monetizar"" las distintas redes sociales del Presidente. Fue  durante una velada de domingo en la quinta de Olivos. Se rechazó un pedido para que quede detenido.",Mara Pedrazzoli,2025-11-04 03:01:00+00:00,https://www.pagina12.com.ar/871036-libra-crecen-las-evidencias-de-los-negocios-de-novelli-con-m,el-pais
Sturzenegger y esa manía de atacar al trabajador,En España reconoció que lo que busca el gobierno es destruir los sindicatos,"El ministro de Desregulación reconoció que para lograr el objetivo se debe hacer prevalecer, como en la Ley Banelco, el convenio colectivo por empresa por encima del general.",Felipe Yapur,2025-11-04 03:01:00+00:00,https://www.pagina12.com.ar/871092-sturzenegger-y-esa-mania-de-atacar-al-trabajador,el-pais
"Represión en el ""Villazo"", la sentencia",67 trabajadores de Acindar fueron torturados y asesinados,"Roberto Pellegrini y Ricardo Torralvo, dos civiles que formaron parte de la estructura jerárquica de la empresa afrontan penas de prisión perpetua.",Mara Pedrazzoli,2025-11-04 03:01:00+00:00,https://www.pagina12.com.ar/871052-represion-en-el-villazo-la-sentencia,el-pais
"Cómo afectaría a la Argentina el ""sacar a China"" del país",Las presiones de Estados Unidos a cambio del rescate financiero,"Desterrar su presencia significaría perder a un socio comercial clave y afectaría a miles de millones de dólares de proyectos del sector energético, obras en infraestructura, asistencia financiera y trabajos de cooperación científica.",Sebastián Cazón,2025-11-04 03:01:00+00:00,https://www.pagina12.com.ar/870907-como-afectaria-a-la-argentina-el-sacar-a-china-del-pais,el-pais
Más cerca de un nuevo defensor del Pueblo de la Nación,Tras 16 años de acefalía,La Comisión Bicameral Permanente define la terna que enviará luego a Diputados y al Senado para el debate.,Mara Pedrazzoli,2025-11-04 00:04:32+00:00,https://www.pagina12.com.ar/871058-mas-cerca-de-un-nuevo-defensor-del-pueblo-de-la-nacion,el-pais
Milei viaja a Estados Unidos a buscar una nueva foto con Trump,Asistirá al American Bussiness Forum,"Del encuentro también participarán su par Donald Trump, la premio Nobel de la Paz 2025 María Corina Machado y hasta el astro del fútbol argentino Lionel Messi. Se trata del viaje número 14 del Presidente a ese país en menos de dos años.",Mara Pedrazzoli,2025-11-03 23:27:11+00:00,https://www.pagina12.com.ar/871035-milei-viaja-a-estados-unidos-a-buscar-una-nueva-foto-con-tru,el-pais
“Gracias Martín Menem”: polémica por adoctrinamiento infantil en excursión escolar,El doble estándar del Gobierno,Un grupo de niños en edad escolar fueron obligados a agradecer al presidente de la Cámara de Diputados de La Libertad Avanza.,Mara Pedrazzoli,2025-11-03 22:10:40+00:00,https://www.pagina12.com.ar/870996-gracias-martin-menem-polemica-por-adoctrinamiento-infantil-e,el-pais
Alejandro Lew será secretario de Finanzas: otro ex JP Morgan en el equipo económico,También fue CEO de YPF,"Lew vuelve al Palacio de Hacienda tras la salida de Quirno, consolidando el perfil promercado del gobierno.",Mara Pedrazzoli,2025-11-03 19:36:03+00:00,https://www.pagina12.com.ar/870952-alejandro-lew-sera-secretario-de-finanzas-otro-ex-jp-morgan-,el-pais
Peter Lamelas asumió como embajador de Estados Unidos en Argentina,Una bienvenida con mensaje político,El canciller Pablo Quirno recibió sus cartas credenciales. La llegada del representante de Trump refuerza el giro proestadounidense del Gobierno de Milei.,Mara Pedrazzoli,2025-11-03 18:32:10+00:00,https://www.pagina12.com.ar/870943-peter-lamelas-asumio-como-embajador-de-estados-unidos-en-arg,el-pais
Santilli aseguró que hará lo que tenga que hacer para lograr las reformas que promete Milei,A la salida de su reunión en la Quinta de Olivos,"El nuevo ministro del Interior y diputado electo, Diego Santilli, aseguró que lo sorprendió el llamad",Mara Pedrazzoli,2025-11-02 23:32:47+00:00,https://www.pagina12.com.ar/870794-santilli-aseguro-que-hara-lo-que-tenga-que-hacer-para-lograr,el-pais
Milei designó a Santilli como ministro del interior y arde la interna oficialista,Se acomodan los jugadores,El Presidente coronó los logros del diputado electo en provincia de Buenos Aires y anunció su designación en las redes sociales.,Mara Pedrazzoli,2025-11-02 21:27:44+00:00,https://www.pagina12.com.ar/870753-milei-designo-a-santilli-como-ministro-del-interior-y-arde-l,el-pais
"Carlos Tomada advirtió que ""no es el momento adecuado para tratar una reforma laboral""",Afirmó que la medida sólo busca beneficiar a las empresas,"El ex ministro de Trabajo de la Nación Carlos Tomada aseguró hoy que “de  ninguna manera es el momento adecuado para tratar una reforma laboral”, en un contexto de “destrucción de trabajo",Mara Pedrazzoli,2025-11-02 16:17:47+00:00,https://www.pagina12.com.ar/870730-carlos-tomada-advirtio-que-no-es-el-momento-adecuado-para-tr,el-pais
"Máximo Kirchner: ""Vamos a dar la pelea""",Habló en la inauguración del Ateneo Néstor Kirchner,Dijo que “de las derrotas también se aprende” y destacó la figura de Cristina y Néstor Kirchner.,Mara Pedrazzoli,2025-11-02 03:01:00+00:00,https://www.pagina12.com.ar/870667-maximo-kirchner-vamos-a-dar-la-pelea,el-pais
Dos informes de inteligencia argentinos dan detalles de la operación en Río de Janeiro,"Drones, armas norteamericanas y la relación con el país","Los documentos indican que aún ninguna de las dos organizaciones narcos brasileñas tienen influencias de relevancia acá. Si bien indican que hay que reforzar la frontera, está lejos del escenario de ""desbande"" que mencionó Patricia Bullrich.",Raúl Kollmann,2025-11-02 03:01:00+00:00,https://www.pagina12.com.ar/870670-dos-informes-de-inteligencia-argentinos-dan-detalles-de-la-o,el-pais
Las señales de alineamiento que la Corte le envió a Javier Milei,Mientras apunta sus cañones hacia CFK y el peronismo,Los supremos persiguen dos objetivos: evitar una ampliación del tribunal y tener poder de veto frente a los nombres de quien podrían ser postulados para integrarse.,Mara Pedrazzoli,2025-11-02 03:01:00+00:00,https://www.pagina12.com.ar/870653-las-senales-de-alineamiento-que-la-corte-le-envio-a-javier-m,el-pais
La CGT puede ser una o dos o tres,El miércoles la central obrera elegirá su nueva conducción,"Hay dialoguistas y combativos. Todos hablan de unidad, pero hay condiciones. Puede haber fractura, pero también un cuarto intermedio salvador que permita avanzar en las negociaciones.",Felipe Yapur,2025-11-02 03:01:00+00:00,https://www.pagina12.com.ar/870676-la-cgt-puede-ser-una-o-dos-o-tres,el-pais
El PROblema de LLA en el Congreso,Se mueven las fichas de la nueva composición legislativa,"Los libertarios quieren expandirse en Diputados, pero tras la fatídica cena entre Milei y Macri peligra la chance de ser primera minoría.",Mara Pedrazzoli,2025-11-02 03:01:00+00:00,https://www.pagina12.com.ar/870671-el-problema-de-lla-en-el-congreso,el-pais
La verdad de la milanesa y la furia de Macri,"Cruces, enojos y repercusiones tras la salida de Guillermo Francos","El expresidente fue con los tapones de punta tras la cena con Milei y le bajó el pulgar a Adorni como Jefe de Gabinete. Desde el Gobierno y al calor de la delaración, aseguraron a Página/12 que no les importa lo que diga.",Mara Pedrazzoli,2025-11-02 03:01:00+00:00,https://www.pagina12.com.ar/870664-la-verdad-de-la-milanesa-y-la-furia-de-macri,el-pais
Un aumento que no es suficiente para el Garrahan,El Gobierno anunció un incremento que no cumple con la ley,Los trabajadores denuncian que los descuentos por los días de paro llegan a 500 mil pesos.,Mara Pedrazzoli,2025-11-02 03:01:00+00:00,https://www.pagina12.com.ar/870668-un-aumento-que-no-es-suficiente-para-el-garrahan,el-pais
Jorge Alemán recibió el Doctorado Honoris Causa de la Universidad Nacional de Córdoba,Psicoanalista y columista de Página/12,"Es por los aportes ""significativos al pensamiento de las Ciencias Humanas y Sociales en general"" que hace el escritor.",Mara Pedrazzoli,2025-11-01 03:01:00+00:00,https://www.pagina12.com.ar/870515-jorge-aleman-recibio-el-doctorado-honoris-causa-de-la-univer,el-pais
Cena de negociación en medio del caos,Macri con Milei,"En la cena de anoche, Presidente no debe haber tenido mucho apetito. Javier Milei compartió un encuentro en la Quinta de Olivos con el expresidente Mauricio Macri, en medio de la fuga de ministros",Mara Pedrazzoli,2025-11-01 03:01:00+00:00,https://www.pagina12.com.ar/870517-cena-de-negociacion-en-medio-del-caos,el-pais
Von Wernich pone presión para que lo dejen salir de la cárcel,El cura represor quiere ir a visitar a su hermano en Corrientes,"Está preso en la Unidad 34 de Campo de Mayo, donde cumple una condena de prisión perpetua por secuestros y asesinatos durante la última dictadura. En un escrito, se presentó como una víctima de ""torturas"" y ""persecución periodística"".",Mara Pedrazzoli,2025-11-01 03:01:00+00:00,https://www.pagina12.com.ar/870510-von-wernich-pone-presion-para-que-lo-dejen-salir-de-la-carce,el-pais
Primeros pasos,Milei se apresuró a cumplir con el pliego de condiciones de Trump tras el triunfo electoral,Gobernadores y cortesanos al pie del cañón. Dos metas: buscar sustentabilidad para las reformas antipopulares y el pago de la deuda y destruir al peronismo.,Luis Bruschtein,2025-11-01 03:01:00+00:00,https://www.pagina12.com.ar/870491-primeros-pasos,el-pais
"CFK: ""Se viene una ofensiva para romper el peronismo y el campo nacional y popular""",La expresidenta analizó la situación política. Críticas a la estrategia electoral bonaerense,"""Se viene una fuerte ofensiva para tratar de romper el peronismo y el campo nacional y popular en su conjunto"", advirtió Cristina Fernández de Kirchner en un texto que publicó tras las elecciones l",Mara Pedrazzoli,2025-11-01 03:01:00+00:00,https://www.pagina12.com.ar/870514-cfk-se-viene-una-ofensiva-para-romper-el-peronismo-y-el-camp,el-pais
El puñal Bullrich a Macri en el Congreso,Estampida de diputados del PRO hacia el bloque de LLA,"Antes de la cumbre de Olivos entre el expresidente y Milei, siete legisladores del partido amarillo oficializaron su salida del bloque.",Mara Pedrazzoli,2025-11-01 03:01:00+00:00,https://www.pagina12.com.ar/870509-el-punal-bullrich-a-macri-en-el-congreso,el-pais
El presidente Milei expulsó al único ministro que dialogaba,Renunció Guillermo Francos que será reemplazado por Manuel Adorni,"Ardió la interna libertaria con una acelerada salida de ministros. A contrareloj, el Gobierno nombra nuevos responables en carteras clave. Lisandro Catalán dejó el Ministerio del Interior y suena el nombre de Santiago Caputo.",Mara Pedrazzoli,2025-11-01 03:01:00+00:00,https://www.pagina12.com.ar/870546-el-presidente-milei-expulso-al-unico-ministro-que-dialogaba,el-pais
Lisandro Catalán también se fue y dejó el Ministerio del Interior,Tras la renuncia de Guillermo Francos,Lo hizo a través de un comunicado publicado en redes sociales.,Mara Pedrazzoli,2025-11-01 00:41:22+00:00,https://www.pagina12.com.ar/870498-lisandro-catalan-tambien-dejo-el-ministerio-del-interior,el-pais
Guillermo Francos renunció como jefe de Gabinete y lo reemplazará Manuel Adorni,Un cambio de figuritas para encarar las reformas que Milei planifica,"A través de las redes sociales, el jefe de ministros comunicó su dimisión debido a los ""persistentes trascendidos sobre modificaciones en el Gabinete Nacional"". Segundos después, la Oficina del Presidente anunció que su lugar lo ocupará el actual vocero.",Mara Pedrazzoli,2025-11-01 00:28:55+00:00,https://www.pagina12.com.ar/870494-guillermo-francos-renuncio-como-jefe-de-gabinete-y-lo-reempl,el-pais
Paro en JetSMART: denuncian despidos y reemplazo de tripulación argentina,La low cost enfrenta un nuevo conflicto,El sindicato de trabajadores de la aerolínea definirá en asamblea la realización de una huelga total de 24 horas a mediados de noviembre. Acusan a la empresa de contratar personal extranjero temporario y desconocer los acuerdos salariales firmados.,Natalia López Gómez,2025-10-31 23:19:13+00:00,https://www.pagina12.com.ar/870471-paro-en-jetsmart-denuncian-despidos-y-reemplazo-de-tripulaci,el-pais
"Guillermo Francos dice que ""petardean"" la reforma laboral",El jefe de Gabinete,La reforma laboral es uno de los objetivos prioritarios para el gobierno de Javier Milei. Lo reconfirmó luego de reunirse con 20 gobernadores.,Mara Pedrazzoli,2025-10-31 03:01:00+00:00,https://www.pagina12.com.ar/870275-guillermo-francos-dice-que-petardean-la-reforma-laboral,el-pais
Los gobernadores que Milei no convocó a la Rosada,"""Es la foto que le pidieron Bessent y Trump""","El convite en Casa Rosada no incluyó a todos los goberndores. Hubo cuatro ellos, todos de extracción peronista, que no fueron de la partida.",Mara Pedrazzoli,2025-10-31 03:01:00+00:00,https://www.pagina12.com.ar/870285-los-gobernadores-que-milei-no-convoco-a-la-rosada,el-pais
"Antes de reunirse con Milei, Macri dice que el PRO tendrá candidato propio en 2027","""Me invitó a comer algunas milanesas""","El expresidente aseguró que su fuerza política ""está más viva que nunca"", pese a haber sido fagocitada por La Libertad Avanza en las últimas elecciones. ""Vamos a hablar, él aceptó que vaya y le diga lo que pienso”, dijo Macri sobre el encuentro que tendrá con Milei.",Mara Pedrazzoli,2025-10-31 03:01:00+00:00,https://www.pagina12.com.ar/870039-antes-de-reunirse-con-milei-macri-dice-que-el-pro-tendra-can,el-pais
Se conoció el escrutinio definitivo en cinco de los distritos más parejos,Aún queda pendiente la provincia de Buenos Aires,"En La Rioja, La Pampa y Santa Cruz se impuso el peronismo, mientras que La Libertad Avanza (LLA) retuvo sus victorias en Chaco y Chubut",Mara Pedrazzoli,2025-10-31 03:01:00+00:00,https://www.pagina12.com.ar/870251-se-conocio-el-escrutinio-definitivo-en-cinco-de-los-distrito,el-pais
Milei consiguió la foto que pedían Bessent y Trump,La reunión con los gobernadores para avanzar en la reforma laboral,El Presidente retomó el diálogo con los mandatarios. El resultado del domingo favoreció el encuentro. La agenda regresiva en materia de derechos que se viene en el Congreso.,Mara Pedrazzoli,2025-10-31 03:01:00+00:00,https://www.pagina12.com.ar/870247-milei-consiguio-la-foto-que-pedian-bessent-y-trump,el-pais
El CELS pidió el procesamiento de un funcionario de Patricia Bullrich,Por la represión del 8M de 2017,"Héctor Cajida es retirado de la Policía Federal y, desde julio de 2024, ejerce como subsecretario de Despliegue Territorial del Ministerio de Seguridad. Sigue interviniendo y da órdenes en los operativos que se montan alrededor del Congreso. Estuvo incluso en el del 12 de marzo, cuando un gendarme disparó contra Pablo Grillo.",Mara Pedrazzoli,2025-10-31 03:01:00+00:00,https://www.pagina12.com.ar/870252-el-cels-pidio-el-procesamiento-de-un-funcionario-de-patricia,el-pais
Milei apuesta a los gobernadores para ganar tiempo con el Presupuesto,Javier Milei quiere que se discuta con el nuevo Congreso,El triunfo electoral del domingo le allanó el camino al Gobierno para la sanción del Presupuesto 2026 que exigen tanto el Tesoro Norteamericano como el Fondo Monetario Internacional.,Mara Pedrazzoli,2025-10-31 03:01:00+00:00,https://www.pagina12.com.ar/870280-milei-apuesta-a-los-gobernadores-para-ganar-tiempo-con-el-pr,el-pais
Respaldo a Kicillof y preocupación por el constante ataque de Milei al pueblo bonaerense,El comunicado de la Mesa de Organismos de Derechos Humanos,"Una delegación de la Mesa de Organismos de Derechos Humanos, encabezada por la querida Taty Almeida, Presidenta de Madres de Plaza de Mayo Línea Fundadora, se reunió con el gobernador Axe",Mara Pedrazzoli,2025-10-31 01:48:47+00:00,https://www.pagina12.com.ar/870256-respaldo-a-kicillof-y-preocupacion-por-el-constante-ataque-d,el-pais
"Milei, a los besos y abrazos con los gobernadores en la Rosada",Llegó para la reunión con los mandatarios provinciales,El Presidente Javier Milei arribó está tarde a la reunión de gobernadores en la Casa Rosada que convocó su gobierno.,Mara Pedrazzoli,2025-10-31 00:15:10+00:00,https://www.pagina12.com.ar/870225-milei-a-los-besos-y-abrazos-con-los-gobernadores-en-la-rosad,el-pais
Milei se reunió con gobernadores en la Rosada para blindar su plan de reformas,Encuentro con ausencias tras las elecciones de medio término,"El Presidente, junto a su gabinete, buscó respaldo político a cuatro días de los comicios legislativos. Pidió apoyo al Presupuesto 2026, a la reforma laboral, tributaria y del código penal. Axel Kicillof, al igual que Gildo Insfrán, Ricardo Quintela y Gustavo Melella, no fueron invitados.",Mara Pedrazzoli,2025-10-30 23:00:16+00:00,https://www.pagina12.com.ar/870209-milei-se-reunio-con-gobernadores-en-la-rosada-para-blindar-s,el-pais
Nos habíamos querido tanto: Milei y Villarruel ya no se siguen en Instagram,"Te amo, te odio, dame más",La tensa relación entre el Presidente y su vice sube una nueva escala de enemistad a través de las redes sociales. Las hipótesis detrás de este nuevo abismo virtual entre ambos.,Mara Pedrazzoli,2025-10-30 03:01:00+00:00,https://www.pagina12.com.ar/869925-nos-habiamos-querido-tanto-milei-y-villarruel-ya-no-se-sigue,el-pais
Puro show tanto para la ultraderecha como para Trump,Patricia Bullrich manda una alerta a las fronteras por la masacre en Rio de Janeiro,"Otra vez en modo show, la ministra de Seguridad, Patricia Bullrich lanzó rápidamente, en paso de comedia, un alerta a las fronteras por el posible “desbande” de integrantes del Comando Vermehlo (CV",Raúl Kollmann,2025-10-30 03:01:00+00:00,https://www.pagina12.com.ar/869975-puro-show-tanto-para-la-ultraderecha-comp-para-trump,el-pais
El regreso de García-Mansilla y las reformas en las que trabaja para el Gobierno,El cortesano puesto a dedo por Javier Milei,Da clases en la Fundación Faro en las que despotrica contra el Poder Judicial mientras redacta una nueva ley para el Consejo de la Magistratura e impulsa las modificaciones de distintos códigos.,Mara Pedrazzoli,2025-10-30 03:01:00+00:00,https://www.pagina12.com.ar/869976-el-regreso-de-garcia-mansilla-y-las-reformas-en-las-que-trab,el-pais
Gases para los jubilados en el Congreso,Nueve heridos en la manifestación de los miércoles,Las fuerzas federales y la policía porteña sumaron alrededor de 800 efectivos para una marcha a la que asistieron cerca de 150 manifestantes.,Mara Pedrazzoli,2025-10-30 03:01:00+00:00,https://www.pagina12.com.ar/869963-gases-para-los-jubilados-en-el-congreso,el-pais
En el gabinete nadie está con el sillón asegurado,No se detiene la danza de nombres y reemplazos en los ministerios,"El Presidente había anunciado después de los comicios del domingo que postergaría los cambios de gabinete hasta       –posiblemente– el 10 de diciembre, pero ayer algo cambió.",Mara Pedrazzoli,2025-10-30 03:01:00+00:00,https://www.pagina12.com.ar/869981-en-el-gabinete-nadie-esta-con-el-sillon-asegurado,el-pais
Alejo Ramos Padilla habló del futuro de las PASO y sugirió anticipar al debate,"""Hay un enorme desafío""",El magistrado recomendó empezar a contemplar las discusiones sobre la continuidad del sistema de las PASO y el perfeccionamiento de la Boleta Única Papel antes de un nuevo año electoral.,Mara Pedrazzoli,2025-10-30 03:01:00+00:00,https://www.pagina12.com.ar/869816-alejo-ramos-padilla-hablo-del-futuro-de-las-paso-y-sugirio-a,el-pais
"Discapacidad: un supuesto ""aumento"" que no cumple con la ley de Emergencia",Críticas de las organizaciones al anuncio del Gobierno,"La ANDIS dictaminó incrementos para los prestadores de apenas un 35 por ciento en tres tramos, cuando la norma votada por el Congreso establecía un piso del 70 por ciento. ""Es repugnante"", denunció la actriz Vanina Bassi.",Mara Pedrazzoli,2025-10-30 03:01:00+00:00,https://www.pagina12.com.ar/869940-discapacidad-un-supuesto-aumento-que-no-cumple-con-la-ley-de,el-pais
Los amarillos que se fundirán en violeta,Buscan un interbloque en Diputados para lograr la primera minoría,Conversaciones entre Martín Menem y Cristian Ritondo para unir a LLA y el PRO.,Mara Pedrazzoli,2025-10-30 03:01:00+00:00,https://www.pagina12.com.ar/869978-los-amarillos-que-se-fundiran-en-violeta,el-pais
La defensa de Guerrero negó que el gendarme “haya disparado intencionalmente” contra Pablo Grillo,Los abogados también dijeron que no es el autor del impacto,La querella rebatió cada uno de los argumentos y solicitó que se confirme el procesamiento.,Mara Pedrazzoli,2025-10-30 03:01:00+00:00,https://www.pagina12.com.ar/869969-la-defensa-de-guerrero-nego-que-el-gendarme-haya-disparado-i,el-pais
Una negociación al pedido de Trump,La reunión con gobernadores en busca de gobernabilidad,Milei y su equipo debe comenzar a dar señales de diálogo tras las indicaciones de Estados Unidos. Quieren avanzar con las reformas laboral y tributaria.,Mara Pedrazzoli,2025-10-30 03:01:00+00:00,https://www.pagina12.com.ar/869973-una-negociacion-al-pedido-de-trump,el-pais
"La reforma migratoria de Milei, a imagen y semejanza de Donald Trump",Xenofobia institucional libertaria,"¿Qué similitudes pueden trazarse entre la feroz reforma migratoria que concretó el Gobierno con el Decreto 366/25 y las políticas expulsivas del Gobierno estadounidense? Dos especialistas, desde el Centro de Estudios Legales y Sociales, ensayan una respuesta y un camino posible.",Mara Pedrazzoli,2025-10-29 11:01:02+00:00,https://www.pagina12.com.ar/869697-la-reforma-migratoria-de-milei-a-imagen-y-semejanza-de-donal,el-pais
Milei prepara su ataque a los derechos laborales,El gobierno anunció un proyecto de ley que reforma la legislación del trabajo,"Como en anteriores gobiernos liberales, Milei pretende desmembrar leyes como la de Contrato de Trabajo y Convenios Colectivos en beneficio de empresas y el capital financiero.",Felipe Yapur,2025-10-29 03:01:00+00:00,https://www.pagina12.com.ar/869702-milei-prepara-su-ataque-a-los-derechos-laborales,el-pais
La Corte Suprema avaló el juicio por la causa de las fotocopias de los Cuadernos,Arranca el 6 de noviembre,"Rechazó más de 20 recursos interpuestos por la expresidenta Cristina Kirchner, funcionarios y empresarios",Mara Pedrazzoli,2025-10-29 03:01:00+00:00,https://www.pagina12.com.ar/869682-la-corte-suprema-avalo-el-juicio-por-la-causa-de-las-fotocop,el-pais
Un honoris causa para Jorge Alemán,Lo otorga la Universidad Nacional de Córdoba,"El próximo viernes 31 de octubre el psicoanalista, filósofo, politólogo y columnista de Página/12, Jorge Alemán, recibirá el doctorado Honoris Causa de la Universidad Nacional de Córdoba (UN",Mara Pedrazzoli,2025-10-29 03:01:00+00:00,https://www.pagina12.com.ar/869703-un-honoris-causa-para-jorge-aleman,el-pais
Bullrich sigue en la defensa de la mano dura,La ministra de Seguridad asisitó a la Comisión de Presupuesto,La ministra y futura senadora evitó responder preguntas por el daño ocasionado a Pablo Grillo. También evadió hablar de José Luis Espert.,Mara Pedrazzoli,2025-10-29 03:01:00+00:00,https://www.pagina12.com.ar/869686-bullrich-sigue-en-la-defensa-de-la-mano-dura,el-pais
Una llamada que no se hizo esperar,Macri y Milei retomaron el diálogo luego de la elección,"“Milei tiene mi número, si necesita algo me va a llamar”, había dejado caer, como quien no quiere la cosa, Mauricio Macri el día de la elección.",Mara Pedrazzoli,2025-10-29 03:01:00+00:00,https://www.pagina12.com.ar/869717-una-llamada-que-no-se-hizo-esperar,el-pais
Pedido de atención hacia los más pobres y frágiles,Iglesia Católica y elecciones,Las autoridades de la Conferencia Episcopal de los obispos católicos emitieron una declaración en relación a las elecciones legislativas para solicitar el compromiso de los elegidos con “quienes más sufren”. Pidieron también también que se fortalezca el diálogo en búsqueda de consensos.,Mara Pedrazzoli,2025-10-29 03:01:00+00:00,https://www.pagina12.com.ar/869647-pedido-de-atencion-hacia-los-mas-pobres-y-fragiles,el-pais
Las posibles sorpresas del escrutinio definitivo,El peronismo pone la mirada en los distritos con mínima diferencia,La paridad provisoria entre las dos fuerzas más votadas en varias provincias hace que el recuento final de votos pueda llegar a ser decisivo en estas elecciones.,Mara Pedrazzoli,2025-10-29 03:01:00+00:00,https://www.pagina12.com.ar/869685-las-posibles-sorpresas-del-escrutinio-definitivo,el-pais
ARA San Juan: La Corte dejó firme el sobreseimiento de Mauricio Macri por el espionaje a las familias,Por un defecto formal,"En su primer acuerdo después de las elecciones, la Corte Suprema dejó firme el sobreseimiento de Mauricio Macri por el espionaje ilegal que sufrieron las familias que reclamaba",Mara Pedrazzoli,2025-10-29 03:01:00+00:00,https://www.pagina12.com.ar/869592-ara-san-juan-la-corte-dejo-firme-el-sobreseimiento-de-mauric,el-pais
Celebrar para seguir buscando,"Las Abuelas festejaron sus 48 años y entregaron los premios ""Abridores de caminos""","Por primera vez, entregaron una distinción a Madres de Plaza de Mayo, Víctor Penchaszadeh, Teatro por la Identidad, Pérez Esquivel, Luis Puenzo, Rep y León Gieco. Con la consigna ""Soy de Abuelas"" reivindicaron una lucha que continúa ""hasta que aparezcan todos los que buscamos"".",Mara Pedrazzoli,2025-10-29 03:01:00+00:00,https://www.pagina12.com.ar/869710-celebrar-para-seguir-buscando,el-pais
Las claves de la flexibilización laboral de Javier Milei: jornadas de 12 horas y cambios en el régimen de licencias,Grave retroceso para los trabajadores,"El documento fue presentado por la legisladora santafesina Romina Diez. Lleva la firma del diputado en licencia por el escándalo narco, José Luis Espert, entre otros legisladores salpicados por alguna u otra causa delictiva.",Mara Pedrazzoli,2025-10-28 17:36:33+00:00,https://www.pagina12.com.ar/869547-las-claves-de-la-flexibilizacion-laboral-de-javier-milei-jor,el-pais
Reapareció Kueider: “Los costos políticos de impulsar la Boleta Única se expresan en causas judiciales inventadas”,Habló el exsenador detenido en Paraguay por contrabando,"El exsenador nacional Edgardo Kueider, detenido en Paraguay por contrabando y lavado de activos, reapareció en sus redes sociales para celebrar la utilización de la Boleta Única de Papel (BUP) en l",Mara Pedrazzoli,2025-10-28 03:01:00+00:00,https://www.pagina12.com.ar/869359-reaparecio-kueider-los-costos-politicos-de-impulsar-la-bolet,el-pais
Santilli se prueba el traje de virtual ministro de Interior,"Tras el triunfo de LLA, se puso al frente del diálogo con los gobernadores","Además de aventurar que va a cumplir su promesa de raparse por haber ganado la elección, Diego Santilli hizo un balance sobre lo que dejó la alianza del PRO con La Libertad Avanza que él espera que",Mara Pedrazzoli,2025-10-28 03:01:00+00:00,https://www.pagina12.com.ar/869350-santilli-se-prueba-el-traje-de-virtual-ministro-de-interior,el-pais
Viento de cola político para recortar derechos,El Gobierno anunció que enviará la reforma laboral al nuevo Congreso,"Milei adelantó que enviará el proyecto en diciembre, con el recambio legislativo. También habrá una reforma impositiva, con apoyo del PRO. Los gobernadores, la clave.",Mara Pedrazzoli,2025-10-28 03:01:00+00:00,https://www.pagina12.com.ar/869406-viento-de-cola-politico-para-recortar-derechos,el-pais
Ganó la derecha en el sur y festejó el norte,"Estados Unidos y la búsqueda del ""manejo en América del Sur""","Trump se adjudicó el triunfo libertario en la lejana Argentina y hasta felicitó a su propio equipo por el resultado. Milei se deshizo en halagos. La limosna es grande y los intereses, enormes.",Mara Pedrazzoli,2025-10-28 03:01:00+00:00,https://www.pagina12.com.ar/869429-gano-la-derecha-en-el-sur-y-festejo-el-norte,el-pais
"Gustavo Sáenz: ""Salta demostró que tiene voz propia""",El gobernador destacó los resultados en la provincia,"Tras las elecciones legislativas nacionales del domingo, el gobernador Gustavo Sáenz destacó el desempeño de su espacio, Primero los Salteños, que se consolidó como segunda fuerza en la prov",Mara Pedrazzoli,2025-10-28 03:01:00+00:00,https://www.pagina12.com.ar/869432-gustavo-saenz-salta-demostro-que-tiene-voz-propia,el-pais
El diálogo entre la Rosada y los gobernadores se reactiva por necesidad mutua,"“Tenemos que sentarnos a buscar nuevos acuerdos”, dijo Milei","La idea del Gobierno es convocar a un encuentro similiar al pacto de mayo antes del recambio legislativo. Bullrich salió a romper puentes, mientras Santilli y Francos se proponen como negociadores.",Mara Pedrazzoli,2025-10-28 03:01:00+00:00,https://www.pagina12.com.ar/869380-el-dialogo-entre-la-rosada-y-los-gobernadores-se-reactiva-po,el-pais
"""Más vivo que nunca en el corazón del pueblo""","El recuerdo de Néstor Kichner, a quince años de su muerte","En el aniversario redondo, fragmentos de sus discursos adquirieron significación especial en este presente de inéditos condicionamientos externos. El libro que Página/12 regala a sus socios.",Mara Pedrazzoli,2025-10-28 03:01:00+00:00,https://www.pagina12.com.ar/869415-mas-vivo-que-nunca-en-el-corazon-del-pueblo,el-pais
No siempre la denuncia cambia la situación,No disponible,Desde hace tiempo insisto en este punto: los medios insisten en describir un gobierno horrible que reprime y humilla de distintos modos a la población. Y esto sin duda es absolutamente cierto.,Jorge Alemán,2025-10-28 03:01:00+00:00,https://www.pagina12.com.ar/869280-no-siempre-la-denuncia-cambia-la-situacion,el-pais
"""Faltan votos"": Capitanich pidió esperar al escrutinio definitivo en Chaco",En el recuento provisorio LLA ganó por unas décimas,"El exgobernador del Chaco y candidato a senador nacional por Fuerza Patria, Jorge Capitanich, advirtió que no va a admitir su aparente derrota frente al oficialismo mileísta en las eleccione",Mara Pedrazzoli,2025-10-28 03:01:00+00:00,https://www.pagina12.com.ar/869237-faltan-votos-capitanich-pidio-esperar-al-escrutinio-definiti,el-pais
Resultados elecciones legislativas 2025: quién ganó y los datos provincia por provincia,El mapa interactivo con los votos en cada distrito,Se votó para la renovación parcial de las Cámaras de Diputados y Senadores. El detalle del conteo en cada lugar de votación.,Mara Pedrazzoli,2025-10-27 11:21:14+00:00,https://www.pagina12.com.ar/868722-resultados-elecciones-legislativas-2025-a-que-hora-se-sabra-,el-pais
Así reflejaron los medios del mundo el triunfo de LLA en las legislativas,Tras los resultados,"En sus titulares la mayoría calificó de ""sorpresivo"" el triunfo del oficialismo, una victoria que señalaron como ""crucial"" para la gestión del ultraderechista.",Mara Pedrazzoli,2025-10-27 11:14:05+00:00,https://www.pagina12.com.ar/869184-asi-reflejaron-los-medios-del-mundo-el-triunfo-de-lla-en-las,el-pais
"La agenda de Javier Milei, mientras avanza el escrutinio definitivo de las elecciones 2025",En ocho provincias podría cambiar el resultado anunciado el domingo,"En Chaco, Chubut, Corrientes, La Pampa, La Rioja, Santa Cruz, Río Negro y Buenos Aires las diferencias fueron mínimas, con lo que los resultados finales podrían modificarse. El recuento comenzó ayer.",Mara Pedrazzoli,2025-10-27 10:37:37+00:00,https://www.pagina12.com.ar/869179-javier-milei-el-dia-despues-de-las-elecciones-el-gabinete-el,el-pais
Trump y Bessent festejaron la victoria que financiaron,La felicitación a Milei y el agradecimiento del argentino,"El mandatario estadounidense escribió un mensaje en el que destacó el triunfo libertario en las legislativas. ""Cuente conmigo para dar la batalla por la civilización occidental"", le respondió Milei.",Mara Pedrazzoli,2025-10-27 10:21:05+00:00,https://www.pagina12.com.ar/869173-trump-y-bessent-festejaron-la-victoria-que-financiaron,el-pais
La Nueva Argentina filogorila,No disponible,"Hace algo menos de 10 años, esta columna se ocupó de la relación entre las islas Malvinas y una Nueva Constitución.",Mempo Giardinelli,2025-10-27 03:01:00+00:00,https://www.pagina12.com.ar/869124-la-nueva-argentina-filogorila,el-pais
"""Acá no perdió ni se rinde nadie""","La lectura del ""voto por miedo"" y la reacción del peronismo",Un resultado a nivel nacional con miradas contrapuestas desde el búnker porteño de Fuerza Patria. Enojos por la lectura de los resultados.,Mara Pedrazzoli,2025-10-27 03:01:00+00:00,https://www.pagina12.com.ar/869128-aca-no-perdio-ni-se-rinde-nadie,el-pais
"Una victoria que no alcanza: Milei ganó, pero sigue sin mayoría propia en el Congreso","Los aliados, claves para la agenda de reformas que proyecta la Rosada","Pese al triunfo, el Gobierno sigue lejos de los números propios necesarios para imponer su agenda en ambas cámaras. En Diputados, La Libertad Avanza tendrá desde diciembre 82 bancas, mientras que en el Senado sumó 13 escaños. El peronismo pierde poder de fuego, pero sigue al frente.",Mara Pedrazzoli,2025-10-27 03:01:00+00:00,https://www.pagina12.com.ar/869125-una-victoria-que-no-alcanza-milei-gano-pero-sigue-sin-mayori,el-pais
Violeta,No disponible,"“El esclavo no sueña con su libertad, sino con tener su propio esclavo”, dijo Cicerón. Habría que agregarle a esa frase que, por esa razón, será esclavo toda su vida.",Luis Bruschtein,2025-10-27 03:01:00+00:00,https://www.pagina12.com.ar/869123-violeta,el-pais
El Frente de Izquierda celebra,"En la elección a Diputados, Myriam Bregman quedó tercera en CABA, arriba de Lousteau","Además, sumaron dos bancas más en la cámara baja por la provincia de Buenos Aires: Romina Del Plá y Del Caño.",Juan Pablo Pucciarelli,2025-10-27 03:01:00+00:00,https://www.pagina12.com.ar/869133-el-frente-de-izquierda-celebra,el-pais
Protesta por Pablo Grillo,Frente a la escuela donde el fotógrafo debería haber votado,"""¿Vas a votar a los verdugos de tu vecino?"".",Mara Pedrazzoli,2025-10-27 03:01:00+00:00,https://www.pagina12.com.ar/869127-protesta-por-pablo-grillo,el-pais
Elecciones en Chaco: Capitanich vuelve al Senado,Quedó a un punto de la LLA e ingresará a la cámara alta después de 18 años,"La coalición La Libertad Avanza, integrada por sectores del radicalismo y del mileismo, se impuso por escaso margen.",Bruno Martínez,2025-10-27 03:01:00+00:00,https://www.pagina12.com.ar/869132-elecciones-en-chaco-capitanich-vuelve-al-senado,el-pais
El peronismo volvió a ganar en San Juan,Derrotó al candidato del gobernador Orrego,"La fórmula encabezada por Cristian Andino y respaldada por el senador Sergio Uñac logró un triunfo sorpresivo en San Juan, derrotando al gobierno provincial de Marcelo Orrego y a La Libertad Avanza",Mara Pedrazzoli,2025-10-27 03:01:00+00:00,https://www.pagina12.com.ar/869139-el-peronismo-se-impuso-en-san-juan,el-pais
Milei-Trump ganaron y se quedaron con la colonia,El gobierno libertario impuso el miedo a la debacle y ganó en las legislativas,"La Libertada Avanza se impuso en 16 distritos. El Presidente prometió una reforma laboral, jubilatoria y educativa. El peronismo cosechó el 34,8 por ciento. El experimento Provincias Unidas fue un total fracaso.",Felipe Yapur,2025-10-27 03:01:00+00:00,https://www.pagina12.com.ar/869131-milei-trump-ganaron-y-se-quedaron-con-la-colonia,el-pais
"Uno por uno, quién es cada diputado entrante",El perfil de los bonaerenses que ingresan a la cámara en diciembre,"Características y trayectoria de los legisladores que representarán a Fuerza Patria, La Libertad Avanza y el FIT en la Cámara baja nacional. La poralización marcó la elección.",Andres Miquel,2025-10-27 03:01:00+00:00,https://www.pagina12.com.ar/869086-uno-por-uno-quien-es-cada-diputado-entrante,el-pais
Las perlitas de las elecciones,"El huída de Espert en Beccar, los insultos a Sturzenegger y Adorni",Karina Milei acarició a un perro policía y las burlas al Presidente que retocó las fotos.,Mara Pedrazzoli,2025-10-27 03:01:00+00:00,https://www.pagina12.com.ar/869135-las-perlitas-de-las-elecciones,el-pais
2025 y su hilo rojo: el ausentismo,No disponible,"Ayer concurrimos a las urnas de manera nacional por vez número 23 desde el retorno de la democracia, elecciones de convencionales constituyentes de 1994 incluidas.",Pablo Salinas,2025-10-27 03:01:00+00:00,https://www.pagina12.com.ar/868977-2025-y-su-hilo-rojo-el-ausentismo,el-pais
Elecciones 2025: Elías Suárez es el nuevo gobernador electo de Santiago del Estero,Triunfo del oficialismo en el norte del país,El jefe de Gabinete provincial se impuso con casi el 70% de los votos. Reemplazará a Gerardo Zamora y continuará la gestión del Frente Cívico. La participación superó el 72% del padrón.,Mara Pedrazzoli,2025-10-27 01:23:04+00:00,https://www.pagina12.com.ar/869069-elecciones-2025-elias-suarez-es-el-nuevo-gobernador-electo-d,el-pais
Las perlitas y curiosidades de las elecciones legislativas 2025,El color de la jornada electoral,"Los centros de votación abrieron a las 8 y cerraron a las 18, en lo que fue la primera elección nacional en la que se utilzó la Boleta Única Papel.",Mara Pedrazzoli,2025-10-27 00:41:12+00:00,https://www.pagina12.com.ar/868719-las-curiosidades-de-las-elecciones-legislativas-2025,el-pais
Alberto Fernández votó con custodia y se fue a las apuradas,Incómodo momento para el expresidente,"El expresidente, Alberto Fernández, apareció de manera pública para emitir su voto en las elecciones legislativas 2025 de este domingo y, en medio de una salida a las apuradas, expresó qu",Mara Pedrazzoli,2025-10-26 23:41:52+00:00,https://www.pagina12.com.ar/868995-alberto-fernandez-voto-con-custodia-y-se-fue-a-las-apuradas,el-pais
¿Qué pasa si no pude votar en estas elecciones legislativas 2025?,Multa e inclusión en el Registro de Infractores al Deber de Votar,Las personas entre 18 y 70 años incluidas en el padrón son quienes estaban obligados a emitir sufragio. Qué pasa si no votaste y cómo se justifica.,Mara Pedrazzoli,2025-10-26 22:40:50+00:00,https://www.pagina12.com.ar/868955-que-pasa-si-no-pude-votar-en-estas-elecciones-legislativas-2,el-pais
Todo lo que hay detrás del jaqueo al poder,Adelanto del libro Filtraciones de Santiago O'Donnell que publica Sudamericana,"En Argentina no es habitual que una persona filtre. No es práctica habitual que una persona publique documentos secretos, o los comparta con periodistas. Pero no es que no haya filtraciones.",Santiago O'Donnell,2025-10-26 03:01:00+00:00,https://www.pagina12.com.ar/868612-todo-lo-que-hay-detras-del-jaqueo-al-poder,el-pais
Schiaretti echa la moneda de Provincias Unidas en una pulseada directa con Milei,"Córdoba, un escenario complicado para La Libertad Avanza",El exgobernador se juega parte de las pretensiones de Provincias Unidas hacia el futuro en lo que se percibe será un mano a mano con el Presidente. Natalia De la Sota se pone a prueba en soledad.,Mara Pedrazzoli,2025-10-26 03:01:00+00:00,https://www.pagina12.com.ar/868624-schiaretti-echa-la-moneda-de-provincias-unidas-en-una-pulsea,el-pais
"""Sobra odio y falta memoria""",Historias en primera persona: el deseo de ir a votar,"""Yo me pregunto cómo los argentinos pudieron haber votado a este descerebrado. Y creo que mucho tiene que ver con la enseñanza en la casa.",Mara Pedrazzoli,2025-10-26 03:01:00+00:00,https://www.pagina12.com.ar/868619-sobra-odio-y-falta-memoria,el-pais
"El Parlamento, en disputa",No disponible,El oficialismo no está demostrando demasiado interés en trabajar sobre el proyecto de Presupuesto 2026 en la Cámara de Diputados.,Carlos Heller,2025-10-26 03:01:00+00:00,https://www.pagina12.com.ar/868655-el-parlamento-en-disputa,el-pais
Río Negro elige legisladores en medio de acusaciones de narcopolítica,El escándalo de Fred Machado salpica a la candidata libertaria Lorena Villaverde,"También hubo declaraciones cruzadas entre el peronista Martín Soria y el gobernador Alberto Weretilneck, que lleva a su esposa como primera candidata a senadora.",Luciano Barroso,2025-10-26 03:01:00+00:00,https://www.pagina12.com.ar/868569-rio-negro-elige-legisladores-en-medio-de-acusaciones-de-narc,el-pais
El fantasma de la abstención,No disponible,"La nota distintiva del ciclo electoral 2025, ese que comenzó allá por el lejano abril con las convencionales de Santa Fe, fue la caída de la participación electoral. Una importante.",Facundo Cruz,2025-10-26 03:01:00+00:00,https://www.pagina12.com.ar/868547-el-fantasma-de-la-abstencion,el-pais
"En Chaco, Zdero pone a prueba su alianza con Milei",Enfrente tiene al peronismo unido detrás de Jorge Capitanich,"La provincia renovará tres bancas en el Senado y cuatro en la Cámara de Diputados. Los radicales quedaron relegados a los segundos lugares en las listas tras el acuerdo que el gobernador hizo con Milei, que se garantiza escaños y el aparato territorial de la UCR.",Bruno Martínez,2025-10-26 03:01:00+00:00,https://www.pagina12.com.ar/868564-en-chaco-zdero-pone-a-prueba-su-alianza-con-milei,el-pais
Santiago del Estero también elige gobernador,"Por primera vez en dos décadas, el apellido Zamora no estará en la boleta","Además, se ponen en juego tres bancas de diputados y las tres de senadores nacionales, que hasta ahora controla el Frente Cívico. También se renueva la legislatura provincial y algunas intendencias.",Nicolás Adet Larcher,2025-10-26 03:01:00+00:00,https://www.pagina12.com.ar/868595-santiago-del-estero-tambien-elige-gobernador,el-pais
"El Congreso que viene, Milei sin tercio propio ni pacto de gobernabilidad",El Gobierno sabe que necesita ganar fuerza legislativa,La presión de Washington hace que los libertarios saquen cuentas y vivan la elección con preocupación por los acuerdos del día después.,Mara Pedrazzoli,2025-10-26 03:01:00+00:00,https://www.pagina12.com.ar/868667-el-congreso-que-viene-milei-sin-tercio-propio-ni-pacto-de-go,el-pais
Milei desesperado por mostrarle algo a Trump,El Gobierno llega complicado en la economía y por la corrupción,"El peronismo ganaría la legislativa en Provincia de Buenos Aires después de 20 años. La Libertad Avanza (LLA) seguirá siendo una fuerza minoritaria, sólo que se quedará con bancas que eran del PRO y la UCR.",Raúl Kollmann,2025-10-26 03:01:00+00:00,https://www.pagina12.com.ar/868628-milei-desesperado-por-mostrarle-algo-a-trump,el-pais
Mary-Claire King recibió el premio Princesa de Asturias por sus aportes a la ciencia,Ayudó a las Abuelas de Plaza de Mayo a encontrar a sus nietos y nietas,"Fue esencial para desarrollar el índice de abuelidad, que permite identificar a los hijos de desaparecidos por la compatibilidad con la sangre de sus abuelas o abuelos.",Mara Pedrazzoli,2025-10-25 03:01:00+00:00,https://www.pagina12.com.ar/868378-mary-claire-king-recibio-el-premio-princesa-de-asturias-por-,el-pais
Los pilotos de Aerolíneas hicieron una asamblea,Hubo demoras en los vuelos,"Reclaman mejoras salariales, ascensos y el cumplimiento del convenio laboral.",Mara Pedrazzoli,2025-10-25 03:01:00+00:00,https://www.pagina12.com.ar/868448-los-pilotos-de-aerolineas-hicieron-una-asamblea,el-pais
Los represores empiezan a pedir salir en libertad tras el fallo de la Corte Suprema,"""Un retroceso inadmisible"", denuncian organismos de DDHH","Carlos Guillermo Suárez Mason, hijo homónimo del comandante del Primer Cuerpo, fue uno de los que solicitó ser excarcelado porque lleva mucho tiempo detenido sin que el máximo tribunal confirme su condena a prisión perpetua.",Mara Pedrazzoli,2025-10-25 03:01:00+00:00,https://www.pagina12.com.ar/868464-los-represores-empiezan-a-pedir-salir-en-libertad-tras-el-fa,el-pais
"Hebe, líder de una rebelión plebeya",El adelanto de la biografía que escribió Ulises Gorini,"El libro, que publica Marea Editorial, ofrece un relato detallado de la vida de Bonafini, la titular de la Asociación de Madres de Plaza de Mayo.",Ulises Gorini,2025-10-25 03:01:00+00:00,https://www.pagina12.com.ar/868411-hebe-lider-de-una-rebelion-plebeya,el-pais
La Rosada busca puentes con los gobernadores,El Gobierno prepara una reunión para noviembre,"En busca de la gobernabilidad exigida por Estados Unidos, desde Balcarce 50 planifican un encuentro con los aliados y los de Provincias Unidas.",Mara Pedrazzoli,2025-10-25 03:01:00+00:00,https://www.pagina12.com.ar/868451-la-rosada-busca-puentes-con-los-gobernadores,el-pais
La atención en “quienes más lo necesitan”,La Acción Católica hizo un llamado a la participación ciudadana en las elecciones,Pidió escoger a los candidatos que aporten a la “amistad social” y que busquen acuerdos basados en “la justicia y la solidaridad”.,Mara Pedrazzoli,2025-10-25 03:01:00+00:00,https://www.pagina12.com.ar/868412-la-atencion-en-quienes-mas-lo-necesitan,el-pais
Un canciller con gusto a inglés,Los polémicos tuits del funcionario del Gobierno,"En publicaciones de su cuenta personal, el nuevo ministro Pablo Quirno se burló del reclamo argentino sobre las Islas Malvinas.",Mara Pedrazzoli,2025-10-25 03:01:00+00:00,https://www.pagina12.com.ar/868407-un-canciller-con-gusto-a-ingles,el-pais
Dos damas de hierro se verán en el Senado,"Bullrich llega con la misión de ""pasar a la acción"" a LLA","Nuevo capítulo en el tirante vínculo de Villarruel y Bullrich desde el comienzo de la gestión libertaria. Desconfianza, viejos reconcores y el silencio de la Vicepresidenta.",Mara Pedrazzoli,2025-10-25 03:01:00+00:00,https://www.pagina12.com.ar/868479-dos-damas-de-hierro-se-veran-en-el-senado,el-pais
Ocho condenas y 27 absoluciones en el juicio de La Huerta,La represión en el centro de la provincia de Buenos Aires,El Juicio de La Huerta terminó con muchas más absoluciones que condenas.,Mara Pedrazzoli,2025-10-25 03:01:00+00:00,https://www.pagina12.com.ar/868419-ocho-condenas-y-27-absoluciones-en-el-juicio-de-la-huerta,el-pais
Mejora la salud de Pablo Grillo,"Continúa en terapia intermedia, pero sin fiebre",Fue internado el jueves por un cuadro febril y ahora continúa con estudios.,Mara Pedrazzoli,2025-10-25 03:01:00+00:00,https://www.pagina12.com.ar/868440-la-salud-de-pablo-grillo,el-pais
Fuerza en las urnas para frenar la motosierra,Cierre de campaña del peronismo en la Ciudad,"Mariano Recalde, que encabeza la lista de senadores, prometió enfrentar la reforma laboral en el Congreso. Críticas al alineamiento de Milei con el gobierno de Estados Unidos.",Juan Pablo Pucciarelli,2025-10-24 03:01:00+00:00,https://www.pagina12.com.ar/868209-fuerza-en-las-urnas-para-frenar-la-motosierra,el-pais
Milei cerró la campaña en Rosario,El Presidente prometió más motosierra,Pidió cambiar la cara del Congreso y avanzar con las reformas libertarias.,Mara Pedrazzoli,2025-10-24 03:01:00+00:00,https://www.pagina12.com.ar/868210-milei-cerro-la-campana-en-rosario,el-pais
"Cambios, tensión, y el futuro en Diputados",Los resultados del próximo domingo serán clave para delinear la política de alianzas que exige la Casa Blanca,"Elecciones el día después, la reconfiguración del gabinete que tensiona la presidencia de Diputados.",Mara Pedrazzoli,2025-10-24 03:01:00+00:00,https://www.pagina12.com.ar/868171-cambios-tension-y-el-futuro-en-diputados,el-pais
No se arrepiente de este odio,El candidato libertario por Santa Cruz defiende su posteo de una bandera LGBT+ quemada,"El primer candidato a diputado por La Libertad Avanza en Santa Cruz, también presidente del partido y exdirector del PAMI en la provincia, Jairo Henoch Guzmán, fue llevado a la justicia por postear",Mara Pedrazzoli,2025-10-24 03:01:00+00:00,https://www.pagina12.com.ar/868192-no-se-arrepiente-de-este-odio,el-pais
Las razones por las que Mariano Cúneo Libarona deja el Gobierno,Otro ministro que abandona a Milei,"Perdió poder en manos de su número dos, Sebastián Amerio, y Patricia Bullrich lo desautorizó. ""Me voy feliz"", dice.",Mara Pedrazzoli,2025-10-24 03:01:00+00:00,https://www.pagina12.com.ar/868169-las-razones-por-las-que-mariano-cuneo-libarona-deja-el-gobie,el-pais
Las universidades van a la justicia,El Gobierno de Javier Milei fue denuncionado por no cumplir la ley,El enojo social se materializó en denuncias. Distintas instituciones educativas llevarán el incumplimiento de la gestión de Milei a instancias judiciales.,Mara Pedrazzoli,2025-10-24 03:01:00+00:00,https://www.pagina12.com.ar/868228-las-universidades-van-a-la-justicia,el-pais
¡A votar!,No disponible,"La idea es “ahora o nunca”. “Los hombres de negocios vamos por todo, ya que se corre el riesgo de que retorne el populismo”.",Juan Carlos Junio,2025-10-24 03:01:00+00:00,https://www.pagina12.com.ar/868182-a-votar,el-pais
Las mujeres van por su representación,Cambio de época y los importantes movimientos en los sindicatos,"La Mesa de trabajadoras de la CGT impulsa la incorporación femenina al Triunvirato: “¡Es la hora, compañeras!”, expresaron.",Mara Pedrazzoli,2025-10-24 03:01:00+00:00,https://www.pagina12.com.ar/868190-las-mujeres-van-por-su-representacion,el-pais
Instrucciones para el votante en Provincia de Buenos Aires,Opinión,"Como sabemos, esta vez no habrá boletas de cada partido. Hay una boleta única en la que figuran todos los candidatos. Bueno, todos no.",Juan José Panno,2025-10-24 03:01:00+00:00,https://www.pagina12.com.ar/868063-instrucciones-para-el-votante-en-provincia-de-buenos-aires,el-pais
Pablo Grillo fue internado en terapia intermedia por un cuadro febril,Último parte médico,"El fotógrafo, que se recupera de una grave lesión craneal ocasionada por el disparo del gendarme Héctor Guerrero durante la marcha de jubilados del 12 de marzo pasado, debió ser trasladado al Hospital Ramos Mejía.",Mara Pedrazzoli,2025-10-24 01:21:17+00:00,https://www.pagina12.com.ar/868191-pablo-grillo-fue-internado-en-terapia-intermedia-por-un-cuad,el-pais
El gabinete se desmorona antes de las elecciones,La salida anticipada de Whertein expuso las internas en el Gobierno,"El canciller había pactado renunciar el lunes, pero se fue ayer dando un portazo. La decisión enfureció a Milei y le complicó los planes de vender un relanzamiento de la gestión.",Mara Pedrazzoli,2025-10-23 03:01:00+00:00,https://www.pagina12.com.ar/867916-el-gabinete-se-desmorona-antes-de-las-elecciones,el-pais
La CGT rechaza la reforma laboral,La central obrera emitió un comunicado contra el proyecto del Gobierno,El gobierno de Javier Milei adelantó su intención de avanzar con la reforma laboral e indicó que eso se había acordado durante las reuniones que se mantuvo con lo que se conoce como Consejo de Mayo,Mara Pedrazzoli,2025-10-23 03:01:00+00:00,https://www.pagina12.com.ar/867930-la-cgt-rechaza-la-reforma-laboral,el-pais
"Estela de Carlotto celebró sus 95 años: ""La continuidad de nuestra lucha está garantizada""",CFK la describió como una persona imprescindible en la historia del país,"La presidenta de Abuelas de Plaza de Mayo recibió múltiples muestras de amor. Pudo festejar con su nieto Ignacio, a quien encontró en 2014.",Mara Pedrazzoli,2025-10-23 03:01:00+00:00,https://www.pagina12.com.ar/867902-estela-de-carlotto-celebro-sus-95-anos-la-continuidad-de-nue,el-pais
"Tras ganar parcialmente la pelea por las pensiones, la discapacidad sigue exigiendo que se aplique la ley",Marcha por fondos para la Emergencia,La ANDIS debió acatar un fallo judicial y reponer a los cien mil beneficiarios suspendidos por la auditoría trucha de Spagnuolo. Hubo movilización desde Plaza de Mayo para que el gobierno baje los fondos y cumpla la constitución.,Mara Pedrazzoli,2025-10-23 03:01:00+00:00,https://www.pagina12.com.ar/867893-tras-ganar-parcialmente-la-pelea-por-las-pensiones-la-discap,el-pais
Lousteau y Ocaña cerraron la campaña,Ciudadanos Unidos hizo un acto en La Boca con críticas a Milei,El senador radical hizo críticas al gobierno de Javier Milei y a su política económica.,Mara Pedrazzoli,2025-10-23 03:01:00+00:00,https://www.pagina12.com.ar/867924-lousteau-y-ocana-cerraron-la-campana,el-pais
Otra represión y un jubilado fracturado,Hubo 800 efectivos de las fuerzas federales y la policía porteña en el Congreso,"La Comisión Provincial por la Memoria hizo una denuncia penal por la agresión a Egidio Contreras por parte de cuatro agentes de la Federal, que lo agarraron por la espalda  y lo empujaron de forma violenta contra la vereda.",Mara Pedrazzoli,2025-10-23 03:01:00+00:00,https://www.pagina12.com.ar/867921-otra-represion-y-un-jubilado-fracturado,el-pais
"Causa Vialidad: aseguró que está ""dando la pelea"" para ir por los bienes de Cristina Kirchner",La obsesión del fiscal Diego Luciani,"El funcionario judicial que llevó la investigación por la cual se condenó a seis años de prisión a CFK, insiste en que ""hay que ir por los bienes”. Sus declaraciones se dieron a conocer durante una disertación en el Rotary Club de Buenos Aires, en un hotel porteño.",Mara Pedrazzoli,2025-10-22 20:57:07+00:00,https://www.pagina12.com.ar/867816-causa-vialidad-aseguro-que-esta-dando-la-pelea-para-ir-por-l,el-pais
La UBA llevará a juicio al Gobierno por la implementación de la Ley de Financiamiento Universitario,"Milei, al banquillo por la educación universitaria","El Consejo Superior considera que la no ejecución de esta norma, ya anunciada por el Poder Ejecutivo, es un ataque directo contra la universidad pública, ya que atenta contra la operatividad de las casas de estudio y, de forma directa, contra los bolsillos de los trabajadores del sector.",Mara Pedrazzoli,2025-10-22 20:45:25+00:00,https://www.pagina12.com.ar/867809-la-uba-llevara-a-juicio-al-gobierno-por-la-implementacion-de,el-pais
Trenes de larga distancia: ya se venden los pasajes para viajar durante noviembre,Boletos disponibles,"Son para Mar del Plata, Junín, Bragado y Rosario. Continúa la suspensión de los servicios a Córdoba, Tucumán y Villa María. Los jubilados y la modalidad de compra online acceden a importantes descuentos.",Mara Pedrazzoli,2025-10-22 15:17:48+00:00,https://www.pagina12.com.ar/867733-trenes-de-larga-distancia-ya-se-venden-los-pasajes-para-viaj,el-pais
"Elecciones 2025: Milei entre el narcoescándalo, el criptogate, el dólar y los cierres de campaña",El próximo domingo se vota,Por falta de objetividad en su desempeño,Mara Pedrazzoli,2025-10-22 10:40:06+00:00,https://www.pagina12.com.ar/867402-elecciones-2025-milei-entre-el-narcoescandalo-el-dolar-y-los,el-pais
La criptoestafa de $Libra y la ruta de las coimas,Martín Romeo pidió la detención e indagatoria de Novelli y Terrones Godoy,"Hizo una presentación en la que reconstruye un circuito de pagos que inició Hayden Davis, transferencias millonarias desde billeteras virtuales que recibieron los traders cercanos a Milei.",Mara Pedrazzoli,2025-10-22 03:01:00+00:00,https://www.pagina12.com.ar/867656-la-criptoestafa-de-libra-y-la-ruta-de-las-coimas,el-pais
"El biógrafo de Milei, interrumpido en vivo por publicidad sobre adicción sexual y porno",El algoritmo de YouTube no perdonó a Nicolás Márquez,"A Nicolás Márquez, uno de los elegidos por el presidente Javier Milei para dar la batalla cultural que pregona la gestión ultraderechista, le jugó una (muy) mala pasada el algoritmo de Yo",Mara Pedrazzoli,2025-10-22 00:47:22+00:00,https://www.pagina12.com.ar/867630-el-biografo-de-milei-interrumpido-en-vivo-por-publicidad-sob,el-pais
Francos cruzó a Pagano y aseguró que no cobra por ser director de YPF,"Lo acusan de llevarse ""una torta de dólares"" todos los meses","En un posteo de X, el Jefe de Gabinete compartió una nota firmada por la secretaria del Directorio de YPF, Paola Garbi, en la que asegura que él renunció a la percepción de honorarios.",Mara Pedrazzoli,2025-10-22 00:04:31+00:00,https://www.pagina12.com.ar/867614-francos-cruzo-a-pagano-y-aseguro-que-no-cobra-por-ser-direct,el-pais
La candidata de las fiestas clandestinas que Milei mandó a callar en Córdoba,"Laura Soldano, entre escándalos, misticismo y multas millonarias","Conocida por sus declaraciones sobre ""autos curados con constelaciones"" y mensajes del más allá, la dueña de ""Lupita Fest"" ocupa el segundo lugar de la lista como candidata a diputada nacional por La Libertad Avanza, pero permanece relegada en la campaña.",Mara Pedrazzoli,2025-10-21 22:05:05+00:00,https://www.pagina12.com.ar/867553-la-candidata-de-las-fiestas-clandestinas-que-milei-mando-a-c,el-pais
Renuncian los abogados de Fabiola Yañez en medio de la disputa con Alberto Fernández,En las causas por alimentos y régimen de visitas del hijo de ambos,"Mariana Gallego y Maurcio D’Alessandro, abogados de Fabiola Yañez, renunciaron a ser los defensores de la ex  primera dama en la disputa judicial con el ex presidente Alberto Fernández",Mara Pedrazzoli,2025-10-21 21:26:04+00:00,https://www.pagina12.com.ar/867525-renuncian-los-abogados-de-fabiola-yanez-en-medio-de-la-dispu,el-pais
Patricia Bullrich se llevó una desagradable sorpresa en una recorrida de campaña,Se le borró la sonrisa,"Una vecina de La Boca simuló ser simpatizante de la candidata a senadora, pero grabó un video en el que le recordó el caso Santiago Maldonado.",Mara Pedrazzoli,2025-10-21 20:23:12+00:00,https://www.pagina12.com.ar/867509-patricia-bullrich-se-llevo-una-desagradable-sorpresa-en-una-,el-pais
Cambios en el gabinete de Milei: quiénes se van y quiénes podrían sumarse,Tras las elecciones legislativas,"El Presidente anunció que habrá una renovación de funcionarios. Salidas confirmadas, posibles reemplazos y reestructuración de carteras y el acercamiento a Macri y Schiaretti.",Mara Pedrazzoli,2025-10-21 19:24:51+00:00,https://www.pagina12.com.ar/867505-cambios-en-el-gabinete-de-milei-quienes-se-van-y-quienes-pod,el-pais
Javier Milei cierra la campaña en Córdoba rodeado de protestas y mensajes de repudio,"""Milei culiadazo""","La ""docta"" recibe al presidente Javier Milei en medio de protestas y descontento social. La visita, pensada como gesto de cercanía, ocurre tras la suspensión del cierre de campaña en Buenos Aires. Las calles se preparan para una jornada de tensión política y reclamos sociales.",Mara Pedrazzoli,2025-10-21 18:54:07+00:00,https://www.pagina12.com.ar/867494-javier-milei-cierra-la-campana-en-cordoba-rodeado-de-protest,el-pais
La Justicia de Santa Fe ordenó a Javier Milei borrar posteos falsos sobre Fuerza Patria,Campaña sucia libertaria,"La candidata de Fuerza Patria en Santa Fe celebró el fallo de la Justicia. En su descargo, Tepp apuntó contra Milei: ""Aprovechá para pedirle perdón al pueblo por haber querido engañarlo otra vez"".",Mara Pedrazzoli,2025-10-21 18:23:44+00:00,https://www.pagina12.com.ar/867489-la-justicia-de-santa-fe-ordeno-a-javier-milei-borrar-posteos,el-pais
Milei confirmó que hará cambios en el Gabinete,Bajas expectativas del Presidente para la elección,"El Presidente sostuvo que ""reacomodará el Gabinete"" para la segunda etapa de su Gobierno. Además, sostuvo que se conforma con lograr tener cerca de un tercio de la Cámara de Diputados para que no le rechacen sus vetos.",Mara Pedrazzoli,2025-10-21 17:48:49+00:00,https://www.pagina12.com.ar/867481-milei-confirmo-que-hara-cambios-en-el-gabinete,el-pais
"Bessent firma el swap, Bullrich firma acuerdos con el FBI","La sumisión argentina a la política ""antiterrorista"" de EEUU que anticipó Página/12","El Ministerio de Seguridad Nacional de Argentina anunció este lunes la firma de dos acuerdos con el FBI estadounidense enfocados en ""combatir el terrorismo y las organizaciones criminales"",",Mara Pedrazzoli,2025-10-21 03:01:00+00:00,https://www.pagina12.com.ar/867335-bessent-firma-el-swap-bullrich-firma-acuerdos-con-el-fbi,el-pais
Habrá revisión al archivo de Milman,Intento de magnicidio a CFK,La jueza aceptó la apelación y fue enviada a la Cámara Federal.,Mara Pedrazzoli,2025-10-21 03:01:00+00:00,https://www.pagina12.com.ar/867358-habra-revision-al-archivo-de-milman,el-pais
Desde New York apuntan a los Milei y Davis,Una jueza de EE.UU cree que podrían ser dueños de las ganancias de $LIBRA,Rochon respondió que los ingresos generados con el lanzamiento de $LIBRA no pertenecerían a la república Argentina sino a las personas en cuestión.,Mara Pedrazzoli,2025-10-21 03:01:00+00:00,https://www.pagina12.com.ar/867357-desde-new-york-apuntan-a-los-milei-y-davis,el-pais
Escándalo en La Libertad Avanza: diputado exigía parte del sueldo de sus asesores para financiar el partido,El diezmo libertario de los asesores,"Audios filtrados muestran Santiago Pauli, de Tierra del Fuego, exigiendo a sus empleados que el dinero del desarraigo se use para financiar locales y actividades partidarias.",Mara Pedrazzoli,2025-10-21 03:01:00+00:00,https://www.pagina12.com.ar/867301-escandalo-en-la-libertad-avanza-diputado-exigia-parte-del-su,el-pais
Milei acelera el desguace del Estado,El gobierno puso en venta el terreno destinado al primer museo de ciencia y tecnología del país,"Se trata del predio, ubicado al lado del Polo Científico, donde se iba a construir la Ciudad de la Ciencia. Ahora esos 40 mil metros cuadrados se subastarán el 6 de noviembre.",Juan Pablo Pucciarelli,2025-10-21 03:01:00+00:00,https://www.pagina12.com.ar/867369-milei-acelera-el-desguace-del-estado,el-pais
Al gobierno de Chaco no hay nada que le moleste más que jueces independientes,Denuncian que el gobernador Zdero avanza sobre el Poder Judicial provincial,"Ante decisiones o fallos de jueces del fuero provincial que el gobernador no comparte, se realizan campañas contra los magistrados o se busca destituir al juez, como es el caso de Jorge Sinkovich que le cobra astreintes al gobierno por no garantizar el agua y alimentos a una comunidad wichí.",Bruno Martínez,2025-10-21 03:01:00+00:00,https://www.pagina12.com.ar/867307-al-gobierno-de-chaco-no-hay-nada-que-le-moleste-mas-que-juec,el-pais
Nueva marcha a Plaza de Mayo por la Emergencia en Discapacidad: lo que hay que saber,Un reclamo que vuelve a las calles,"En la previa de las elecciones legislativas, organizaciones sindicales, sociales y del ámbito de la salud convocan a una nueva concentración. Exigen la promulgación y aplicación inmediata de las leyes de Emergencia en Discapacidad, Emergencia Pediátrica y Financiamiento Universitario.",Mara Pedrazzoli,2025-10-20 21:11:15+00:00,https://www.pagina12.com.ar/867265-nueva-marcha-a-plaza-de-mayo-por-la-emergencia-en-discapacid,el-pais
Javier Milei vuelve a Estados Unidos: será orador junto a Donald Trump,Nuevo viaje del ultraderechista,"Viajará a Miami para hablar en el America Business Forum 2025, un evento pago donde también participarán Lionel Messi, empresarios globales y celebridades del espectáculo.",Mara Pedrazzoli,2025-10-20 19:58:20+00:00,https://www.pagina12.com.ar/867241-javier-milei-vuelve-a-estados-unidos-sera-orador-junto-a-don,el-pais
"En la CNN se ríen de Milei y lo definen como ""un Wolverine de bajo presupuesto""",Lo tildaron de dictador y dijeron que era mala idea ayudarlo,"Una vez más, el presidente Javier Milei fue blanco de burlas por parte de la prensa internacional, luego de la ayuda económica que su par estadounidense Donald Trump le brindó como salvavida",Mara Pedrazzoli,2025-10-20 18:38:13+00:00,https://www.pagina12.com.ar/867220-en-la-cnn-se-rien-de-milei-y-lo-definen-como-un-wolverine-de,el-pais
Presupuesto 2026: el oficialismo apura acuerdos con bloques aliados,"""Mesa paralela""","Con el objetivo de emitir dictamen en noviembre, funcionarios del Ejecutivo se reunieron con legisladores “dialoguistas” para acercar posiciones.",Mara Pedrazzoli,2025-10-20 18:31:43+00:00,https://www.pagina12.com.ar/867218-presupuesto-2026-el-oficialismo-apura-acuerdos-con-bloques-a,el-pais
$LIBRA: El obstáculo con que se encontraron Novelli y Milei para eludir a la justicia,El escándalo de forum shopping del caso por la criptoestafa,"En una maniobra que busca cambiar los jueces que hasta ahora actúan como revisores de la investigación, intentaron desplazar incluso a los de la Sala II de ese tribunal que, sin embargo, seguirá a cargo de la causa.",Mara Pedrazzoli,2025-10-20 03:01:00+00:00,https://www.pagina12.com.ar/867002-libra-el-obstaculo-con-que-se-encontraron-novelli-y-milei-pa,el-pais
El nuevo ministro de Economía deberá apurarse,¿Sabe Scott Bessent dónde se metió?,"El Gobierno se contenta con llegar al tercio de legisladores capaz de permitirle seguir gestionando por decreto. Una resignación enorme, porque supone permanecer a la defensiva. El Tesoro de EEUU, que apuesta a manejar los hilos políticos y económicos, no termina de asimilar que el problema del modelo es que no genera divisas. Los dilemas que se abren si la derrota es ejemplar.",Eduardo Aliverti,2025-10-20 03:01:00+00:00,https://www.pagina12.com.ar/866956-el-nuevo-ministro-de-economia-debera-apurarse,el-pais
"""El 26 de octubre la sociedad le pondrá un freno a Milei""",Entrevista a Horacio Pietragalla desde Roma,"El diputado estuvo en Italia junto a Oscar Parrilli difundiendo la campaña internacional por la libertad de Cristina Kirchner y habló con Página/12. ""Este es un gobierno deshumanizante"", dijo.",Elena Llorente,2025-10-20 03:01:00+00:00,https://www.pagina12.com.ar/867034-el-26-de-octubre-la-sociedad-le-pondra-un-freno-a-milei,el-pais
"Saturday Night Live se burla de Milei: ""Muchos funcionarios de Trump terminarán huyendo hacia la Argentina""",Un mandatario convertido en un hazmerreír,"En el histórico segmento ""Weekend Update"" del actor Colin Jost comparó al mandatario con el bizarro personaje de Austin Powers. “El presidente de la Argentina, Javier Milei, fue visto aquí diciendo: 'if you make me horny, baby'”, dice el comediante.",Mara Pedrazzoli,2025-10-20 03:01:00+00:00,https://www.pagina12.com.ar/867035-saturday-night-live-se-burla-de-milei-muchos-funcionarios-de,el-pais
El Gobierno mandó a funcionarios al Caribe con pasaje en primera y un hotel cinco estrellas de 600 dólares,La casta está en la Rosada,"En medio del ajuste y el discurso de austeridad del gobierno de Javier Milei estalló un escándalo por el viaje de cinco altos funcionarios, encabezados por Fernando Brun, a la paradisíaca y diminut",Mara Pedrazzoli,2025-10-19 21:30:33+00:00,https://www.pagina12.com.ar/867008-el-gobierno-mando-a-funcionarios-al-caribe-con-pasaje-en-pri,el-pais
¿Experimentar la política?,No disponible,Está pregunta ya presenta un supuesto discutible ¿Es la política una experiencia?,Jorge Alemán,2025-10-19 03:01:00+00:00,https://www.pagina12.com.ar/866797-experimentar-la-politica,el-pais
El plan de Macri para sostener a Milei alimenta la desconfianza en Casa Rosada,El expresidente quiere ser una voz de consulta y partícipe del próximo Gabinete,Pero el líder de LLA se resiste a darle poder al titular del PRO y relativizar las banderas de su partido. El rol de los gobernadores aliados y Provincias Unidas.,Analía Argento,2025-10-19 03:01:00+00:00,https://www.pagina12.com.ar/866913-el-plan-de-macri-para-sostener-a-milei-alimenta-la-desconfia,el-pais
El pacto de gobernabilidad es con Washington,El Gobierno se ve obligado a recomponer puentes dinamitados con opositores,"“Alcanzar el tercio para defender las medidas” es el objetivo libertario a partir de la exigencia
de EE.UU. De aquí en más dependerá de cuánta peluca acepten ponerse otras fuerzas.",Mara Pedrazzoli,2025-10-19 03:01:00+00:00,https://www.pagina12.com.ar/866911-el-pacto-de-gobernabilidad-es-con-washington,el-pais
Un abrazo para decir que la memoria no se borra en la exESMA,Contra la avanzada antiderechos del Gobierno,La actividad se organizó después de que las autoridades del Museo Sitio de Memoria ESMA eliminaran las marcas que hablaban de la violencia que sufrieron las mujeres mientras estaban secuestradas allí.,Mara Pedrazzoli,2025-10-19 03:01:00+00:00,https://www.pagina12.com.ar/866888-un-abrazo-para-decir-que-la-memoria-no-se-borra-en-la-exesma,el-pais
Una caravana a Olivos por los derechos de todos,La comunidad del Garrahan se movilizó hasta la quinta presidencial,"Pidieron por las leyes de emergencia pediátrica, discapacidad y financiamiento universitario. “Si Milei no cumple vamos a avanzar con el juicio político”, dijeron los trabajadores.",Juan Pablo Pucciarelli,2025-10-19 03:01:00+00:00,https://www.pagina12.com.ar/866912-una-caravana-a-olivos-por-los-derechos-de-todos,el-pais
¿Jornada laboral de 13 horas?,"Un empresario cercano a Milei lo ve ""negociable""","En las redes sociales, el tema se viralizó rápidamente, con miles de usuarios calificando la idea como un intento de imponer un ""esclavismo moderno"".",Mara Pedrazzoli,2025-10-18 17:35:49+00:00,https://www.pagina12.com.ar/866808-jornada-laboral-de-13-horas,el-pais
La hermana presidencial más cerca de ser llevada al Congreso por la fuerza pública,El juez Martínez de Giorgi hizo lugar a la apelación de la comisión LIBRA,Ahora la Cámara Federal deberá resolver si los funcionarios que se negaron a comparecer ante Diputados podrán ser citados de manera compulsiva para declarar.,Mara Pedrazzoli,2025-10-18 03:01:00+00:00,https://www.pagina12.com.ar/866731-la-hermana-presidencial-mas-cerca-de-ser-llevada-al-congreso,el-pais
Los bloques dialoguistas del Senado le dieron la espalda al sistema nuclear argentino,"El lobby norteamericano evitó, por ahora, el freno a la privatización de Nucleoeléctrica",La protección del sistema nuclear argentino deberá esperar.,Mara Pedrazzoli,2025-10-18 03:01:00+00:00,https://www.pagina12.com.ar/866595-los-bloques-dialoguistas-del-senado-le-dieron-la-espalda-al-,el-pais
Convocan a un abrazo a la exESMA para denunciar la política de desmantelamiento del Gobierno,La actividad será este sábado a las 15,El colectivo de sobrevivientes organizó la movida después de que las nuevas autoridades del Museo Sitio ESMA retiraran de la muestra las referencias a la violencia que vivieron las mujeres que estuvieron secuestradas allí.,Mara Pedrazzoli,2025-10-18 03:01:00+00:00,https://www.pagina12.com.ar/866682-convocan-a-un-abrazo-a-la-exesma-para-denunciar-la-politica-,el-pais
El Día de la Lealtad Peronista junto a CFK,Una multitud fue en caravana a San José 1111 para ver a la expresidenta,Crónica de una tarde de mística peronista a ochenta años de un día que marcó la historia del país. El reclamo por la libertad de la líder del movimiento y los señalamientos a Javier Milei.,Ayelén Berdiñas,2025-10-18 03:01:00+00:00,https://www.pagina12.com.ar/866761-el-dia-de-la-lealtad-peronista-junto-a-cfk,el-pais
Por el Día de la Lealtad y por el futuro,La celebración de Primero la Patria,"Fue un evento peronista, con choripanes, bombos y marcha peronista, pero también por las discusiones en torno al futuro del país y del rol que cumplirá el peronismo en la reconstrucción que será ne",Mara Pedrazzoli,2025-10-18 03:01:00+00:00,https://www.pagina12.com.ar/866768-por-el-dia-de-la-lealtad-y-por-el-futuro,el-pais
"Los gobernadores aliados tienen el ""sí"" fácil","Cornejo, Frigerio y Zdero expusieron en el Coloquio de IDEA","Los mandatarios que tienen alianzas electorales con LLA pidieron reformas estructurales, que incluyen cambios en el sistema laboral y previsional.",Mara Pedrazzoli,2025-10-18 03:01:00+00:00,https://www.pagina12.com.ar/866722-los-gobernadores-aliados-tienen-el-si-facil,el-pais
El dependiente,"Tras la fallida visita a los Estados Unidos, el Gobierno no logra repuntar ni con el auxilio de Trump","Con reminiscencias del primer 17 de octubre, una multitud reclamó la libertad de Cristina Kirchner mientras Milei depende cada vez más de Scott Bessent para la campaña del oficialismo.",Luis Bruschtein,2025-10-18 03:01:00+00:00,https://www.pagina12.com.ar/866760-el-dependiente,el-pais
Entre el precio de la obediencia y la esperanza de renacer,No disponible,"Hay quienes sostienen que el propio Henry Kissinger advertía que, en la relación con los Estados Unidos, la amistad podía ser peor que los peligros de la enemistad.",OPEIR *,2025-10-18 03:01:00+00:00,https://www.pagina12.com.ar/866703-entre-el-precio-de-la-obediencia-y-la-esperanza-de-renacer,el-pais
"Para Bullrich, los femicidios y la violencia machista son culpa del feminismo",Las repudiables declaraciones de la ministra de Seguridad,"En una entrevista con el Gordo Dan, la funcionaria culpó a los movimientos feministas por los brutales casos de asesinatos contra mujeres de los últimos días. ""Lo que termina pasando es que te viene en contra”, dijo.",Mara Pedrazzoli,2025-10-18 03:01:00+00:00,https://www.pagina12.com.ar/866550-para-bullrich-los-femicidios-y-la-violencia-machista-son-cul,el-pais
"El mensaje de Cristina Kirchner por el Día de la Lealtad: ""El 26 es Milei o la Argentina""",En un nuevo audio a la militancia,"La expresidenta realizó una dura crítica al endeudamiento y las políticas de Javier Milei y trazó un paralelismo con la fórmula ""Braden o Perón"". En la calle, militantes, sindicatos y organizaciones sociales se movilizaron a San José 1111para exigir la libertad de la líder justicialista.",Mara Pedrazzoli,2025-10-17 18:50:49+00:00,https://www.pagina12.com.ar/866628-liberen-a-cristina-empieza-la-caravana-que-marcha-hacia-la-c,el-pais
Qué se vota en las elecciones nacionales del domingo 26 de octubre,Cómo funciona el sistema de Boleta Única de Papel,"Se renuevan las bancas de diputados y senadores, por cuatro y seis años, respectivamente.",Mara Pedrazzoli,2025-10-17 18:11:23+00:00,https://www.pagina12.com.ar/866624-que-se-vota-en-las-elecciones-nacionales-del-domingo-26-de-o,el-pais
"Dónde voto: cómo consultar el padrón electoral, paso a paso",Elecciones 2025,La ciudadanía ya puede consultar el lugar y la mesa de votación para las elecciones del 26 de octubre 2025.,Mara Pedrazzoli,2025-10-17 17:19:20+00:00,https://www.pagina12.com.ar/866610-donde-voto-como-consultar-el-padron-electoral-paso-a-paso,el-pais
Boleta Única de Papel: cómo funciona el nuevo sistema de votación,Ventajas y desventajas,En las elecciones nacionales 2025 se va a usar por primera vez la Boleta Única de Papel en todo el país.,Mara Pedrazzoli,2025-10-17 17:15:23+00:00,https://www.pagina12.com.ar/866607-boleta-unica-de-papel-como-funciona-el-nuevo-sistema-de-vota,el-pais
Sturzenegger culpó a los empresarios de no precarizar lo suficiente,"""Ustedes no hacen nada""","El ministro de Desregulación fue a IDEA y señaló que el Gobierno nacional dio todas las condiciones ""para rediseñar el contrato laboral"", pero que los empresarios no supieron aprovechar la oportunidad.",Mara Pedrazzoli,2025-10-17 16:57:51+00:00,https://www.pagina12.com.ar/866601-stuzenegger-culpo-a-los-empresarios-de-no-precarizar-lo-sufi,el-pais
"El gobierno paga afiches, pero no plantillas que necesitan los ciegos para votar",Una ONG recauda dinero para poder adquirirlas,Hace poco más de una semana el gobierno de Javier Milei dijo disponer de los 12 mil millones de pesos necesarios para reimprimir las Boleta Única Papel (BUP) bonaerenses y así quitar el rostro y el,Mara Pedrazzoli,2025-10-17 16:22:03+00:00,https://www.pagina12.com.ar/866597-el-gobierno-paga-afiches-pero-no-plantillas-que-necesitan-lo,el-pais
"“Nada hará que me corra del camino"": el mensaje de Urtubey después del ataque a su camioneta",El vehículo recibió un impacto de bala en medio de una gira electoral,El exgobernador de Salta Juan Manuel Urtubey ratificó su candidatura a senador nacional por Fuerza Patria y aseguró que su campaña electoral continuará “con energía intacta” a pesar del ataq,Mara Pedrazzoli,2025-10-17 15:22:58+00:00,https://www.pagina12.com.ar/866585-nada-hara-que-me-corra-del-camino-el-mensaje-de-urtubey-desp,el-pais
Día de la Lealtad: el recorrido de la caravana a la casa de Cristina Kirchner,Abrazo a la expresidenta,"Bajo la consigna ""Liberamos a Perón, liberemos a Cristina"", el PJ Nacional y las organizaciones llamaron a los peronistas a salir a la calle este viernes 17 de octubre para exigir la liberación de la expresidenta proscripta por la Corte Suprema.",Mara Pedrazzoli,2025-10-17 03:01:00+00:00,https://www.pagina12.com.ar/866326-dia-de-la-lealtad-el-recorrido-de-la-caravana-a-la-casa-de-c,el-pais
Leonardo Favio: Nadie puede olvidarlo,Presentación del libro de editorial Octubre,"Este viernes 17 de octubre, a las 18.30 horas, el Centro Cultural Caras y Caretas (Venezuela 330) será escenario de una jornada especial con la presentación del libro Leonardo Favi",Mara Pedrazzoli,2025-10-17 03:01:00+00:00,https://www.pagina12.com.ar/866467-leonardo-favio-nadie-puede-olvidarlo,el-pais
"Malas noticias para
Espert y Machado","Amigos o socios, eso lo tendrá que determinar la Justicia",El excandidato no logra unificar las causas y llevarlas al amigableComodoro Py. El narco será extraditado el 5 de noviembre.,Mara Pedrazzoli,2025-10-17 03:01:00+00:00,https://www.pagina12.com.ar/866523-malas-noticias-para-espert-y-machado,el-pais
Bessent o Perón,A 80 años del 17 de octubre,El 17 de octubre es una fecha que a los peronistas siempre nos interpela.,Gisela Marziotta,2025-10-17 03:01:00+00:00,https://www.pagina12.com.ar/866487-bessent-o-peron,el-pais
"Para Bullrich, antes de su gestión, ""Rosario era una ciudad fantasma""",El desopilante argumento de la ministra para justificar el accionar de su cartera,"Patricia Bullrich pasó por la señal de streaming Carajo, un medio paraoficialista, y dejó una sugestiva reflexión sobre la ciudad de Rosario cuando la consultaron sobre la situación allí.",Mara Pedrazzoli,2025-10-17 00:03:46+00:00,https://www.pagina12.com.ar/866453-para-bullrich-antes-de-su-gestion-rosario-era-una-ciudad-fan,el-pais
"Para Schiaretti y Lousteau, ""el plan económico de Milei fracasó""",Dura crítica de los candidatos de Provincias Unidas,"En el marco de un encuentro entre gobernadores y candidatos de Provincias Unidas, Juan Schiaretti y Martín Lousteau grabaron un video conjunto en el que cuestionaron duramente la polí",Mara Pedrazzoli,2025-10-16 23:42:43+00:00,https://www.pagina12.com.ar/866440-para-schiaretti-y-lousteau-el-plan-economico-de-milei-fracas,el-pais
"Karen Reichardt, comprometida con la campaña y la violencia: ahora dijo que el peronismo es ""una enfermedad mental""",La libertad de “diagnosticar” ideologías políticas,"La candidata bonaerense de La Libertad Avanza volvió a generar repudio por sus declaraciones en las que trata de enfermos mentales a los ""no tienen la capacidad de ver otra mirada"". Ya había emitido comentarios racistas y homofóbicos en redes sociales.",Mara Pedrazzoli,2025-10-16 22:58:50+00:00,https://www.pagina12.com.ar/866425-karen-reichardt-comprometida-con-la-campana-y-la-violencia-a,el-pais
Cómo siguen los estudiantes que sufrieron heridas tras una explosión en un colegio de Palermo,Investigación y preocupación en la comunidad educativa,Dos adolescentes continúan internados tras el accidente ocurrido durante una feria de ciencias en el Colegio Guadalupe. La fiscalía investiga la responsabilidad de los adultos a cargo.,Mara Pedrazzoli,2025-10-16 22:17:58+00:00,https://www.pagina12.com.ar/866405-como-siguen-los-estudiantes-que-sufrieron-heridas-tras-una-e,el-pais
Patricia Bullrich arremetió contra los gobernadores y avaló la injerencia de Washington,"Pidió ""un poquito de voluntad""","Fue en el 61° Coloquio de IDEA. La ministra de Seguridad respaldó el apoyo de Estados Unidos al gobierno de Milei, justificó el “rescate” financiero del Tesoro norteamericano y apuntó contra los mandatarios provinciales por reclamar fondos.",Mara Pedrazzoli,2025-10-16 19:52:50+00:00,https://www.pagina12.com.ar/866355-patricia-bullrich-arremetio-contra-los-gobernadores-y-avalo-,el-pais
"""Toto"" Caputo promete ante empresarios despidos baratos y eliminación de impuestos","Para los trabajadores, nada","El ministro de Economía le prometió a los empresarios participantes del Coloquio de IDEA que las reformas para erradicar ""un régimen arcaíco y rígido"".",Mara Pedrazzoli,2025-10-16 16:04:23+00:00,https://www.pagina12.com.ar/866302-toto-caputo-promete-ante-empresarios-despidos-baratos-y-elim,el-pais
El alborear de las broncas,No disponible,"“Bronca cuando a plena luz del díaSacan a pasear su hipocresía Bronca de la brava, de la mía” – Miguel Cantilo",Osvaldo Nemirovsci,2025-10-16 16:04:15+00:00,https://www.pagina12.com.ar/866301-el-alborear-de-las-broncas,el-pais
La Libertad Avanza consiguió esconder a Espert de los afiches,Fallo de la Cámara Nacional Electoral,La cara del excandidato que debió renunciar por sus vínculos con el narcotráfico seguirá estando en las boletas bonaerenses pero no se verá en la cartelería informativa que se pegará en las escuelas. Allí los libertarios podrán poner la foto de Diego Santilli.,Mara Pedrazzoli,2025-10-16 14:54:56+00:00,https://www.pagina12.com.ar/866289-la-libertad-avanza-consiguio-esconder-a-espert-de-los-afiche,el-pais
Un candidato a diputado por Misiones murió tras descompensarse en un streaming,"Hernán Damiani, histórico referente del radicalismo misionero",Un dirigente de la  UCR y candidato a diputado nacional por la provincia de Misiones murió anoche luego de haberse descompensado mientras participaba en un debate con distintos oponentes que,Mara Pedrazzoli,2025-10-16 12:18:58+00:00,https://www.pagina12.com.ar/866262-un-candidato-a-diputado-por-misiones-murio-tras-descompensar,el-pais
Hay fondos dudosos cerca de Bullrich,"Lacteos Vidal, Machado y los aportes a la campaña 2023","El nombre de la ministra de Seguridad aparece en la investigación a ""Fred"" Machado y el vínculo con la empresa láctea Vidal.",Mara Pedrazzoli,2025-10-16 03:01:00+00:00,https://www.pagina12.com.ar/866207-hay-fondos-dudosos-cerca-de-bullrich,el-pais
Javier Milei habilitó la venta total de las cuatro sociedades hidroeléctricas creadas por el Estado,Privatización del sector energético,"El Ministerio de Economía aprobó nuevas modificaciones al pliego del concurso internacional para vender las centrales hidroeléctricas Alicurá, El Chocón, Cerros Colorados y Piedra del Águila. La resolución refuerza la marcha del plan iniciado con la fragmentación de Enarsa.",Mara Pedrazzoli,2025-10-16 03:01:00+00:00,https://www.pagina12.com.ar/866057-javier-milei-habilito-la-venta-total-de-las-cuatro-sociedade,el-pais
Milhojas de vergüenza ajena,No disponible,No por repetidas menos humillantes. Las imágenes del útlimo tour de Javier Milei a los Estados Unidos son una confesión de sumisión consentida.,Nora Veiras,2025-10-16 03:01:00+00:00,https://www.pagina12.com.ar/866040-milhojas-de-verguenza-ajena,el-pais
"Con el gobierno virtualmente intervenido por Trump, Milei sale de campaña por el interior",Recta final para salvar la ropa en las elecciones de octubre,"Ya de regreso en la Argentina, después del encuentro en la Casa Blanca con Donald Trump, el presidente Javier Milei deberá retomar la campaña electoral de cara al 26 de octubre.",Mara Pedrazzoli,2025-10-16 00:09:53+00:00,https://www.pagina12.com.ar/866179-con-el-gobierno-ya-intervenido-por-trump-milei-sale-de-campa,el-pais
"Caputo reconoció que ""Milei es el fan número uno de Trump""","Dijo que el presidente de EEUU ""está impresionado por los logros económicos""","El ministro de Economía, Luis Caputo, y el presidente del Banco Central, Santiago Bausili, participaron del Atlantic Council,  dentro de las reuniones anuales del Fondo Monetario Inte",Mara Pedrazzoli,2025-10-15 23:54:41+00:00,https://www.pagina12.com.ar/866165-caputo-reconocio-que-milei-es-el-fan-numero-uno-de-trump,el-pais
Otra vez marcharon al Congreso por los derechos de los jubilados,En medio de un desproporcionado operativo policial,"En esta jornada no se registraron heridos ni detenciones como ocurrió en las diferentes marchas de cada miércoles durante este año. No obstante, frente al gran despliegue policial, hubo momentos de tensión y provocaciones por parte de los efectivos hacia los manifestantes.",Mara Pedrazzoli,2025-10-15 22:38:12+00:00,https://www.pagina12.com.ar/866133-otra-vez-marcharon-al-congreso-por-los-derechos-de-los-jubil,el-pais
La oposición pide reprogramar la interpelación a funcionarios que Martín Menem suspendió por falta de quorum,Tensión en la Cámara baja,Los bloques opositores presentaron una carta para que se reprograme la sesión en la que los principales funcionarios del Gobierno debían responder por el acuerdo financiero con Estados Unidos y las supuestas coimas en la Agencia Nacional de Discapacidad.,Mara Pedrazzoli,2025-10-15 19:41:13+00:00,https://www.pagina12.com.ar/866082-la-oposicion-pide-reprogramar-la-interpelacion-a-funcionario,el-pais
Bessent abre la billetera: el Tesoro de EE.UU. compra pesos y promete hasta 40 mil millones de dólares para Argentina,Guiño a Milei,"En Washington, el secretario del Tesoro de Estados Unidos anunció nuevas operaciones y una línea de financiamiento privada. La movida busca sostener el peso y blindar políticamente al gobierno antes de las elecciones legislativas.",Mara Pedrazzoli,2025-10-15 18:17:53+00:00,https://www.pagina12.com.ar/866058-bessent-abre-la-billetera-el-tesoro-de-ee-uu-compra-pesos-y-,el-pais
"Sturzenegger, ""el triple fracasado""",Mariano Recalde dejó mudo al ministro al recordarle su pasado,"El titular de Desregulación vivió un incómodo momento en televisión luego de que el candidato a senador de Fuerza Patria rememorara que ""fracasó con De la Rúa y no terminó preso por el megacanje porque la Corte Suprema lo salvó; fracasó con Macri, y ahora fracasó con Milei”.",Mara Pedrazzoli,2025-10-15 16:33:32+00:00,https://www.pagina12.com.ar/866044-sturzenegger-el-triple-fracasado,el-pais
Cosas que pasan cuando Estados Unidos interviene en nuestras elecciones,No disponible,El domingo 30 de junio de 2002 Bolivia tuvo elecciones presidenciales.,Oscar Guisoni,2025-10-15 14:59:20+00:00,https://www.pagina12.com.ar/866020-cosas-que-pasan-cuando-estados-unidos-interviene-en-neustras,el-pais
Milei viajó por el sanguchito,No disponible,"Donald Trump necesita justificar el respaldo a Javier Milei, que necesita a su vez ese respaldo para llegar a las elecciones.",Luis Bruschtein,2025-10-15 03:01:00+00:00,https://www.pagina12.com.ar/865803-milei-viajo-por-el-sanguchito,el-pais
"Causa Cuadernos, malas noticias para dos exministros",Rechazaron el planteo de De Vido y Schiavi,"El Tribunal Oral Federal 7 rechazó los planteos de la defensa de Julio de Vido y Juan Pablo Schiavi para que sus miembros se aparten del juicio en la denominada causa “Cuadernos”, que comenzará el",Mara Pedrazzoli,2025-10-15 03:01:00+00:00,https://www.pagina12.com.ar/865900-causa-cuadernos-malas-noticias-para-dos-exministros,el-pais
A controlar privatizaciones,Juan Carlos Romero,"El senador salteño, el libertario Juan Carlos Romero, (foto) será el nuevo presidente de la Comisión Bicameral de Reforma del Estado y Seguimiento de las Privatizaciones, que no funcionaba desde ha",Mara Pedrazzoli,2025-10-15 03:01:00+00:00,https://www.pagina12.com.ar/865913-a-controlar-privatizaciones,el-pais
El lobby de la Embajada que enfrió el Congreso,Barry Bennet se reunió con referentes opositores para darle una mano a Milei,"El asesor de Trump pidió ""acompañamiento"" y algunos, como De Loredo, respondieron e intentaron frenar la moción de censura de Francos. Los funcionarios no quieren dar explicaciones.",Mara Pedrazzoli,2025-10-15 03:01:00+00:00,https://www.pagina12.com.ar/865914-el-lobby-de-la-embajada-que-enfrio-el-congreso,el-pais
Desde Casa Rosada intentaron aclarar los dichos de Trump,El argumento filosófico de Bullrich,El Presidente de EE.UU. confundió las legislativas con las presidenciales y el Gobierno tuvo que salir a explicar.,Mara Pedrazzoli,2025-10-15 03:01:00+00:00,https://www.pagina12.com.ar/865898-desde-casa-rosada-intentaron-aclarar-los-dichos-de-trump,el-pais
Oxigenar para no morir sofocado y cumplir con las órdenes de Trump,Milei y los posibles cambios en el gabinete tras las elecciones,El 26 de octubre se acerca.,Mara Pedrazzoli,2025-10-15 03:01:00+00:00,https://www.pagina12.com.ar/865917-oxigenar-para-no-morir-sofocado-y-cumplir-con-las-ordenes-de,el-pais
Lousteau recibe a los gobernadores de Provincias Unidas,Acto de campaña,"Los gobernadores de Provincias Unidas cerrarán este miércoles a las 16 su campaña en la ciudad de Buenos Aires con un acto en respaldo a los candidatos Martín Lousteau y Florencio Randazzo, que se",Mara Pedrazzoli,2025-10-15 03:01:00+00:00,https://www.pagina12.com.ar/865918-lousteau-recibe-a-los-gobernadores-de-provincias-unidas,el-pais
$LIBRA: La carta desesperada que Novelli y Milei jugaron en la causa,Una estrategia para paralizar la investigación en Comodoro Py,"La estrategia busca cambiar la sala de Cámara que lleva adelante el expediente y la lleva adelante la defensa de Mauricio Novelli y Manuel Terrones Godoy, los criptobros allegados a Javier Milei, que funcionaron como nexo con el estadounidense Hayden Davis, creador del token.",Mara Pedrazzoli,2025-10-15 03:01:00+00:00,https://www.pagina12.com.ar/865856-libra-la-carta-desesperada-que-novelli-y-milei-jugaron-en-la,el-pais
El rostro de Santilli no aparecerá en los afiches que estarán en el cuarto oscuro,"Al igual que las boletas, las cartulinas llevarán la imagen de Espert","La Junta Electoral bonaerense rechazó este martes que La Libertad Avanza (LLA) exhiba afiches con la cara del candidato Diego Santilli en los centros de votación, después de haber negado tam",Mara Pedrazzoli,2025-10-14 23:38:32+00:00,https://www.pagina12.com.ar/865858-el-rostro-de-santilli-no-aparecera-en-los-afiches-que-estara,el-pais
Diputados: la oposición logró dictamen para interpelar a Guillermo Francos,Es porque el Gobierno no aplicó la Ley de Discapacidad,"Con un despacho firmado por Unión por la Patria (UxP), la Coalición Cívica y Encuentro Federal, la oposición de la Cámara de Diputados logró obtener dictamen para interpelar al jefe de Gabinete,",Mara Pedrazzoli,2025-10-14 22:35:36+00:00,https://www.pagina12.com.ar/865807-diputados-la-oposicion-logro-dictamen-para-interpelar-a-guil,el-pais
"Un debate en España sobre el Lawfare, con el caso de Cristina Kirchner como referencia",Disertarán Baltasar Garzón y otros especialistas del derecho internacional,Este miércoles 15 de octubre se realizará en España un debate (transmitido en vivo) sobre Lawfare en la Unive,Mara Pedrazzoli,2025-10-14 03:01:00+00:00,https://www.pagina12.com.ar/865516-un-debate-en-espana-sobre-el-lawfare-con-el-caso-de-cristina,el-pais
El Congreso cita funcionarios para que den explicaciones,Por las coimas en Andis y el salvataje de Trump,Diputados oficializó las interpelaciones para la sesión de este miércoles de Caputo y Karina.,Mara Pedrazzoli,2025-10-14 03:01:00+00:00,https://www.pagina12.com.ar/865589-el-congreso-cita-funcionarios-para-que-den-explicaciones,el-pais
Nadie quiere un Estado ausente,Creció la percepción sobre la importancia de la asistencia social,Un informe de Creencias Sociales de Pulsar.UBA muestra que en los últimos dos años cambió la mirada sobre la necesaria ayuda estatal.,Ayelén Berdiñas,2025-10-14 03:01:00+00:00,https://www.pagina12.com.ar/865585-nadie-quiere-un-estado-ausente,el-pais
Comisión Libra: apelan el fallo que impide llevar funcionarios por la fuerza pública,Evalúan la posibilidad de recurrir a la Corte Suprema,"La comisión investigadora de la cripto estafa $Libra en Diputados apeló ayer la decisión del Juzgado Federal N.º 8, a cargo de Marcelo Martínez de Giorgi, que impide llevar funcion",Mara Pedrazzoli,2025-10-14 03:01:00+00:00,https://www.pagina12.com.ar/865588-comision-libra-apelan-el-fallo-que-impide-llevar-funcionario,el-pais
Milei lo autorizó: $60 millones del presupuesto argentino para entrenar a soldados de EE.UU.,“Operación Tridente”,El decreto presidencial habilita a las Fuerzas Armadas estadounidenses a entrenar en tres bases navales argentinas. La medida se toma sin aval del Congreso y genera críticas por el costo y las implicancias estratégicas y de soberanía.,Mara Pedrazzoli,2025-10-14 03:01:00+00:00,https://www.pagina12.com.ar/865488-milei-lo-autorizo-60-millones-del-presupuesto-argentino-para,el-pais
Bregman pide que Bullrich explique sus vínculos con Machado,No disponible,La candidata del FIT Myriam Bregman advirtió que hará una presentación en la Justicia electoral para que Patricia Bullrich explique una serie de datos sobre sus aportantes y la presunta cone,Mara Pedrazzoli,2025-10-14 03:01:00+00:00,https://www.pagina12.com.ar/865596-bregman-pide-que-bullrich-explique-sus-vinculos-con-machado,el-pais
La nueva cosecha de ñoquis libertarios en el Estado,"Denuncian ""remuneraciones extraordinarias"" para militantes mileístas",El secretario general de la Asociación de Trabajadores del Estado (ATE) Rodolfo Aguiar señaló que el Gobierno “blanqueó la incorporación de militantes libertarios con remuneraciones extraordinarias,Mara Pedrazzoli,2025-10-14 03:01:00+00:00,https://www.pagina12.com.ar/865592-la-nueva-cosecha-de-noquis-libertarios-en-el-estado,el-pais
Sin más tiempo para reimpresiones,Los libertarios irán a las urnas con la cara de Espert en la lista,La Cámara Nacional Electoral declaró que se encuentran vencidos los plazos para la reimpresión de la Boleta Única Papel en la provincia de Buenos Aires.,Ayelén Berdiñas,2025-10-14 03:01:00+00:00,https://www.pagina12.com.ar/865582-sin-mas-tiempo-para-reimpresiones,el-pais
Los teléfonos voladores de Espert y Machado,Ambos habrían arrojado sus celulares por la medianera cuando fueron allanados,En la trama que los mantienen unidos sumaron un modus operandi en común. Las pruebas y cómo avanza la investigación.,Mara Pedrazzoli,2025-10-14 03:01:00+00:00,https://www.pagina12.com.ar/865538-los-telefonos-voladores-de-espert-y-machado,el-pais
Un candidato de los trabajadores,"La CGT llamó a ""reventar las urnas"" junto a Jorge Taiana",El candidato de Fuerza Patria compartió acto con la central sindical. Juntos rechazaron la reforma laboral que planea Milei.,Mara Pedrazzoli,2025-10-14 03:01:00+00:00,https://www.pagina12.com.ar/865535-un-candidato-de-los-trabajadores,el-pais
"Feministas todo el año, también en las elecciones","Opinión, por Myriam Bregman",Las últimas semanas fueron sumamente movilizantes para todas.,Mara Pedrazzoli,2025-10-13 03:10:08+00:00,https://www.pagina12.com.ar/865417-feministas-todo-el-ano-tambien-en-las-elecciones,el-pais
Advierten sobre la destrucción de las políticas de derechos humanos,"Christian Dürr, curador del memorial de Mauthausen","Christian Dürr, curador del Memorial de Mauthausen, advirtió sobre la destrucción de las políticas de derechos humanos que viene llevando adelante el Gobierno de Javier Milei y afirmó",Mara Pedrazzoli,2025-10-13 03:01:00+00:00,https://www.pagina12.com.ar/865220-advierten-sobre-la-destruccion-de-las-politicas-de-derechos-,el-pais
El Gobierno no logra borrar a Espert de la Boleta Única Papel,Nuevo revés en la justicia electoral,El fiscal federal Ramiro González también rechazó la reimpresión de las boletas. La última palabra la tendrá la Cámara electoral y todo indica que también fallarán contra el pedido de LLA.,Mara Pedrazzoli,2025-10-13 03:01:00+00:00,https://www.pagina12.com.ar/865255-el-gobierno-lo-logra-borrar-a-espert-de-la-boleta-unica-pape,el-pais
"Elecciones raras, como encendidas",La campaña electoral en un escenario atípico,"Las estrategias de oficialismo y oposición entre escándalos, candidatos renunciados, boletas con caras que ya no están, internas y proscripción.",Karina Micheletto,2025-10-13 03:01:00+00:00,https://www.pagina12.com.ar/865303-elecciones-raras-como-encendidas,el-pais
El Impenetrable Chaqueño: deforestación y miel en peligro,No disponible,"En las selvas conocidas como El Impenetrable, en el interior de la Provincia del Chaco, la comunidad Qom y algunas familias de criollos han encontrado en la miel orgánica que producen las se",Mempo Giardinelli,2025-10-13 03:01:00+00:00,https://www.pagina12.com.ar/865289-el-impenetrable-chaqueno-deforestacion-y-miel-en-peligro,el-pais
Nueva encuesta: Fuerza Patria aventaja con comodidad a LLA en provincia de Buenos Aires,El reemplazo de Espert por Santilli no atrae votantes,"Según una encuesta de la consultora Zuban Córdoba realizada entre el 8 y 10 de octubre, Fuerza Patria, encabezada por Jorge Taiana, se consolida y le saca más de 10 puntos de ventaja a LLA.",Mara Pedrazzoli,2025-10-13 03:01:00+00:00,https://www.pagina12.com.ar/865185-nueva-encuesta-fuerza-patria-aventaja-con-comodidad-a-lla-en,el-pais
Relaciones carnales en la era libertaria: una nueva bilateral entre Milei y Trump,Tendrán un encuentro este martes en la Casa Blanca,"El presidente Javier Milei viajará este lunes a Washington para reunirse con su par, Donald Trump, luego del acuerdo por el que Estados Unidos asistió al gobierno libertario vendiendo dólares en el",Mara Pedrazzoli,2025-10-13 03:01:00+00:00,https://www.pagina12.com.ar/865222-relaciones-carnales-en-la-era-libertaria-una-nueva-bilateral,el-pais
Últimas noticias desde el virreinato,El Tesoro estadounidense asumió la conducción económica argentina,"Un comunicado en inglés de Scott Bessent fue toda la información oficial sobre el salvataje a Javier Milei. A eso el Gobierno lo llama ""éxito"".",Eduardo Aliverti,2025-10-13 03:01:00+00:00,https://www.pagina12.com.ar/865181-ultimas-noticias-desde-el-virreinato,el-pais
"Repudiable video del gobierno por el 12 de octubre: “La civilización prevaleció sobre el salvajismo""",Críticas a los pueblos originarios y elogios a Cristóbal Colón,El Gobierno Nacional conmemoró el Día del Respeto por la Diversidad Cultural que se celebra este 12 de octubre con un repudiable video que critica a los pueblos originarios que habitaban la,Mara Pedrazzoli,2025-10-13 03:01:00+00:00,https://www.pagina12.com.ar/865177-repudiable-video-del-gobierno-por-el-12-de-octubre-la-civili,el-pais
"El ""cese al fuego"" que abrió una negociación posible entre los gobernadores y la Rosada",El enigma de la gobernabilidad prestada,Varios mandatarios provinciales jugaron a favor de Milei en la última votación en Diputados y le devolvieron al Senado con cambios el proyecto que limita los DNU. Del resultado de la elección dependerá si ese salvataje interno se consolida o el Congreso volverá al ataque con su agenda anti motosierra de los últimos meses.,Mara Pedrazzoli,2025-10-13 03:01:00+00:00,https://www.pagina12.com.ar/865264-el-cese-al-fuego-que-abrio-una-negociacion-posible-entre-los,el-pais
Cada vez más empleados pobres,Hasta el empleo registrado dejó de garantizar ingresos,El Instituto Gino Germani de la UBA reveló que el 72 por ciento de los trabajadores no cubre la canasta básica.,Mara Pedrazzoli,2025-12-09 22:29:00+00:00,https://www.pagina12.com.ar/2025/12/08/cada-vez-mas-empleados-pobres/,economia
"Rebaja de retenciones, más ajuste en el gasto",Con el objetivo de asegurar la liquidación de dólares en el verano.,"En un contexto de caída de la recaudación en términos reales, el Gobierno anunció un recorte de derechos de exportación.",Mara Pedrazzoli,2025-12-09 20:53:44.492000+00:00,https://www.pagina12.com.ar/2025/12/09/rebaja-de-retenciones-mas-ajuste-en-el-gasto/,economia
Crean la Secretaría de Asuntos Nucleares,Buscan precisar políticas para el sector energético,Por falta de objetividad en su desempeño,Mara Pedrazzoli,2025-12-09 20:35:08.222000+00:00,https://www.pagina12.com.ar/2025/12/09/crean-la-secretaria-de-asuntos-nucleares/,economia
“Hay trabajadores rehenes en los obradores”,Conflicto abierto por el oleoducto de Vaca Muerta en Río Negro,La Uocra asegura que en la construcción del oleoducto Vaca Muerta Oil Sur hay “infracciones en medidas de seguridad e higiene e incumplimiento de la ley provincial”.,Mara Pedrazzoli,2025-12-09 20:23:00+00:00,https://www.pagina12.com.ar/2025/12/08/hay-trabajadores-rehenes-en-los-obradores/,economia
"Milei, el nuevo campeón de la importación",En menos de un año superó el récord de Macri,"Las importaciones entre enero y septiembre ya superan las cifras del 2018. Desde electrodomésticos a bicicletas, todo pasa sin controles.",Mara Pedrazzoli,2025-12-09 20:20:37.829000+00:00,https://www.pagina12.com.ar/2025/12/09/milei-el-nuevo-campeon-de-la-importacion/,economia
Caputo sigue haciendo lo que más le gusta: endeudar al país,Emite un bono por 1.000 millones de dólares,El BONAR 2029N se lanzará mañana y apunta con lo recaudado a pagar el vencimiento de 4.500 millones de dólares de enero. Las críticas del exministro Guzmán.,Mara Pedrazzoli,2025-12-09 18:54:59.815000+00:00,https://www.pagina12.com.ar/2025/12/09/caputo-sigue-haciendo-lo-que-mas-le-gusta-endeudar-al-pais/,economia
Confirmaron aumentos y dos bonos para las empleadas domésticas: cómo quedan los salarios,Para noviembre y diciembre,"Las subas para los dos últimos mes del año son del 1,4% y 1,3%.",Mara Pedrazzoli,2025-12-09 13:07:13.078000+00:00,https://www.pagina12.com.ar/2025/12/09/confirmaron-aumentos-y-dos-bonos-para-las-empleadas-domesticas-como-quedan-los-salarios/,economia
Caputo anunció una pequeña baja en las retenciones para la soja y otros granos,Vía Twitter,La reducción de los derechos de exportación es del 2% para la mayoría de las exportaciones agropecuarias.,Mara Pedrazzoli,2025-12-09 12:05:51.873000+00:00,https://www.pagina12.com.ar/2025/12/09/caputo-anuncio-una-pequena-baja-en-las-retenciones-para-la-soja-y-otros-granos/,economia
"Dólar blue, dólar hoy: a cuánto cotizan el martes 9 de diciembre de 2025",La cotización del dólar para la compra y para la venta,"El precio del dólar oficial y de los dólares financieros. En directo, todas las modificaciones de la jornada cambiaria.",Mara Pedrazzoli,2025-12-09 12:03:45.628000+00:00,https://www.pagina12.com.ar/2025/12/09/dolar-blue-dolar-hoy-a-cuanto-cotizan-el-martes-9-de-diciembre-de-2025/,economia
Las ventas se hundieron 9%,"Alimentos y bebidas cayó casi 6 por ciento interanual, en noviembre","Los comercios minoristas encienden alarmas en todos los indicadores mensuales. Textiles, el rubro más complicado del año.",Mara Pedrazzoli,2025-12-09 03:01:00+00:00,https://www.pagina12.com.ar/2025/12/08/las-ventas-se-hundieron-9/,economia
"Para el mercado interno, productos más caros",La exportación de lácteos creció 19%,Por falta de objetividad en su desempeño,Mara Pedrazzoli,2025-12-09 03:01:00+00:00,https://www.pagina12.com.ar/2025/12/08/para-el-mercado-interno-productos-mas-caros/,economia
Caída de acciones en Wall Street,A la espera de la licitación del bono en dólares,Por falta de objetividad en su desempeño,Mara Pedrazzoli,2025-12-09 03:01:00+00:00,https://www.pagina12.com.ar/2025/12/08/caida-de-acciones-en-wall-street/,economia
El furor made in destruye la industria textil,Hasta octubre ingresaron más de 300mil toneladas de productos textiles,Las importaciones del rubro pegaron un salto de 89 por ciento interanual en cantidades y de 61 por ciento en montos. Las fábricas locales pelean por sobrevivir.,Mara Pedrazzoli,2025-12-09 03:01:00+00:00,https://www.pagina12.com.ar/2025/12/08/el-furor-made-in-destruye-la-industria-textil/,economia
Descontrol en el precio de los alimentos,Supermercados y comercios barriales denuncian aumentos de hasta 8 por ciento,"Los fabricantes aducen que suben porque corrigen por precio lo que no consiguen por la crisis de ventas. Hay alzas semanales promedio superiores al 1 por ciento y la carne subió 35 por ciento en un mes. Todos miran el dato de INDEC, que sale este jueves.",Leandro Renou,2025-12-09 02:00:00+00:00,https://www.pagina12.com.ar/2025/12/09/descontrol-en-el-precio-de-los-alimentos/,economia
El 72% de los trabajadores no cubre la canasta básica,Advierten sobre el colapso de los ingresos,El fenómeno del “trabajador pobre” alcanza a los empleados formales e informales. 7 de cada 10 empleados no cobra $1 millón por mes. La pobreza residual y el pluriempleo.,Mara Pedrazzoli,2025-12-08 15:57:13.300000+00:00,https://www.pagina12.com.ar/2025/12/08/el-72-de-los-trabajadores-no-cubre-la-canasta-basica/,economia
"La mitad de la Argentina sufre “estrés económico”, según la UCA","Pobreza e indigencia, movilidad social y ""humor"" de la población",El Observatorio de la Deuda Social advierte que sin programas sociales la indigencia prácticamente se duplicaría.,Mara Pedrazzoli,2025-12-05 03:01:00+00:00,https://www.pagina12.com.ar/2025/12/04/la-mitad-de-la-argentina-sufre-estres-economico-segun-la-uca/,economia
Fuerte crítica a la medición de pobreza,"Según la UCA, la tasa de pobreza sería del 36,3 por ciento.",Tres cuartas partes de la caída que festeja el Gobierno libertario es una ilusión estadística.,Mara Pedrazzoli,2025-12-05 03:01:00+00:00,https://www.pagina12.com.ar/2025/12/04/fuerte-critica-a-la-medicion-de-pobreza/,economia
El dólar aflojó con la suba,"Después de varias jornadas en alza, retrocedió a 1470 pesos",Por falta de objetividad en su desempeño,Mara Pedrazzoli,2025-12-05 01:39:54.891000+00:00,https://www.pagina12.com.ar/2025/12/05/el-dolar-aflojo-con-la-suba/,economia
El BCRA cambia la forma de calcular el dólar oficial,Desde enero de 2026,"Se basará en operaciones reales, aunque seguirá sujeto a decisiones del Estado.",Natalia López Gómez,2025-12-04 22:07:26.991000+00:00,https://www.pagina12.com.ar/2025/12/04/el-bcra-cambia-la-forma-de-calcular-el-dolar-oficial/,economia
"Dólar blue, dólar hoy: a cuánto cotizan el jueves 4 de diciembre de 2025",La cotización del dólar para la compra y para la venta,"El precio del dólar oficial y de los dólares financieros. En directo, todas las modificaciones de la jornada cambiaria.",Mara Pedrazzoli,2025-12-04 11:50:00+00:00,https://www.pagina12.com.ar/2025/12/04/dolar-blue-dolar-hoy-a-cuanto-cotizan-el-jueves-4-de-diciembre-de-2025/,economia
Barclays alerta sobre las reservas,Asegura que están abajo de cuando asumió Milei,Por falta de objetividad en su desempeño,Mara Pedrazzoli,2025-12-04 04:39:00+00:00,https://www.pagina12.com.ar/2025/12/04/barclays-alerta-sobre-las-reservas-2/,economia
Subió fuerte la cantidad de repartidores Rappi,Datos de la misma empresa muestran una suba del 40 por ciento,"En el mes de noviembre se registraron más de 43 mil repartidores, contra los 31 mil del 2024. Postales de la informalidad laboral.",Mara Pedrazzoli,2025-12-04 03:01:00+00:00,https://www.pagina12.com.ar/2025/12/03/subio-fuerte-la-cantidad-de-repartidores-rappi/,economia
“Volver a poner a la producción en el centro de la escena”,Entrevista al economista peronista Martín Pollera,"En diálogo con Página/12, Pollera cuenta las ideas económicas que se están debatiendo en el peronismo.",Mara Pedrazzoli,2025-12-04 03:01:00+00:00,https://www.pagina12.com.ar/2025/12/03/volver-a-poner-a-la-produccion-en-el-centro-de-la-escena/,economia
"Sin reservas, Caputo busca deuda",Para afrontar el pago de intereses programado para enero,"El Central no logra acumular divisas, y cada vencimiento relevante obliga a salir a pedir nuevos préstamos con más intereses.",Mara Pedrazzoli,2025-12-04 03:01:00+00:00,https://www.pagina12.com.ar/2025/12/04/sin-reservas-caputo-busca-deuda/,economia
El salario mínimo subió apenas 6.000 pesos,La CGT rechazó la decisión por insuficiente y alejada de la realidad,"Por decreto, el Gobierno destruye los ingresos. El mínimo quedó abajo del dato de 2001. Desde que llegó Milei, solo creció 79%, mientras el boleto de colectivo escaló 600%.",Juan Garriga,2025-12-04 03:01:00+00:00,https://www.pagina12.com.ar/2025/12/03/el-salario-minimo-subio-6000-pesos-mensual/,economia
Milei rompió toda la industria del juguete,"Importaciones récord, caída del consumo y cierre de empresas","El ingreso de producto del extranjero subió casi 95 por ciento. “El consumo no muestra señales de recuperación”, explicó la Cámara del Juguete (CAIJ). Las ventas de Navidad y Reyes, con perspectiva negativa.",Leandro Renou,2025-12-02 03:01:00+00:00,https://www.pagina12.com.ar/2025/12/02/milei-rompio-toda-la-industria-del-juguete/,economia
Se achica la industria nacional,"Con Milei, General Motors pasó de 1000 a 600 operarios",La firma automotriz despidió a otros 90 operarios en la planta de Alvear. El recorte del personal alcanza al 40 por ciento y la tendencia parece irremediable.,Mara Pedrazzoli,2025-12-02 03:01:00+00:00,https://www.pagina12.com.ar/2025/12/01/se-achica-la-industria-nacional/,economia
"Autos de lujo, más baratos",Sube el piso del tributo que afecta a las unidades de alta gama,Por falta de objetividad en su desempeño,Mara Pedrazzoli,2025-12-02 03:01:00+00:00,https://www.pagina12.com.ar/2025/12/01/autos-de-lujo-mas-baratos/,economia
Otro sacudón a los bolsillos,Diciembre trajo subas calientes en tarifas y servicios,La dinámica tarifaria queda atada a la inflación en un contexto de pérdida de poder adquisitivo y de caída del consumo.,Mara Pedrazzoli,2025-12-02 03:01:00+00:00,https://www.pagina12.com.ar/2025/12/01/otro-sacudon-a-los-bolsillos/,economia
Cuarta caída al hilo en la recaudación pública,"Rebaja del 8,6 por ciento en términos reales.","La recaudación del Estado nacional anotó un alza interanual del 19,7 por ciento, por debajo de la dinámica de la inflación del período.",Mara Pedrazzoli,2025-12-02 03:01:00+00:00,https://www.pagina12.com.ar/2025/12/01/cuarta-caida-al-hilo-en-la-recaudacion-publica/,economia
El mercado juega al sube y baja,"Con reservas del BCRA, el Gobierno enfrentó el Bopreal","La cotización blue volvió a trepar hasta 1.445, el mismo día que el Gobierno pagó un vencimiento de 1.000 millones de dólares.",Mara Pedrazzoli,2025-12-02 03:01:00+00:00,https://www.pagina12.com.ar/2025/12/01/el-mercado-juega-al-sube-y-baja/,economia
Domingo Cavallo volvió a criticar a Milei por el dólar barato y las altas tasas de interés,Pidió el levantamiento completo del cepo,El exministro de Economía al que el Presidente consideraba “el mejora de la historia” publicó un documento en el que marcó sus discrepancias con el rumbo económico.,Mara Pedrazzoli,2025-12-01 17:26:28.075000+00:00,https://www.pagina12.com.ar/2025/12/01/domingo-cavallo-volvio-a-criticar-a-milei-por-el-dolar-barato-y-las-altas-tasas-de-interes/,economia
Cuenta DNI diciembre 2025: todos los descuentos para el último mes del año,Mes navideño,"Banco Provincia oficializó los beneficios de fin de año. Incluyen rebajas en alimentos, ferias, supermercados y farmacias. También habrá descuentos especiales para jóvenes y cuotas sin interés en la previa de Navidad.",Mara Pedrazzoli,2025-12-01 17:08:01.436000+00:00,https://www.pagina12.com.ar/2025/12/01/cuenta-dni-diciembre-2025-todos-los-descuentos-para-el-ultimo-mes-del-ano/,economia
No se salva ni Papá Noel: la industria del juguete alerta por una Navidad con ventas a la baja,El Grinch libertario,Solo en el último año la cantidad de empresas importadoras pasó de 199 a 530.,Mara Pedrazzoli,2025-12-01 16:44:20.149000+00:00,https://www.pagina12.com.ar/2025/12/01/no-se-salva-ni-papa-noel-la-industria-del-juguete-alerta-por-una-navidad-con-ventas-a-la-baja/,economia
Diciembre comienza con aumentos en la luz y el gas,Más presión para los hogares,"Las tarifas de energía vuelven a subir desde este 1° de diciembre. La actualización impacta sobre hogares, comercios e industrias. También se encarecen el transporte público y los peajes en el AMBA.",Mara Pedrazzoli,2025-12-01 15:16:48.668000+00:00,https://www.pagina12.com.ar/2025/12/01/diciembre-comienza-con-aumentos-en-la-luz-y-el-gas/,economia
Hidroeléctricas para los privados,El Gobierno podría obtener 700 millones por la privatización,Las centrales serán operadas por bajo el esquema de concesión por venta de energía. Contratos con una duración de 30 años.,Mara Pedrazzoli,2025-11-29 03:01:00+00:00,https://www.pagina12.com.ar/2025/11/29/hidroelectricas-para-los-privados/,economia
La ficción del Indec en turismo y finanzas,Advierten que tocaron los datos para ocultar la recesión económica,"Con las cifras originales, el trimestre habría cerrado en baja, completando dos períodos consecutivos en terreno negativo. Los cambios en la serie alteraron la medición.",Juan Garriga,2025-11-29 03:01:00+00:00,https://www.pagina12.com.ar/2025/11/29/la-ficcion-del-indec-en-turismo-y-finanzas/,economia
La caída en la línea blanca afecta al acero,Efecto dominó en la industria,Por falta de objetividad en su desempeño,Mara Pedrazzoli,2025-11-29 03:01:00+00:00,https://www.pagina12.com.ar/2025/11/29/la-caida-en-la-linea-blanca-afecta-al-acero/,economia
"Tarifas en dólares, sueldos planchados",Quita de subsidios: la motosierra avanza sobre los ingresos populares,"Para enero de 2026, el Gobierno estableció que casi la totalidad del costo en luz y gas pase a los usuarios. El monto se calcula en 1.000 millones de dólares.",Mara Pedrazzoli,2025-11-29 03:01:00+00:00,https://www.pagina12.com.ar/2025/11/29/tarifas-en-dolares-sueldos-planchados/,economia
El sector público recortó 15 mil empleos,"Desde la llegada de Milei, la cifra supera los 50 mil",Por falta de objetividad en su desempeño,Mara Pedrazzoli,2025-11-29 03:01:00+00:00,https://www.pagina12.com.ar/2025/11/29/el-sector-publico-recorto-15-mil-empleos/,economia
Dólar cómodo para importar,"La política económica atenta contra la producción, la inversión y el empleo",Luis Caputo dice que se siente cómodo con el nivel actual de tipo de cambio mientras las empresas caen como fichas de dominó. El secretario de Producción dice que la mejor política industrial es la que no existe.,David Cufré,2025-11-29 00:35:41.980000+00:00,https://www.pagina12.com.ar/2025/11/29/dolar-comodo-para-importar/,economia
El nuevo esquema del Gobierno para eliminar los subsidios en luz y gas,Ajuste y tarifazo a pedido del FMI,"El proyecto oficial pone fin a la segmentación tarifaria y define dos grandes sectores: subsidiados y no subsidiados. A los hogares con ingresos menores a tres canastas básicas se les compensará el 50 por ciento de las facturas, pero podrían perder el beneficio por nivel de consumo.",Mara Pedrazzoli,2025-11-28 13:22:17.863000+00:00,https://www.pagina12.com.ar/2025/11/28/el-nuevo-esquema-del-gobierno-para-eliminar-los-subsidios-en-luz-y-gas/,economia
"Dólar blue, dólar hoy: a cuánto cotizan el viernes 28 de noviembre de 2025",La cotización del dólar para la compra y para la venta,"El precio del dólar oficial y de los dólares financieros. En directo, todas las modificaciones de la jornada cambiaria.",Mara Pedrazzoli,2025-11-28 11:50:00+00:00,https://www.pagina12.com.ar/2025/11/28/dolar-blue-dolar-hoy-a-cuanto-cotizan-el-viernes-28-de-noviembre-de-2025/,economia
Sigue la mejora inmobiliaria,En octubre se cerraron 7018 operaciones en CABA,Por falta de objetividad en su desempeño,Mara Pedrazzoli,2025-11-28 03:01:00+00:00,https://www.pagina12.com.ar/2025/11/28/sigue-la-mejora-inmobiliaria/,economia
La industria 10 puntos por debajo del 2023,La UIA adelantó una baja del 2 por ciento en octubre,El estancamiento de las fábricas es sostenido y sólo dos segmentos están mejor que en 2022. El titular de la entidad sigue alinea con Milei.,Mara Pedrazzoli,2025-11-28 03:01:00+00:00,https://www.pagina12.com.ar/2025/11/27/la-industria-10-puntos-por-debajo-del-2023/,economia
El oficial volvió a subir,"Quinta rueda al alza: quedó en $1453,50",Por falta de objetividad en su desempeño,Mara Pedrazzoli,2025-11-27 03:01:00+00:00,https://www.pagina12.com.ar/2025/11/27/el-oficial-volvio-a-subir/,economia
Fuerte renovación y caída de tasas,Operación del Tesoro con tasas del orden del 35 por ciento.,"Economía logró colocar deuda en pesos por casi 15 billones de pesos y alcanzó un nivel de renovación del 96,48 por ciento.",Juan Garriga,2025-11-27 03:01:00+00:00,https://www.pagina12.com.ar/2025/11/26/fuerte-renovacion-y-caida-de-tasas/,economia
Crisis en las panaderías por la suba de costos,"""El Gobierno sigue asfixiando a las pymes”, advierte la Cámara.","Los panaderos encienden alarmas por la suba en las tarifas, que se suma al alza en combustibles, alquileres y la harina.",Mara Pedrazzoli,2025-11-27 03:01:00+00:00,https://www.pagina12.com.ar/2025/11/26/crisis-en-las-panaderias-por-la-suba-de-costos/,economia
Desplome en las ventas mayoristas,También dieron negativo en supermercados y shoppings,Por falta de objetividad en su desempeño,Mara Pedrazzoli,2025-11-27 03:01:00+00:00,https://www.pagina12.com.ar/2025/11/27/desplome-en-las-ventas-mayoristas/,economia
Las importaciones desplazan a los trabajadores,"Después las elecciones, Milei volvió a provocar cientos de despidos",El ingreso de productos que compiten con los de fabricación nacional y el encarecimiento de los costos productivos alientan la desindustrialización y el desempleo.,Bernarda Tinetti,2025-11-27 03:01:00+00:00,https://www.pagina12.com.ar/2025/11/27/las-importaciones-desplazan-a-los-trabajadores/,economia
No hubo acuerdo y el Salario Mínimo es el más bajo en dos décadas: las empresas ofrecieron $4.800 de aumento,El Gobierno lo aumentará por Decreto,"El SMVM es clave porque se toma como referencia para negociaciones salariales, mediciones estadísticas o prestaciones sociales. Desde diciembre de 2023 se devaluó más de 35% con respecto a la inflación.",Vardan Bleyan,2025-11-26 18:47:37.790000+00:00,https://www.pagina12.com.ar/2025/11/26/no-hubo-acuerdo-y-el-salario-minimo-es-el-mas-bajo-en-dos-decadas-las-empresas-ofrecieron-4800-de-aumento/,economia
Las consecuencias del modelo Milei: Whirlpool cierra su fábrica en Pilar y despide a 300 trabajadores,Caída en las ventas y apertura importadora,"La empresa de electrodomésticos decidió dejar de fabricar en la Argentina. “Se nos comentó que es más barato traer de afuera el producto y venderlo”, contó un empleado.",Mara Pedrazzoli,2025-11-26 15:48:32.407000+00:00,https://www.pagina12.com.ar/2025/11/26/las-consecuencias-del-modelo-milei-whirlpool-cierra-su-fabrica-en-pilar-y-despide-a-300-trabajadores/,economia
"Dólar blue, dólar hoy: a cuánto cotizan el miércoles 26 de noviembre de 2025",La cotización del dólar para la compra y para la venta,"El precio del dólar oficial y de los dólares financieros. En directo, todas las modificaciones de la jornada cambiaria.",Mara Pedrazzoli,2025-11-26 12:01:48.504000+00:00,https://www.pagina12.com.ar/2025/11/26/dolar-blue-dolar-hoy-a-cuanto-cotizan-el-miercoles-26-de-noviembre-de-2025/,economia
El dólar oficial apunta al techo,La divisa subió casi 60 pesos en sólo cuatro ruedas,"Con las últimos movimientos al alza, el tipo de cambio revirtió la baja que había acumulado en noviembre. Quedó en 1447,5.",Mara Pedrazzoli,2025-11-26 03:01:00+00:00,https://www.pagina12.com.ar/2025/11/26/el-dolar-oficial-apunta-al-techo/,economia
El aumento de la luz impactó más en los sectores medios,La contracara de un consumo popular que no repunta,El recorte de subsidios y suba de tarifas reduce poder adquisitivo de hogares de tipo N3.,Mara Pedrazzoli,2025-11-26 03:01:00+00:00,https://www.pagina12.com.ar/2025/11/25/el-aumento-de-la-luz-impacto-mas-en-los-sectores-medios/,economia
A contramano y a toda velocidad,“La mejor política industrial es la que no existe”,El Gobierno profundiza una línea de desregulación y apertura en un contexto ya tensionado por la avalancha de importaciones y la falta de instrumentos de protección a la industria.,Juan Garriga,2025-11-25 03:01:00+00:00,https://www.pagina12.com.ar/2025/11/24/a-contramano-y-a-toda-velocidad/,economia
Otra suba de tarifas encubierta,Las empresas eléctricas podrían ganar 60 millones de dólares,"Con solo una maniobra, las compañías se garantizan ganancias extraordinarias. Los usuarios pagarán tres facturas en dos meses.",Bernarda Tinetti,2025-11-24 23:18:00+00:00,https://www.pagina12.com.ar/2025/11/23/otra-suba-de-tarifas-encubierta-2/,economia
"Milei, en una luna de miel sin salarios ni empleo","Sube la aprobación, con fuertes críticas al rumbo económico","La Universidad de San Andrés reportó que los bajos sueldos, la corrupción y la falta de trabajo dominan las quejas. Seis de diez no están satisfechos con el rumbo económico. ¿Qué pasa con la Reforma Laboral y el tamaño del Estado?",Leandro Renou,2025-11-24 21:31:08.134000+00:00,https://www.pagina12.com.ar/2025/11/24/milei-en-una-luna-de-miel-sin-salarios-ni-empleo/,economia
"Para Broda, este dólar “destruye empresas”",Dura crítica del economista más elogiado por Milei,Por falta de objetividad en su desempeño,Mara Pedrazzoli,2025-11-24 21:13:19.585000+00:00,https://www.pagina12.com.ar/2025/11/24/para-broda-este-dolar-destruye-empresas/,economia
Malabares para llegar a fin de mes,Casi la mitad de las familias no cubre gastos básicos,"Salarios rezagados y aumento de precios, una combinación que impulsa el endeudamiento y, al mismo tiempo, la morosidad.",Mara Pedrazzoli,2025-11-24 03:01:00+00:00,https://www.pagina12.com.ar/2025/11/23/malabares-para-llegar-a-fin-de-mes/,economia
La economía de Milei: crecen las deudas y superan los $5 millones por cliente,Con entidades bancarias y no bancarias,"Las deudas de clientes con bancos y financieras se dispararon en el último año. El monto promedio supera los $5,6 millones por persona. El Banco Central alertó por el deterioro de la calidad crediticia.",Mara Pedrazzoli,2025-11-23 23:08:33.430000+00:00,https://www.pagina12.com.ar/2025/11/23/la-economia-de-milei-crecen-las-deudas-y-superan-los-5-millones-por-cliente/,economia
La financiación de autos nuevos y usados cayó al mínimo del año en octubre,"""Incertidumbre macroeconómica y política""",Por falta de objetividad en su desempeño,Mara Pedrazzoli,2025-11-23 17:47:28.976000+00:00,https://www.pagina12.com.ar/2025/11/23/la-financiacion-de-autos-nuevos-y-usados-cayo-al-minimo-del-ano-en-octubre/,economia
"Es el modelo económico, estúpido",Opinión,Por falta de objetividad en su desempeño,Hernán Letcher,2025-11-23 03:01:00+00:00,https://www.pagina12.com.ar/2025/11/22/es-el-modelo-economico-estupido/,economia
“Veranitos” cada vez más cortos: vuelven las dudas del mercado,Volvió a subir el riesgo país y cayeron las acciones,La caída del crédito por 20.000 millones de dólares prometido por Scott Bessent deja al desnudo la fragilidad de la economía argentina.,Mara Pedrazzoli,2025-11-23 03:01:00+00:00,https://www.pagina12.com.ar/2025/11/21/veranitos-cada-vez-mas-cortos-vuelven-las-dudas-del-mercado/,economia
Avanza la privatización de las rutas,Segunda licitación para la privatización de 1.871 kilómetros de rutas y autopistas.,Por falta de objetividad en su desempeño,Mara Pedrazzoli,2025-11-23 03:01:00+00:00,https://www.pagina12.com.ar/2025/11/21/avanza-la-privatizacion-de-las-rutas/,economia
La industria nacional sigue por el subsuelo,Datos de FIEL que anticipan el informe del Indec,"La actividad industrial en octubre cayó 5,3 por ciento en forma interanual y en el acumulado de diez meses el nivel es similar al del mismo período de 2024.",Mara Pedrazzoli,2025-11-21 03:46:00+00:00,https://www.pagina12.com.ar/2025/11/20/la-industria-nacional-sigue-por-el-subsuelo/,economia
"Y sí, la soja es peronista",Opinión,Por falta de objetividad en su desempeño,Javier Preciado Patiño,2025-11-21 03:17:00+00:00,https://www.pagina12.com.ar/2025/11/21/y-si-la-soja-es-peronista/,economia
CNV autoriza a adolescentes desde los 13 años a operar en los mercados financieros,Expertos hablan de irresponsabilidad de parte del Gobierno,"En un contexto de incremento de la ludopatía entre adolescentes, especialistas advierten que existe un riesgo concreto de que se confunda la dinámica del mercado de capitales con los juegos de azar.",Juan Garriga,2025-11-20 21:27:16.988000+00:00,https://www.pagina12.com.ar/2025/11/20/cnv-autoriza-a-adolescentes-desde-los-13-anos-a-operar-en-los-mercados-financieros/,economia
"El consumo más sensible, por el piso",Hubo caídas interanuales muy fuertes en octubre,"La consultora Scentia reportó una baja del 3,3 en compra en Farmacias, de 4 en hipermercados y de casi 5 en mayoristas. En almacenes, las ventas crecieron fuerte.",Mara Pedrazzoli,2025-11-20 20:24:07.943000+00:00,https://www.pagina12.com.ar/2025/11/20/el-consumo-mas-sensible-por-el-piso/,economia
"Dólar blue, dólar hoy: a cuánto cotizan el jueves 20 de noviembre de 2025",La cotización del dólar para la compra y para la venta,"El precio del dólar oficial y de los dólares financieros. En directo, todas las modificaciones de la jornada cambiaria.",Mara Pedrazzoli,2025-11-20 11:50:00+00:00,https://www.pagina12.com.ar/2025/11/20/dolar-blue-dolar-hoy-a-cuanto-cotizan-el-jueves-20-de-noviembre-de-2025/,economia
"La carne, casi un producto de alta gama",Los precios se dispararon hasta 25 por ciento en menos de dos meses,La suba del del ganado en pie y la exportación liberada produjeron un sacudón en mostradores. El rubro recalienta la inflación de noviembre.,Leandro Renou,2025-11-20 11:23:00+00:00,https://www.pagina12.com.ar/2025/11/20/la-carne-casi-un-producto-de-alta-gama/,economia
Un debate que recién comienza,Aporte de profesionales para un plan económico del PJ,"“Consideraciones y propuestas sobre un modelo económico de crecimiento productivo y federal”, sintetizó CFK el contenido del documento",Mara Pedrazzoli,2025-11-20 03:00:00+00:00,https://www.pagina12.com.ar/2025/11/20/un-debate-que-recien-comienza/,economia
"Choferes: sueldo y aguinaldo, en cuotas",Transporte en bondis con conflicto en puerta,Por falta de objetividad en su desempeño,Mara Pedrazzoli,2025-11-20 01:41:07.384000+00:00,https://www.pagina12.com.ar/2025/11/20/choferes-sueldo-y-aguinaldo-en-cuotas/,economia
Crece la exportación pero baja el superávit,Debilidades del comercio exterior,Por falta de objetividad en su desempeño,Mara Pedrazzoli,2025-11-20 01:15:00.881000+00:00,https://www.pagina12.com.ar/2025/11/20/crece-la-exportacion-pero-baja-el-superavit/,economia
Un debate que recién comienza,Aporte de profesionales para un plan económico del PJ,"“Consideraciones y propuestas sobre un modelo económico de crecimiento productivo y federal”, sintetizó CFK el contenido del documento",Mara Pedrazzoli,2025-11-20 00:36:22.528000+00:00,https://www.pagina12.com.ar/2025/11/19/propuesta-economica-en-el-peronismo/,economia
Las tasas de interés no bajan,"En préstamos al sector privado rondan 85% y en créditos, 95%",La brecha con la inflación revela que el costo del financiamiento opera como un freno explícito al consumo y la producción.,Juan Garriga,2025-11-18 21:36:29.028000+00:00,https://www.pagina12.com.ar/2025/11/18/las-tasas-de-interes-no-bajan/,economia
El consumo no sale del pozo,No disponible,"Volvió a caer 2,3 por ciento interanual en Autoservicios",Mara Pedrazzoli,2025-11-18 20:25:54.672000+00:00,https://www.pagina12.com.ar/2025/11/18/el-consumo-no-sale-del-pozo/,economia
El costo de vivir con un sueldo de Rappi,Un informe muestra cuántos pedidos hay que hacer para pagar las cuentas,"La Fundación Encuentro calculó que para llegar a un Salario Mínimo se necesitan 126 pedidos, 15 para pagar el monotributo, 190 para criar un hijo y 461 para sostener un hogar tipo.",Mara Pedrazzoli,2025-11-18 20:22:43.723000+00:00,https://www.pagina12.com.ar/2025/11/18/el-costo-de-vivir-con-un-sueldo-de-rappi/,economia
Un estudio indica que 7 de  cada 10 argentinos tienen estrés financiero,Crisis económica,Aumenta el porcentaje de personas que no llegan a fin de mes y que se endeudan para vivir. La morosidad de préstamos y tarjetas de crédito en niveles récord.,Mara Pedrazzoli,2025-11-18 16:53:39.110000+00:00,https://www.pagina12.com.ar/2025/11/18/un-estudio-indica-que-7-de-cada-10-argentinos-tienen-estres-financiero/,economia
"Dólar blue, dólar hoy: a cuánto cotizan el martes 18 de noviembre de 2025",La cotización del dólar para la compra y para la venta,"El precio del dólar oficial y de los dólares financieros. En directo, todas las modificaciones de la jornada cambiaria.",Mara Pedrazzoli,2025-11-18 12:17:39.852000+00:00,https://www.pagina12.com.ar/2025/11/18/dolar-blue-dolar-hoy-a-cuanto-cotizan-el-martes-18-de-noviembre-de-2025/,economia
Crítica situación en la industria metalúrgica,"La producción cayó 4,6% en octubre respecto a un muy mal año 2024",El informe mensual de Adimra marca el deterioro en un sector emblemático de la actividad manufacturera. Caída del uso de capacidad instalada a niveles casi sin precedentes,Mara Pedrazzoli,2025-11-18 03:16:39.076000+00:00,https://www.pagina12.com.ar/2025/11/18/critica-situacion-en-la-industria-metalurgica/,economia
Dólar en pausa y esperando cambios,La cotización oficial bajó por quinto día consecutivo. Caen la bolsa y los bonos,"El dólar mayorista se ubicó por debajo de los $1400, sin certezas del mercado sobre el futuro de las bandas cambiarias",Mara Pedrazzoli,2025-11-18 03:00:00+00:00,https://www.pagina12.com.ar/2025/11/18/dolar-en-pausa-y-esperando-cambios/,economia
Una familia tipo necesita $1.156.988,Para viajar el fin de semana largo por la Soberanía Nacional,El importe equivale al 74% de un sueldo promedio. La relación entre costo de viaje y salario no varió respecto del 2024.,Mara Pedrazzoli,2025-11-18 00:12:55.711000+00:00,https://www.pagina12.com.ar/2025/11/18/una-familia-tipo-necesita-1156988/,economia
El pasaje mínimo al borde de los 500 pesos,El boleto en AMBA aumentó casi 10 por ciento,Por falta de objetividad en su desempeño,Mara Pedrazzoli,2025-11-17 23:15:21.843000+00:00,https://www.pagina12.com.ar/2025/11/17/el-pasaje-minimo-al-borde-de-los-500-pesos/,economia
El ajuste detrás del superávit,"El superávit fiscal acumula 0,5% del PBI en lo que va del año","Al comparar los primeros 9 meses de 2025 contra mismo periodo del 2023, el gasto total cayó casi 4 billones de pesos constantes.",Juan Garriga,2025-11-17 22:44:15.303000+00:00,https://www.pagina12.com.ar/2025/11/17/el-ajuste-detras-del-superavit/,economia
Adonde quiere llegar la reforma laboral de Milei,"La propuesta de máxima a partir de la cual el gobierno busca la ""colaboración"" de gobernadores y sindicalitas","Los puntos principales de la reforma que el Ejecutivo elevará al Congreso en diciembre. Precarización laboral y política antisindical, ejes de una propuesta que Milei le pedirá a los gobernadores que acompañen",Raúl Dellatorre,2025-11-16 03:00:00+00:00,https://www.pagina12.com.ar/2025/11/16/adonde-quiere-llegar-la-reforma-laboral-de-milei/,economia
"“Abren” la economía, cierran tu futuro",Acuerdo comercial con Estados Unidos,"El acuerdo entre Trump y Milei no es reciprocidad comercial, sino la formalización, vía tratado, del regreso de la Argentina al rol de patio trasero.",Consejo Asesor Opeir *,2025-11-16 03:00:00+00:00,https://www.pagina12.com.ar/2025/11/15/abren-la-economia-cierran-tu-futuro/,economia
Impacto sectorial de un mal acuerdo,Consecuencias para la producción nacional del tratado comercial con EEUU,Especialistas en negociaciones internacionales anticipan que laboratorios y la economía digital se verán negativamente afectdos,Mara Pedrazzoli,2025-11-16 03:00:00+00:00,https://www.pagina12.com.ar/2025/11/16/impacto-sectorial-de-un-mal-acuerdo/,economia
Detrás de la fiesta de la importación y los mercados,La apertura comercial derriba empresas y concentra negocios,"La economía de Milei ya destruyó el doble de firmas que la crisis del 2001 y hasta Galperín y Rocca piden que el Estado regule el ingreso de productos chinos. En paralelo, y con empresarios cercanos al Gobierno, revivió la entidad que importa autos de la mano de la invasión China. La estadística del ingreso de importados es demoledora y el acuerdo con Estados Unidos amenaza con un daño mucho mayor al entramado productivo.",Leandro Renou,2025-11-16 02:32:00+00:00,https://www.pagina12.com.ar/2025/11/16/detras-de-la-fiesta-de-la-importacion-y-los-mercados/,economia
"Si sube el dólar, no hay tragedia",Lo afirmó Melconian en un evento ante inversores,"Para el consultor, si no llegaba el rescate de los EE.UU, el programa económico de Javier Milei hubiera “volado por el aire” y fiel  su estiló metaforizó: “El doctor Bessent nos colocó tres stents y evitó el infarto cambiario. Si no salía el doctor Bessent, el paciente se moría. No estoy exagerando”.",Mara Pedrazzoli,2025-11-15 01:02:10.821000+00:00,https://www.pagina12.com.ar/2025/11/15/si-sube-el-dolar-no-hay-tragedia/,economia
Amcham celebró el marco de acuerdo con EE.UU,Aplausos para la motosierra a la industria,"El documento es “una señal contundente de confianza mutua y de la visión estratégica compartida hacia una mayor apertura e integración con las economías occidentales”, señalaron.",Mara Pedrazzoli,2025-11-15 00:22:34.447000+00:00,https://www.pagina12.com.ar/2025/11/15/amcham-celebro-el-marco-de-acuerdo-con-eeuu/,economia
El dólar cerró otra semana abajo del techo,La calma que podría anteceder al huracán en el mercado,La divisa mayorista retrocedió 3 pesos pesos para la venta este viernes y  consolidó una baja total cercana a los 50 pesos.,Mara Pedrazzoli,2025-11-14 23:59:13.302000+00:00,https://www.pagina12.com.ar/2025/11/14/el-dolar-cerro-otra-semana-abajo-del-techo/,economia
"La textil se descose, con Milei",Producción al mínimo: 6 de cada 10 máquinas están apagadas,"El peor momento del sector en dos décadas. El combo letal incluye apreciación cambiaria, desplome del consumo interno y apertura comercial.",Mara Pedrazzoli,2025-11-14 23:29:14.684000+00:00,https://www.pagina12.com.ar/2025/11/14/la-textil-se-descose-con-milei/,economia
La canasta de crianza marcó otra suba,"En octubre, aumentó 1,25 por ciento interanual","Alcanzó los 441.173 pesos en octubre para menores a 1 año y los 557.173 para niñas y niños de 6 a 12 años, según informó Indec.",Mara Pedrazzoli,2025-11-14 23:23:22.943000+00:00,https://www.pagina12.com.ar/2025/11/14/la-canasta-de-crianza-marco-otra-suba/,economia
Un puñal al corazón de la Argentina industrial,Las polémicas por el acuerdo asimétrico con Estados Unidos,"Sin un beneficio diferencial para un gobierno aliado como el de Milei, el país queda dentro de un modelo de convenios en serie, donde la asimetría es la regla.",Juan Garriga,2025-11-14 23:12:24.156000+00:00,https://www.pagina12.com.ar/2025/11/14/un-punal-al-corazon-de-la-argentina-industrial/,economia
Caputo ahora dice que el dólar no puede flotar,No disponible,"Volvió a culpar a la oposición por el riesgo de liberar el precio. “Mientras la alternativa siga siendo el comunismo, es muy difícil flotar”, dijo.",Mara Pedrazzoli,2025-11-13 20:49:21.155000+00:00,https://www.pagina12.com.ar/2025/11/13/caputo-ahora-dice-que-el-dolar-no-puede-flotar/,economia
Despidos en Newsan,"Una empresa ""ejemplo"" para Milei",Por falta de objetividad en su desempeño,Mara Pedrazzoli,2025-11-13 20:48:14.974000+00:00,https://www.pagina12.com.ar/2025/11/13/despidos-en-newsan/,economia
El Papa León a los empresarios argentinos: “trabajen al servicio del bien común”,Mensaje dirigido a la Conferencia Industrial Argentina,"El Papa mencionó el derecho a un “salario justo, a formar asociaciones y a vivir con dignidad”.",Elena Llorente,2025-11-13 20:37:44.533000+00:00,https://www.pagina12.com.ar/2025/11/13/el-papa-leon-a-los-empresarios-argentinos-trabajen-al-servicio-del-bien-comun/,economia
Máquinas un poco más apagadas,La industria sigue funcionando por debajo de su potencial,"La utilización de la capacidad instalada en la industria cayó a 61,1%, por debajo del registro de un año atrás.",Juan Garriga,2025-11-13 20:27:51.356000+00:00,https://www.pagina12.com.ar/2025/11/13/maquinas-un-poco-mas-apagadas/,economia
Con Javier Milei los salarios son aún peores que en 2023,Datos del INDEC,Tanto los trabajadores registrados del sector privado como los del público han visto sus sueldos devaluados con respecto a la inflación.,Mara Pedrazzoli,2025-11-13 19:06:04.355000+00:00,https://www.pagina12.com.ar/2025/11/13/con-javier-milei-los-salarios-son-aun-peores-que-en-2023/,economia
La advertencia del FMI a Caputo: “Debe acumular reservas más rápido”,El Fondo vuelve a marcarle el paso al Gobierno,"En Washington, la vocera Julie Kozack remarcó que el país no cumplió con las metas y alertan sobre el impacto en la estabilidad.",Mara Pedrazzoli,2025-11-13 18:24:00.014000+00:00,https://www.pagina12.com.ar/2025/11/13/la-advertencia-del-fmi-a-caputo-debe-acumular-reservas-mas-rapido/,economia
"Dólar blue, dólar hoy: a cuánto cotizan el jueves 13 de noviembre de 2025",La cotización del dólar para la compra y para la venta,"El precio del dólar oficial y de los dólares financieros. En directo, todas las modificaciones de la jornada cambiaria.",Mara Pedrazzoli,2025-11-13 11:50:00+00:00,https://www.pagina12.com.ar/2025/11/13/dolar-blue-dolar-hoy-a-cuanto-cotizan-el-jueves-13-de-noviembre-de-2025/,economia
El llanto silencioso de los hombres de la UIA,Evitan decir en público que la crisis se los está llevando puestos,"A horas de la Conferencia Industrial y mientras evitan confrontar en público, admiten en privado que están importando “casi la mitad” del producto y que el proceso de desindustrialización por la apertura de Milei será más rápido que con Menem. Por qué la actividad no se va a recuperar. La presión del fronting ideológico de Techint.",Leandro Renou,2025-11-13 03:00:00+00:00,https://www.pagina12.com.ar/2025/11/13/el-llanto-silencioso-de-los-hombres-de-la-uia/,economia
"La inflación oficial de octubre trepó hasta el  2,3%","Según el informe del Indec, el rubro que más subió en el mes fue Transporte:3,5 por ciento","Es la más alta de los últimos doce meses, pero se mantuvo por debajo de los niveles de febrero, marzo y abril. La canasta básica de una familia tipo ya supera los 966 mil pesos",Juan Garriga,2025-11-13 00:17:04.447000+00:00,https://www.pagina12.com.ar/2025/11/12/la-inflacion-oficial-de-octubre-llego-solo-a-23/,economia
Un día más con dólar estable,Mayor ingreso de divisas compensada con demandas por cobertura,El mayorista cerró en 1412 pesos tras haber perforado el piso de 1400 antes del mediodía. Pero el riesgo país sigue en torno a 600 puntos,Mara Pedrazzoli,2025-11-13 00:13:51.092000+00:00,https://www.pagina12.com.ar/2025/11/13/un-dia-mas-con-dolar-estable/,economia
Al cepo “ya le falta poco”,Vladimir Werning prometió el fin de los controles cambiarios,El funcionario anunció que las restricciones cambiarias comenzarán a levantarse muy pronto. “La economía vive un momento de entusiasmo”,Mara Pedrazzoli,2025-11-12 00:40:32.843000+00:00,https://www.pagina12.com.ar/2025/11/12/al-cepo-ya-le-falta-poco/,economia
YPF: Preska rechazó un pedido de la defensa,La magistrada dejó firmes los pedidos de información,La jueza y los buitres presionan para establecer conexiones que les permitan trabar embargos contra el país.,Mara Pedrazzoli,2025-11-12 00:11:34.808000+00:00,https://www.pagina12.com.ar/2025/11/12/ypf-preska-rechazo-un-pedido-de-la-defensa/,economia
El dólar se mantiene bajo techo,"La brecha con el límite superior alcanzó el 6,3 por ciento","La divisa cayó siete pesos con cincuenta centavos (-0,5 por ciento) y se ubicó en 1413 pesos.",Mara Pedrazzoli,2025-11-11 23:33:51.540000+00:00,https://www.pagina12.com.ar/2025/11/11/el-dolar-se-mantiene-bajo-techo/,economia
Los precios de la carne pisaron el acelerador,"En octubre, los cortes vacunos escalaron 3,3 por ciento intermensual",El alza muestra un cambio de tendencia respecto de lo que venía ocurriendo desde mayo. La devaluación no fue inocua en los mostradores de las carnicerías.,Mara Pedrazzoli,2025-11-11 23:19:07.988000+00:00,https://www.pagina12.com.ar/2025/11/11/los-precios-de-la-carne-pisaron-el-acelerador/,economia
“A contramano de la transparencia”,Coletazos del salvataje electoral a Milei,"Economistas opinan sobre la activación del swap, que se conoció a partir de las declaraciones de Bessent.",Juan Garriga,2025-11-11 22:26:10.729000+00:00,https://www.pagina12.com.ar/2025/11/11/a-contramano-de-la-transparencia/,economia
Milei arrasó la autonomía del Banco Central,No disponible,El FMI no cuestiona la intromisión como lo hizo con otros gobiernos,Betina Stein,2025-11-11 22:18:08.282000+00:00,https://www.pagina12.com.ar/2025/11/11/milei-arraso-la-autonomia-del-banco-central/,economia
Caputo defendió las bandas,El ministro descartó la flotación libre,Por falta de objetividad en su desempeño,Mara Pedrazzoli,2025-11-11 21:22:35.834000+00:00,https://www.pagina12.com.ar/2025/11/11/caputo-defendio-las-bandas/,economia
El INDEC difundirá mañana el dato de inflación de octubre,Habría quedado por encima del 2%,Por falta de objetividad en su desempeño,Mara Pedrazzoli,2025-11-11 20:49:53.882000+00:00,https://www.pagina12.com.ar/2025/11/11/el-indec-difundira-manana-el-dato-de-inflacion-de-octubre/,economia
Ganancias de Bessent y silencio del gobierno,Opacidad libertaria frente a una operación de deuda pública,"Bessent confirmó que se activó el swap. Es decir, que Estados Unidos se garantizó una ganancia financiera contra el aumento de la deuda argentina.",Javier Lewkowicz,2025-11-11 20:42:54.640000+00:00,https://www.pagina12.com.ar/2025/11/11/ganancias-de-bessent-y-silencio-del-gobierno/,economia
"Dólar blue, dólar hoy: a cuánto cotizan el martes 11 de noviembre de 2025",La cotización del dólar para la compra y para la venta,"El precio del dólar oficial y de los dólares financieros. En directo, todas las modificaciones de la jornada cambiaria.",Mara Pedrazzoli,2025-11-11 11:51:02+00:00,https://www.pagina12.com.ar/872677-dolar-blue-dolar-hoy-a-cuanto-cotizan-el-martes-11-de-noviem,economia
Milei a favor de las distribuidoras,Reclaman 3.600 millones de dólares por los congelamientos tarifarios,"En el presupuesto 2026, el Gobierno blanquea ""deudas"" del Estado con las compañías. Alerta por el riesgo fiscal y el fantasma del Ciadi. La propuesta traslada presión sobre el valor del servicio eléctrico en las boletas de los usuarios. El cálculo de lo adeudado queda en manos de la Secretaría de Energía.",Bernarda Tinetti,2025-11-10 03:01:00+00:00,https://www.pagina12.com.ar/872397-milei-a-favor-de-las-distribuidoras,economia
"Disparidad de ingresos, límite al desarrollo",Recaudación: la brecha entre provincias llega al 1.300 por ciento,Ciudad Autónoma recaudó 15 veces más por habitante que Santiago del Estero. Las jurisdicciones petroleras corren con ventaja.,Mara Pedrazzoli,2025-11-10 03:01:00+00:00,https://www.pagina12.com.ar/872353-disparidad-de-ingresos-limite-al-desarrollo,economia
El monopolio cerealero va por los trenes de carga,Las empresas agroexportadoras negocian la adjudicación del Belgrano Cargas,"El modelo de reprivatización del gobierno es funcional a un esquema excluyente que dejaría a la población y la producción del interior fuera del acceso al transporte ferroviario, reservado sólo a los grandes exportadores",Raúl Dellatorre,2025-11-09 03:01:00+00:00,https://www.pagina12.com.ar/872204-el-monopolio-cerealero-va-por-los-trenes-de-carga,economia
Un dólar intervenido y el miedo de Milei a precios inquietos,"El Gobierno se aferra al atraso cambiario, pero la inflación se mueve más rápido","Los Alimentos tiene alzas de hasta 7 por ciento y sólo en la primera semana de noviembre promediaron el 1 por ciento. Milei dice que mantendrá las bandas de flotación todo el 2026 para evitar una escalada inflacionaria. ""Es previsibilidad"", le explicó al ministro, que es partidario de actualizar la divisa. La actividad, en riesgo de no salir del pozo.",Leandro Renou,2025-11-09 03:01:00+00:00,https://www.pagina12.com.ar/872194-un-dolar-intervenido-y-el-miedo-de-milei-a-precios-inquietos,economia
El debate económico del peronismo,No disponible,"El debate ya está abierto: qué hizo el peronismo en la campaña electoral, qué propuestas concretas tiene, y qué debía hacer hacia adelante. ¿Es un tema de nombres o un planteo enimentemente político?",Hernán Letcher,2025-11-09 03:01:00+00:00,https://www.pagina12.com.ar/872152-el-debate-economico-del-peronismo,economia
Las promesas de Caputo en un encuentro con inversores,En Nueva York,El ministro de Economía mantuvo una reunión organizada por el JP Morgan en la que aseguró que Milei no planea dejar que el dólar flote y que quiere comprar bonos soberanos y acumular reservas.,Mara Pedrazzoli,2025-11-08 20:20:42+00:00,https://www.pagina12.com.ar/872140-las-promesas-de-caputo-en-un-encuentro-con-inversores,economia
El dólar cerró la semana bajo el techo,El mayorista quedó en 1.415 pesos,"El dólar oficial cerró la semana con una nueva caída en el segmento mayorista, tras el feriado bancario del jueves, y se ubicó un 6 por ciento por debajo del techo de la banda cambiaria.",Mara Pedrazzoli,2025-11-08 03:01:00+00:00,https://www.pagina12.com.ar/872025-el-dolar-cerro-la-semana-bajo-el-techo,economia
Reforma laboral en bicicleta,Un asesor de Rappi redacta el proyecto que recorta derechos,La propuesta no incluye mejoras para las plataformas. El abogado especializado en litigios aconseja flexibilizar los empleos.,Bernarda Tinetti,2025-11-08 03:01:00+00:00,https://www.pagina12.com.ar/872000-reforma-laboral-en-bicicleta,economia
Leve repunte de la construcción,"Registró una suba de 0,9 por ciento en septiembre","La actividad de la construcción mostró en septiembre un leve repunte mensual, aunque el panorama general sigue en retroceso.",Mara Pedrazzoli,2025-11-08 03:01:00+00:00,https://www.pagina12.com.ar/872018-leve-repunte-de-la-construccion,economia
La industria sigue estancada,Los rubros vinculados al consumo interno son los que más caen,"Con disparidad entre sectores, el índice que mide la producción manufacturera volvió a marcar un retroceso en septiembre.",Juan Garriga,2025-11-08 03:01:00+00:00,https://www.pagina12.com.ar/872013-la-industria-sigue-estancada,economia
El Gobierno permitirá que la energía sea más cara en hogares que en industrias,Resolución de la Secretaría de Energía,"El Ejecutivo aprovecha el resultado de las elecciones para establecer aumentos muy por encima de la inflación. A partir de noviembre, las facturas de los usuarios residenciales del AMBA llegará con un incremento que oscilará entre el 3 y el 4 por ciento. Cómo impacta la decisión en las zonas frías.",Mara Pedrazzoli,2025-11-06 19:15:35+00:00,https://www.pagina12.com.ar/871699-el-gobierno-permitira-que-la-energia-sea-mas-cara-en-hogares,economia
Mercado Libre pide regulaciones para Shein y Temu,"Desregulá con la tuya, no con la mía","A pesar de que su fundador Marcos Galperín apoya la apertura indiscriminada de las importaciones de Javier Milei, que destruye el aparato productivo local y genera despidos y desempleo, la plataforma de ecommerce pide restricciones para el ingreso de mercadería del continente asiático.",Mara Pedrazzoli,2025-11-06 15:35:50+00:00,https://www.pagina12.com.ar/871655-mercado-libre-pide-regulaciones-para-shein-y-temu,economia
El Gobierno avanza con la privatización del sistema nuclear argentino,Dio un plazo de un año para vender el 44% de Nucleoeléctrica,El Gobierno dio el primer paso concreto del proceso de privatización parcial de Nucleoel&amp;e,Mara Pedrazzoli,2025-11-06 12:47:46+00:00,https://www.pagina12.com.ar/871632-el-gobierno-avanza-con-la-privatizacion-del-sistema-nuclear-,economia
"Dólar blue, dólar hoy: a cuánto cotizan el jueves 6 de noviembre de 2025",La cotización del dólar para la compra y para la venta,"El precio del dólar oficial y de los dólares financieros. En directo, todas las modificaciones de la jornada cambiaria.",Mara Pedrazzoli,2025-11-06 11:51:02+00:00,https://www.pagina12.com.ar/871620-dolar-blue-dolar-hoy-a-cuanto-cotizan-el-jueves-6-de-noviemb,economia
Preska quiere los celulares,Juicio YPF,La jueza Loretta Preska mantiene la decisión de solicitar comunicaciones electrónicas de funcionarios y ex funcionarios argentinos para determinar el vínculo entre la empresa YPF y el Estado argent,Mara Pedrazzoli,2025-11-06 03:01:00+00:00,https://www.pagina12.com.ar/871557-preska-quiere-los-celulares,economia
El crecimiento como primer determinante del empleo,El verdadero motor de la demanda de empleo más allá del “costo laboral”,"El análisis histórico muestra que hay una vinculación entre crecimiento y empleo, y no respecto del retroceso de derechos laborales.",Mara Pedrazzoli,2025-11-06 03:01:00+00:00,https://www.pagina12.com.ar/871502-el-crecimiento-como-primer-determinante-del-empleo,economia
Renovaron deuda en pesos a menor tasa,Baja el dólar. Menor presión del mercado,"El dólar oficial cayó por segunda rueda consecutiva en el segmento mayorista. La cotización cerró en 1447,50 pesos, con un retroceso de 1,6 por ciento.",Mara Pedrazzoli,2025-11-06 03:01:00+00:00,https://www.pagina12.com.ar/871540-renovaron-deuda-en-pesos-a-menor-tasa,economia
La crisis golpea al empleo,Suspensiones y reducción de personal en dos fábricas de electrodomésticos,"Dos firmas de primer nivel de la producción de artefactos para el hogar, Electrolux y Mabe, adoptaron medidas de emergencia con su personal ante la caída de ventas",Juan Garriga,2025-11-06 03:01:00+00:00,https://www.pagina12.com.ar/871497-la-crisis-golpea-al-empleo,economia
"El ""milei trade"" del amigo Bessent","La ""ayuda"" del Tesoro de EE.UU. tuvo un retorno del 10%","Los números del balance del Banco Central reflejarían, según los expertos, la maniobra financiera de Scott Bessent para ayudar a Milei en las elecciones y cobrarse inmediatamente el favor",Mara Pedrazzoli,2025-11-06 03:01:00+00:00,https://www.pagina12.com.ar/871561-el-milei-trade-del-amigo-bessent,economia
Sueldos congelados que no alcanzan para comer,El 15 por ciento de los asalariados no llega a cubrir los alimentos,Un informe de la UCA que alerta sobre el flagelo. Los problemas en la metodología del Indec para medir la pobreza. Empleados no registrados: los más perjudicados. El debate sobre reforma laboral que impulsa un país aún más desigual.,Bernarda Tinetti,2025-11-06 03:01:00+00:00,https://www.pagina12.com.ar/871522-sueldos-congelados-que-no-alcanzan-para-comer,economia
¿Cuál sería el costo de dolarizar la economía?,Debate en torno a la propuesta de sectores ortodoxos que entusiasma al gobierno,La alternativa de entregar la soberanía monetaria para alcanzar la estabilidad financiera vuelve a escena. Un análisis sobre las consecuencias que no se explicitan,Mara Pedrazzoli,2025-11-05 03:01:00+00:00,https://www.pagina12.com.ar/871253-cual-seria-el-costo-de-dolarizar-la-economia,economia
¿Qué tipo de relación pide China?,Diferencias y similitudes respecto de EE.UU y Europa,Los países de América latina deberán seguir navegando en las aguas turbulentas de la disputa entre Estados Unidos y China.,Javier Lewkowicz,2025-11-05 03:01:00+00:00,https://www.pagina12.com.ar/871237-que-tipo-de-dominacion-ejerce-china,economia
"Dólar blue, dólar hoy: a cuánto cotizan el martes 4 de noviembre de 2025",La cotización del dólar para la compra y para la venta,"El precio del dólar oficial y de los dólares financieros. En directo, todas las modificaciones de la jornada cambiaria.",Mara Pedrazzoli,2025-11-04 12:11:16+00:00,https://www.pagina12.com.ar/871108-dolar-blue-dolar-hoy-a-cuanto-cotizan-el-martes-4-de-noviemb,economia
El Gobierno oficializó la convocatoria al Consejo del Salario Mínimo,Para el próximo 26 de noviembre,Surge en medio del reclamo de gremios por la demora en la decisión.,Mara Pedrazzoli,2025-11-04 11:58:05+00:00,https://www.pagina12.com.ar/871133-el-gobierno-oficializo-la-convocatoria-al-consejo-del-salari,economia
Trump busca candidatos para la dolarización,"Según el Financial Times, la Argentina es uno de los países bajo análisis","Líbano, Pakistán, Ghana, Turquía, Egipto, Venezuela y Zimbabue son otras naciones que Estados Unidos buscaría que adopten el dólar como moneda.",Juan Garriga,2025-11-04 03:01:00+00:00,https://www.pagina12.com.ar/871000-trump-busca-candidatos-para-la-dolarizacion,economia
"Tarifas, arriba de la inflación y del salario",Es el turno de las boletas de la electricidad del AMBA,"Las facturas Edesur y Edenor aumentan desde noviembre alrededor de un 3,8 por ciento, en línea con las de gas. Además, se aprobó pasar a la medición mensual de la luz.",Mara Pedrazzoli,2025-11-04 03:01:00+00:00,https://www.pagina12.com.ar/870970-tarifas-arriba-de-la-inflacion-y-del-salario,economia
Tercer baja mensual consecutiva,Menores transferencias de Nación a provincias y CABA,"Las transferencias no automáticas del Estado Nacional a provincias y CABA pagadas sufrieron una caída del 28,7 por ciento interanual en términos reales durante el mes de octubre, marcando el tercer",Mara Pedrazzoli,2025-11-04 03:01:00+00:00,https://www.pagina12.com.ar/871059-tercer-baja-mensual-consecutiva,economia
La inflación de octubre apunta para arriba,Estimación de las consultoras privadas,"La inflación de octubre habría registrado una suba respecto del mes previo y se ubicaría entre 2,1 y 2,8 por ciento, según estimaciones de distintas consultoras privadas.",Mara Pedrazzoli,2025-11-04 03:01:00+00:00,https://www.pagina12.com.ar/870990-la-inflacion-de-octubre-apunta-para-arriba,economia
Otra vez cerca del techo de la banda,El dólar mayorista subió 2 por ciento y quedó en 1482 pesos,"La calma financiera que logró el Gobierno después de las elecciones no logra consolidarse, con el mercado cambiario aún en duda.",Mara Pedrazzoli,2025-11-04 03:01:00+00:00,https://www.pagina12.com.ar/871023-otra-vez-cerca-del-techo-de-la-banda,economia
La industria se derrite,Nueva caída en la producción de acero,"Las empresas del sector atribuyeron el retroceso a los ajustes en los niveles de stock y a un ritmo de demanda todavía moderado, especialmente desde la construcción y el consumo masivo.",Mara Pedrazzoli,2025-11-04 03:01:00+00:00,https://www.pagina12.com.ar/871024-la-industria-se-derrite,economia
Por una reforma laboral a favor de los trabajadores,Propuestas de las CTA y especialistas para incorporar y preservar derechos,"Las transformaciones en el mundo del trabajo requieren normas actualizadas, pero en defensa de los trabajadores y no precarizándolos. Qué se propone desde esa otra vereda",Raúl Dellatorre,2025-11-02 03:01:00+00:00,https://www.pagina12.com.ar/870669-una-reforma-laboral-a-favor-de-los-trabajadores,economia
¿Y a mí cuándo me toca?,Qué piensa hacer el gobierno para aprovechar este boom de optimismo,"Luego de la victoria del domingo, el gobierno tiene una nueva oportunidad para redefinir la hoja de ruta cambiaria ¿La alternativa? Enamorarse del dólar barato",Hernán Letcher,2025-11-02 03:01:00+00:00,https://www.pagina12.com.ar/870620-y-a-mi-cuando-me-toca,economia
La jornada laboral más larga del mundo,"Fijada en 48 horas semanales en 1929,  nunca se redujo",La demanda de reducción de la jornada laboral tiene antecedentes históricos muy fuertes para justificarla. Argentina se encuentra hoy entre los países con la jornada legal más larga del mundo.,Mara Pedrazzoli,2025-11-02 03:01:00+00:00,https://www.pagina12.com.ar/870638-la-jornada-laboral-mas-larga-del-mundo,economia
"Milei, Rocca, el Morgan y un neo plan Bunge y Born",La fiesta del Círculo Rojo y el país que se viene tras las elecciones,"Con Techint a la cabeza celebrando la alianza anti China y el banco más grande de Estados Unidos manejando el plan financiero, el establishment siente su poder revalidado. La reforma laboral en recesión y una guerra geopolítica subterránea.",Leandro Renou,2025-11-02 03:01:00+00:00,https://www.pagina12.com.ar/870659-milei-rocca-el-morgan-y-un-neo-plan-bunge-y-born,economia
El mayor drenaje de este año,Personas y empresas compraron 6.857 millones de dólares,"En septiembre, la formación de activos externos marcó récords. La compensación del rojo llegó con las divisas del agro.",Juan Garriga,2025-11-01 03:01:00+00:00,https://www.pagina12.com.ar/870434-el-mayor-drenaje-de-este-ano,economia
Continúa la euforia bursátil pos elecciones,"Subieron las acciones y los bonos, mientras cae el riesgo país","El dólar mayorista subió 4,7 por ciento en octubre, hasta los 1445 pesos, y cerró la última semana con un retroceso acumulado de 47 pesos. La bolsa ganó 70% en el mes.",Mara Pedrazzoli,2025-11-01 03:01:00+00:00,https://www.pagina12.com.ar/870492-continua-la-euforia-bursatil-pos-elecciones,economia
En Coronel Suárez ganó Milei,La localidad bonaerense sostuvo el apoyo a La Libertad Avanza a pesar del colapso económico que le provocó el cierre de su principal industria,"El Presidente ganó el balotaje de 2023 con el 63 por ciento de los votos. En enero de este año cerró la fábrica de calzados Dass y causó un desastre, con 850 despidos. Pero en las elecciones de la semana pasada el oficialismo se volvió a imponer con el 52,8 de los votos. A pesar de las quejas por el freno de la obra pública, los ajustes en jubilaciones y pensiones y hasta por la ""estafa"" de las retenciones cero, a la hora de votar pesó más el rechazo al peronismo, en especial entre los jóvenes.",David Cufré,2025-11-01 03:01:00+00:00,https://www.pagina12.com.ar/870448-en-coronel-suarez-gano-milei,economia
Milei aprovechó el resultado y libera tarifas,Fuerte suba del gas y los otros aumentos que llegan en noviembre,"A diferencia de lo que venía ocurriendo cada mes, cuando el servicio de gas ajustaba 1%, pos elecciones el número trepa al 3,8. Impacto en la inflación y el consumo.",Mara Pedrazzoli,2025-11-01 03:01:00+00:00,https://www.pagina12.com.ar/870422-milei-aprovecho-el-resultado-y-libera-tarifas,economia
Avanzan los juguetes made in...,El Gobierno redujo aranceles a la importación del rubro,"El Gobierno dispuso reducir de 35 a 20 por ciento los aranceles de importación de 14 categorías de juguetes, con el objetivo de aumentar la competencia y fomentar la baja de los precios locales, qu",Mara Pedrazzoli,2025-11-01 03:01:00+00:00,https://www.pagina12.com.ar/870444-avanzan-los-juguetes-made-in,economia
Los dólares siguen de viaje,Balanza turística: déficit de  389 millones de dólares,"En septiembre, el turismo internacional volvió a mostrar un saldo negativo que se agudiza con el tipo de cambio favorable para el emisivo y catastrófico para el receptivo, sumada a la retracción de",Mara Pedrazzoli,2025-11-01 03:01:00+00:00,https://www.pagina12.com.ar/870425-los-dolares-siguen-de-viaje,economia
Inversión privada que no tracciona,Sube la participación de las importaciones de equipos,La inversión del sector privado depende cada vez más de las maquinarias importadas en desmedro de la industria local.,Juan Garriga,2025-10-31 03:01:00+00:00,https://www.pagina12.com.ar/870200-inversion-privada-que-no-tracciona,economia
Sigue el recorte del empleo público,100 mil puestos desde el comienzo de la gestión Milei,"La dotación de personal de la administración pública nacional, empresas y sociedades volvió a caer en septiembre y se ubicó en 283.552 personas, lo que representa una baja de 0,7 por ciento",Mara Pedrazzoli,2025-10-31 03:01:00+00:00,https://www.pagina12.com.ar/870206-sigue-recorte-del-empleo-publico,economia
La inflación aceleró en octubre,"Estimaciones privadas la ubican en torno al 2,5 por ciento","Por segundo mes consecutivo, el índice de precios al consumidor registraría un aumento, con especial incidencia del rubro alimentos y bebidas.",Mara Pedrazzoli,2025-10-31 03:01:00+00:00,https://www.pagina12.com.ar/870234-la-inflacion-acelero-en-octubre,economia
"Dólar blue, dólar hoy: a cuánto cotizan el jueves 30 de octubre de 2025",La cotización del dólar para la compra y para la venta,"El precio del dólar oficial y de los dólares financieros. En directo, todas las modificaciones de la jornada cambiaria.",Mara Pedrazzoli,2025-10-30 11:49:24+00:00,https://www.pagina12.com.ar/870024-dolar-blue-dolar-hoy-a-cuanto-cotizan-el-jueves-30-de-octubr,economia
Baja de tasas e inyección de dinero,Renovación parcial de la deuda en pesos que vencía esta semana,El Ministerio de Economía dio una nueva señal de distensión monetaria al convalidar una fuerte baja en las tasas de interés y permitir la inyección de pesos al mercado a través de la última licitac,Mara Pedrazzoli,2025-10-30 03:01:00+00:00,https://www.pagina12.com.ar/869949-baja-de-tasas-e-inyeccion-de-dinero,economia
"La economía real, con el freno puesto",Datos de la consultora de Orlando Ferreres,"La actividad económica registró en septiembre una caída de 0,8 por ciento frente al mes anterior y cierra un trimestre en negativo.",Mara Pedrazzoli,2025-10-30 03:01:00+00:00,https://www.pagina12.com.ar/869904-la-economia-real-con-el-freno-puesto,economia
En el país de Milei siguen los despidos,Una firma textil fueguina recortó empleos y advirtió por cierre,"Sueño Fueguino fue excluida del régimen promocional de la Ley 19.640, por parte del Gobierno nacional. Las consecuencias del desguace industrial. Desde diciembre de 2023 se perdieron 10.000 puestos de trabajo, aproximadamente el 10 por ciento de la fuerza laboral provincial.",Mara Pedrazzoli,2025-10-30 03:01:00+00:00,https://www.pagina12.com.ar/869913-en-el-pais-de-milei-siguen-los-despidos,economia
Los buitres salieron heridos de la audiencia,Juicio a YPF: los jueces señalaron que debería haber sido en Argentina,La Corte de Apelaciones de Nueva York escuchó los alegatos de las partes. El fondo Burford no salió bien parado. El país ante el fallo por 18.000 millones de dólares.,Bernarda Tinetti,2025-10-30 03:01:00+00:00,https://www.pagina12.com.ar/869950-los-buitres-salieron-heridos-de-la-audiencia,economia
El consumo no levanta y se financia con crédito,“La probabilidad de recuperación de la demanda es baja”,"Según datos recopilados por la UBA, la demanda de bienes volvió a deteriorarse en agosto y está bien por debajo del comienzo de la gestión Milei.",Juan Garriga,2025-10-30 03:01:00+00:00,https://www.pagina12.com.ar/869923-el-consumo-no-levanta-y-se-financia-con-credito,economia
Menos dólares por exportaciones,Adelanto de liquidaciones vs. ingresos de divisas,"El Banco Central deberá afrontar, de aquí a marzo, una reducción del ingreso de divisas por las liquidaciones anticipadas del agro",Mara Pedrazzoli,2025-10-30 03:01:00+00:00,https://www.pagina12.com.ar/869872-menos-dolares-por-exportaciones,economia
Volvió la presión sobre el dólar,Rebotó el valor del billete al segundo día post elecciones,"Los dólares financieros e incluso el minorista oficial cotizaron cerca de los 1500 pesos, tras el brusco descenso del lunes",Mara Pedrazzoli,2025-10-29 03:01:00+00:00,https://www.pagina12.com.ar/869677-volvio-la-presion-sobre-el-dolar,economia
Sube el precio de la soja,Exportaciones,"El precio internacional de la soja subió a 399 dólares por tonelada en el mercado de Chicago, el valor más alto en quince meses.",Mara Pedrazzoli,2025-10-29 03:01:00+00:00,https://www.pagina12.com.ar/869625-sube-el-precio-de-la-soja,economia
Los jubilados pierden más de 100 mil pesos por mes con el bono congelado,No aumenta desde marzo 2024,El bono de $70 mil está congelado desde el inicio de la gestión de Javier Milei. Los jubilados son uno de los sectores más afectados por el brutal ajuste implementado por el Gobierno ultraderechista.,Mara Pedrazzoli,2025-10-28 16:11:50+00:00,https://www.pagina12.com.ar/869531-los-jubilados-pierden-mas-de-100-mil-pesos-por-mes-con-el-bo,economia
"Dólar blue, dólar hoy: a cuánto cotizan el martes 28 de octubre de 2025",La cotización del dólar para la compra y para la venta,"El precio del dólar oficial y de los dólares financieros. En directo, todas las modificaciones de la jornada cambiaria.",Mara Pedrazzoli,2025-10-28 11:51:02+00:00,https://www.pagina12.com.ar/869480-dolar-blue-dolar-hoy-a-cuanto-cotizan-el-martes-28-de-octubr,economia
El Gobierno confirmó el bono de $ 70 mil para jubilados en noviembre,Cifra congelada,En cuánto queda el haber mínima con esta suma. Quiénes lo percibirán.,Mara Pedrazzoli,2025-10-28 10:26:41+00:00,https://www.pagina12.com.ar/869472-el-gobierno-confirmo-el-bono-de-70-mil-para-jubilados-en-nov,economia
Los ceos presionan a Milei por más leyes,"Felicitaron al Presidente, pero le pidieron reformas urgentes","En medio de la crisis económica, AMCHAM pidió ""adecuar las normas laborales e impulsar la formalidad laboral y fiscal”. En esa línea también se expresaron los bancos, la Sociedad Rural y la Cámara de la Construcción.",Mara Pedrazzoli,2025-10-28 03:01:00+00:00,https://www.pagina12.com.ar/869348-los-ceos-presionan-a-milei-por-mas-leyes,economia
"Wall Street ""la vio"" y no se la va a perder","Oportunidad de negocios, según la banca de inversión","Tras el resultado de las elecciones legislativas del domingo, se generaron fuertes reposicionamientos de expectativas en Wall Street.",Mara Pedrazzoli,2025-10-28 03:01:00+00:00,https://www.pagina12.com.ar/869427-wall-street-la-vio-y-no-se-la-va-a-perder,economia
La economía real ¿rebota?,Ganó el dólar barato. Impacto de la elección en el PBI,"El Gobierno ¿gana crédito externo para cubrir el default? ¿cuánto aguanta el tipo de cambio? Consumo y producción, abajo.",Bernarda Tinetti,2025-10-28 03:01:00+00:00,https://www.pagina12.com.ar/869416-la-economia-real-rebota,economia
¿A quién le cae mejor este dólar?,El gobierno apuesta a mantener el esquema cambiario,"Ganadores y perdedores del régimen de ancla cambiaria, que el gobierno intentará extender tras su éxito en las urnas",Juan Garriga,2025-10-28 03:01:00+00:00,https://www.pagina12.com.ar/869413-a-quien-le-cae-mejor-este-dolar,economia
Bajan tasas de interés de los plazos fijos,"Luego de las elecciones, se distiende el escenario financiero",Las tasas de los plazos fijos comenzaron la semana con bajas generalizadas tras la victoria del oficialismo en las elecciones legislativas.,Mara Pedrazzoli,2025-10-28 03:01:00+00:00,https://www.pagina12.com.ar/869349-bajan-tasas-de-interes-de-los-plazos-fijos,economia
"Argentina, laboratorio favorito del JP Morgan",Milei y Caputo mantuvieron reuniones con el director ejecutivo,"La banca se instaló como agente económico en los 80´, al pulso de la deuda. Funcionarios de Milei en Economía y Cancillería fueron sus empleados durante años.",Juan Garriga,2025-10-25 03:01:00+00:00,https://www.pagina12.com.ar/868425-argentina-laboratorio-favorito-del-jp-morgan,economia
El changuito cada vez más vacío,La suba en el precio de los alimentos avanza 3%,Las góndolas reflejaron el traslado de la devaluación en octubre. Se aceleró el incremento en productos de consumo masivo.,Mara Pedrazzoli,2025-10-25 03:01:00+00:00,https://www.pagina12.com.ar/868362-el-changuito-cada-vez-mas-vacio,economia
Bessent subido al discurso libertario,Peronista yanqui,"El secretario del Tesoro de Estados Unidos, Scott Bessent, volvió a protagonizar un cruce político con la senadora demócrata Elizabeth Warren.",Mara Pedrazzoli,2025-10-25 03:01:00+00:00,https://www.pagina12.com.ar/868478-bessent-subido-al-discurso-libertario,economia
El esquema del dólar retomó el tembladeral,A pesar de intervención inédita del Tesoro de EE.UU,"Según las principales consultoras privadas, Bessent vendió 2100 millones de dólares en las últimas dos semanas para frenar la escalada.",Mara Pedrazzoli,2025-10-25 03:01:00+00:00,https://www.pagina12.com.ar/868436-el-esquema-retomo-el-tembladeral,economia
6 de cada 10 pymes operan sin ganancias,"Deterioro generalizado en ventas, empleo y rentabilidad","Para el 76 por ciento de los empresarios, la situación económica nacional empeorará en lo que resta del año. La suba de los costos y de los precios agrava la situación.",Mara Pedrazzoli,2025-10-25 03:01:00+00:00,https://www.pagina12.com.ar/868370-6-de-cada-10-pymes-operan-sin-ganancias,economia
Enarsa no paga y se frena el gasoducto,La única obra pública de Milei para Vaca Muerta sigue paralizada,"La reversión en las plantas compresoras fue adjudicada a la empresa Esuco, en un procedimiento que generó polémica al interior de Enarsa. Debían estar operativas en junio de este año.",Mara Pedrazzoli,2025-10-25 03:01:00+00:00,https://www.pagina12.com.ar/868359-enarsa-no-paga-y-se-frena-el-gasoducto,economia
"Dólar blue, dólar hoy: a cuánto cotizan el viernes 24 de octubre de 2025",La cotización del dólar para la compra y para la venta,"El precio del dólar oficial y de los dólares financieros. En directo, todas las modificaciones de la jornada cambiaria.",Mara Pedrazzoli,2025-10-24 12:01:13+00:00,https://www.pagina12.com.ar/868255-dolar-blue-dolar-hoy-a-cuanto-cotizan-el-viernes-24-de-octub,economia
Anticipan una recesión en los próximos meses,Indicadores de tendencia del ITDT,La posibilidad de que la economía argentina entre en recesión pasó a convertirse casi en una certeza estadística.,Mara Pedrazzoli,2025-10-24 03:01:00+00:00,https://www.pagina12.com.ar/868161-anticipan-una-recesion-en-los-proximos-meses,economia
A votar con las ventas que siguen por el piso,El consumo en supermercados cayó casi 10 puntos con Milei,"Por quinto mes consecutivo, las cadenas de supermercados terminaron septiembre en baja. La situación es incluso peor en los comercios mayoristas.",Mara Pedrazzoli,2025-10-24 03:01:00+00:00,https://www.pagina12.com.ar/868188-a-votar-con-las-ventas-que-siguen-por-el-piso,economia
Más cuota para la carne en EE.UU.,Cuadruplican el cupo de venta de la carne nacional,"El gobierno de Trump aclaró que Argentina tiene problemas de aftosa, aunque ese problema fue erradicado hace rato.",Mara Pedrazzoli,2025-10-24 03:01:00+00:00,https://www.pagina12.com.ar/868079-mas-cuota-para-la-carne-en-ee-uu,economia
"""Toto"" Caputo le promete a los mercados que no habrá cambios en el esquema de bandas cambiarias",Finge que no pasa nada,Se trata de otro intento del titular del Ministerio de Economía de llevar tranquilidad a los mercados en un contexto de alta volatilidad.,Mara Pedrazzoli,2025-10-22 15:51:04+00:00,https://www.pagina12.com.ar/867736-toto-caputo-le-promete-a-los-mercados-que-no-habra-cambios-e,economia
"Dólar blue, dólar hoy: a cuánto cotizan el miércoles 22 de octubre de 2025",La cotización del dólar para la compra y para la venta,"El precio del dólar oficial y de los dólares financieros. En directo, todas las modificaciones de la jornada cambiaria.",Mara Pedrazzoli,2025-10-22 11:53:04+00:00,https://www.pagina12.com.ar/867689-dolar-blue-dolar-hoy-a-cuanto-cotizan-el-miercoles-22-de-oct,economia
"China, principal socio comercial en medio del abrazo a Trump",Desplazó a Brasil,"China desplazó a Brasil como principal socio comercial de la Argentina en septiembre, a partir de ventas de soja por encima de lo normal, impulsadas por la decisión de llevar a cero las rete",Mara Pedrazzoli,2025-10-22 03:01:00+00:00,https://www.pagina12.com.ar/867554-china-principal-socio-comercial-en-medio-del-abrazo-a-trump,economia
Lapidario informe del PRO sobre la crisis de Milei,"A días de las elecciones, expone el golpe de la recesión y el ajuste en la población",Una encuesta encargada por la Fundación Pensar -think tank amarillo- muestra que 7 de cada 10 personas dicen que lo peor está pasando o está por pasar. El 47 por ciento quiere votar contra el Gobierno y más de la mitad aseguran que el Gobierno no resuelve problemas. Avisan que se perdieron más de 300 mil empleos en la era Milei.,Leandro Renou,2025-10-22 03:01:00+00:00,https://www.pagina12.com.ar/867538-lapidario-informe-del-pro-sobre-la-crisis-de-milei,economia
Los bancos sólo le prestan a Milei si alguien se hace cargo del riesgo,Bancos internacionales le piden garantías a Trump,"JPMorgan Chase, Goldman Sachs, Citigroup y Bank of America no están dispuestos a asumir el riesgo de prestarle a la Argentina.",Mara Pedrazzoli,2025-10-22 03:01:00+00:00,https://www.pagina12.com.ar/867550-los-bancos-solo-le-prestan-a-milei-si-alguien-se-hace-cargo-,economia
La economía real en la lona,Encuestas sectoriales anticipan recesión y un escenario negro,"Tras los comicios, solo el 14% de los industriales espera aumentar la producción. Supermercados sin expectativas de consumo.",Bernarda Tinetti,2025-10-22 03:01:00+00:00,https://www.pagina12.com.ar/867621-la-economia-real-en-la-lona,economia
La ocupación hotelera sigue debajo de 2023,El precio del dólar y la caída de los ingresos jaquean al turismo,"La ocupación hotelera en el país continúa sin repuntar, afectada por diversos factores como el estancamiento en los ingresos de la población y la creciente segmentación del consumo.",Mara Pedrazzoli,2025-10-22 03:01:00+00:00,https://www.pagina12.com.ar/867534-la-ocupacion-hotelera-sigue-debajo-de-2023,economia
El salvataje no alcanzó para contener al dólar,"El contado ""con liqui"" y el MEP, en torno a 1600 pesos. Tambalea el esquema cambiario","El Banco Central tuvo que vender divisas de las reservas, ya casi exhaustas, para que la demanda mayorista no hiciera volar el techo de la banda cambiaria. Los anuncios oficiales pasan desapercibidos",Mara Pedrazzoli,2025-10-22 03:01:00+00:00,https://www.pagina12.com.ar/867624-el-salvataje-no-alcanzo-para-contener-al-dolar,economia
Empobrecidos y desencantados,"La falta de perspectivas de mejora se ensancha, señalan","Un análisis privado sobre la falta de recuperación de los ingresos señala que ""el desencanto social"" podría impactar electoralmente",Mara Pedrazzoli,2025-10-22 03:01:00+00:00,https://www.pagina12.com.ar/867605-empobrecidos-y-desencantados,economia
"""Lo hago por la patria""",Caputo no aclaró de qué país,"El ministro de Economía, Luis Caputo, aseguró que trabaja por la patria y para ""sacar el país adelante"", al ser cuestionado por la recompra de deuda soberana y por sus antecedentes como empleado de",Mara Pedrazzoli,2025-10-22 03:01:00+00:00,https://www.pagina12.com.ar/867520-lo-hago-por-la-patria,economia
La metalurgia está peor que en la pandemia,La actividad se desploma y la capacidad instalada quedó cerca del 40 por ciento,"Hubo una caída interanual del 5,2 en septiembre y del 1,1 contra el mes previo. “Necesitamos que la producción argentina se vuelva a tener en cuenta"", rogaron desde ADIMRA.",Leandro Renou,2025-10-21 03:01:00+00:00,https://www.pagina12.com.ar/867256-la-metalurgia-esta-peor-que-en-la-pandemia,economia
Baja el precio en EE.UU y sube en Argentina,"En un año, Milei duplicó los envíos de carne hacia Norteamérica","Cómo impacta el incremento de la cantidades exportadas en el precio de los cortes en las carnicerías. En medio de la guerra comercial, el Gobierno también aumentó las toneladas de porotos de soja con destino a China.",Mara Pedrazzoli,2025-10-21 03:01:00+00:00,https://www.pagina12.com.ar/867334-baja-el-precio-en-ee-uu-y-sube-en-argentina,economia
Saldo de comercio positivo pero en declive,Datos del Indec de comercio exterior en septiembre,La balanza comercial anotó un superávit de 921 millones de dólares. Las importaciones siguen subiendo más que las exportaciones.,Mara Pedrazzoli,2025-10-21 03:01:00+00:00,https://www.pagina12.com.ar/867262-saldo-de-comercio-positivo-pero-en-declive,economia
Reacción negativa en el mercado,"Fuerte suba del dólar, en un gesto de clara desconfianza","Los bonos soberanos venían también en baja, pero a última hora el anuncio de Finanzas de recompra de bonos provocó un rebote parcial",Mara Pedrazzoli,2025-10-21 03:01:00+00:00,https://www.pagina12.com.ar/867332-reaccion-negativa-en-el-mercado,economia
Caída de la nube de Amazon: Mercado Pago está “normalizando” la situación,Falla global en los servicios en la nube,"La interrupción masiva de Amazon Web Services afectó a usuarios de billeteras virtuales en todo el país. Mercado Pago informó que los servicios ya se están restableciendo, aunque persisten algunas inestabilidades.",Mara Pedrazzoli,2025-10-20 23:24:07+00:00,https://www.pagina12.com.ar/867323-caida-de-la-nube-de-amazon-mercado-pago-esta-normalizando-la,economia
El anuncio del swap con EE.UU. no pudo frenar la presión sobre el dólar,El oficial cerró a $5 de romper el techo de la banda,"A pesar de la formalización del swap, la divisa estadounidense en el Banco Nación se incrementó en 1,4%, subió $20 y llegó a $1.495. Quedó a 1,1% del techo de la banda superior impuesta por el gobierno. El blue subió 1,7% y ya cotiza arriba de los $1.500. También subieron el mayorista y los tipos de cambios financieros.",Mara Pedrazzoli,2025-10-20 19:22:01+00:00,https://www.pagina12.com.ar/867225-el-anuncio-del-swap-con-ee-uu-no-pudo-frenar-la-presion-sobr,economia
"En el primer año y medio del gobierno libertario, cerraron 18.000 empresas",En el sector privado se perdieron más de 250.000 puestos de trabajo,"Durante el primer año y medio del gobierno de Javier Milei se cerraron 18.083 empresas, a razón de casi 30 por día y se perdieron al menos 253.728 puestos de trabajo registrados en el sec",Mara Pedrazzoli,2025-10-20 16:48:46+00:00,https://www.pagina12.com.ar/867200-en-el-primer-ano-y-medio-del-gobierno-libertario-cerraron-18,economia
"Qué es un swap entre países, cómo funciona y cuáles pueden ser sus consecuencias",El salvavidas de Trump a Milei,"El primer swap de monedas con China se firmó en 2009 en el Gobierno de Cristina Kirchner y luego fue renovándose a lo largo de los años y con el paso de Mauricio Macri, Alberto Fernández y el propio Javier Milei.",Mara Pedrazzoli,2025-10-20 16:05:30+00:00,https://www.pagina12.com.ar/867194-que-es-un-swap-entre-paises-como-funciona-y-cuales-pueden-se,economia
Estados Unidos formalizó el swap por 20.000 millones de dólares con Argentina,Trump al rescate de Milei,"El Banco Central anunció la firma del ""acuerdo de estabilización cambiaria"" con el Departamento del Tesoro norteamericano. Según dijo ""forma parte de una estrategia integral"" para reforzar la política monetaria y para responder frente a la volatilidad en los mercados cambiario y de capitales. Su aplicación no es inmediata.",Mara Pedrazzoli,2025-10-20 12:37:53+00:00,https://www.pagina12.com.ar/867149-estados-unidos-formalizo-el-swap-por-20-000-millones-de-dola,economia
"Dólar blue, dólar hoy: a cuánto cotizan el lunes 20 de octubre de 2025",La cotización del dólar para la compra y para la venta,"El precio del dólar oficial y de los dólares financieros. En directo, todas las modificaciones de la jornada cambiaria.",Mara Pedrazzoli,2025-10-20 11:56:41+00:00,https://www.pagina12.com.ar/867141-dolar-blue-dolar-hoy-a-cuanto-cotizan-el-lunes-20-de-octubre,economia
El FMI quiere más motosierra,Exigió mayor esfuerzo al Gobierno para cumplir con las reformas,"Desde el organismo reclaman acumulación de reservas, disciplina fiscal a fondo y cambios en materia laboral y tributaria.",Juan Garriga,2025-10-18 03:01:00+00:00,https://www.pagina12.com.ar/866675-el-fmi-quiere-mas-motosierra,economia
Espiral de deterioro del empleo,Asalariados en su nivel más bajo desde octubre de 2022,"El último informe de la Secretaría de Trabajo, elaborado a partir de los registros del Sistema Integrado Previsional Argentino (SIPA), reveló que en julio de 2025 el número de asalariados formales",Mara Pedrazzoli,2025-10-18 03:01:00+00:00,https://www.pagina12.com.ar/866650-espiral-de-deterioro-del-empleo,economia
Milei promete facilitar despidos,“Convenio inferior prevalece sobre convenio superior”,"Durante el Coloquio de Idea, el Gobierno nacional aseguró que se viene la reforma laboral ""si le va bien en las elecciones"".",Mara Pedrazzoli,2025-10-18 03:01:00+00:00,https://www.pagina12.com.ar/866669-milei-promete-facilitar-despidos,economia
El mercado juega al desconfío con el Gobierno,El dólar oficial anotó su mayor suba diaria en casi seis semanas,"A pesar de una nueva intervención del Tesoro norteamericano, la divisa superó los 1500 pesos. Una jornada marcada por la volatilidad y la incertidumbre pre comicios.",Mara Pedrazzoli,2025-10-18 03:01:00+00:00,https://www.pagina12.com.ar/866709-el-mercado-juega-al-desconfio-con-el-gobierno,economia
Ecos del 17 de octubre: un Braden sin Perón,"A 80 años del mítico 1945, el nacimiento del peronismo",La tensión es siempre entre el grado de subordinación del país a los designios de las grandes potencias y la capacidad de una fuerza política que les haga frente.,Mario Rapoport,2025-10-18 03:01:00+00:00,https://www.pagina12.com.ar/866651-ecos-del-17-de-octubre-un-braden-sin-peron,economia
La entrega avanza: misterio por la letra chica,Especulaciones sobre los términos del acuerdo comercial con EE.UU,La falta de precisiones sobre el salvataje financiero deja al desnudo la asimetría entre ambos países y la dependencia con la que Argentina va a cada negociación.,Juan Garriga,2025-10-18 03:01:00+00:00,https://www.pagina12.com.ar/866687-la-entrega-avanza-misterio-por-la-letra-chica,economia
"Dólar blue, dólar hoy: a cuánto cotizan el viernes 17 de octubre de 2025",La cotización del dólar para la compra y para la venta,"El precio del dólar oficial y de los dólares financieros. En directo, todas las modificaciones de la jornada cambiaria.",Mara Pedrazzoli,2025-10-17 11:46:02+00:00,https://www.pagina12.com.ar/866539-dolar-blue-dolar-hoy-a-cuanto-cotizan-el-viernes-17-de-octub,economia
"La inflación mayorista trepó 3,7 por ciento","En septiembre, por el impacto de la devaluación y la suba del dólar","Los bienes importados empujaron al indicador hacia arriba, incluso en contexto de crisis de la actividad económica y consumo deprimido. Avanza la suba de precios.",Mara Pedrazzoli,2025-10-17 03:01:00+00:00,https://www.pagina12.com.ar/866466-la-inflacion-mayorista-trepo-3-7-por-ciento,economia
El dólar ignora la señal de Pare,"Pese a otra intervención de EE.UU., siguen la fuga y la suba",Los dólares bolsa (MEP y CCL) volvieron a cotizar a tiro de los 1500 pesos. Las ventas del Tesoro norteamericano apenas suavizan el alza del mayorista,Mara Pedrazzoli,2025-10-17 03:01:00+00:00,https://www.pagina12.com.ar/866438-el-dolar-ignora-la-senal-de-pare,economia
La ayuda financiera que resolverá todo,Perspectivas de Amcham sobre el respaldo de EEUU,"Alejandro Díaz, CEO de la Cámara de Comercio de Estados Unidos en la Argentina (AmCham, por sus siglas en inglés), habló en una charla informal con periodistas acreditados en el Coloquio de IDEA y",Mara Pedrazzoli,2025-10-17 03:01:00+00:00,https://www.pagina12.com.ar/866470-la-ayuda-financiera-que-resolvera-todo,economia
Alarma por la débil licitación de deuda,"Logró cubrir sólo el 45,7 por ciento de los vencimientos",La licitación de deuda del Tesoro dejó en evidencia las dificultades que enfrenta el Gobierno para renovar sus compromisos en el mercado local.,Mara Pedrazzoli,2025-10-16 03:01:00+00:00,https://www.pagina12.com.ar/866117-alarma-por-la-debil-licitacion-de-deuda,economia
Matarifes anuncian aumentos,La carne volvería a subir de precio en los próximos días,"En el marco de la suba de precios de los alimentos, los matarifes ya avisaron que, por la suba de costos, se podrían venir, en breve, nuevos aumentos en los productos vacunos.",Mara Pedrazzoli,2025-10-16 03:01:00+00:00,https://www.pagina12.com.ar/866094-matarifes-anuncian-aumentos,economia
Más envíos de GNL al exterior,"""Vamos a dejar la vida para lograrlo"", dijo el CEO de YPF","Horacio Marín, presidente y CEO de YPF, como uno de los principales oradores del Coloquio de IDEA, confió en que Argentina exportará más de 55.000 millones de dólares y aseguró: “vamos a dejar la v",Mara Pedrazzoli,2025-10-16 03:01:00+00:00,https://www.pagina12.com.ar/866127-mas-envios-de-gnl-al-exterior,economia
¿Qué es el socialismo con características chinas?,"Entrevista a Sebastián Schulz, investigador especialista en China","Schulz explica cómo es el sistema económico y político de China, aborda la discusión alrededor de la democracia y el peso que sigue teniendo la tradición confuciana.",Javier Lewkowicz,2025-10-16 03:01:00+00:00,https://www.pagina12.com.ar/866163-que-es-el-socialismo-con-caracteristicas-chinas,economia
Santiago Bausili aseguró que el swap por 20.000 millones de dólares estará operativo durante las próximas dos semanas,Desde Washington,"El presidente del Banco Central dijo que se completó toda la documentación asociada para recibir el salvataje prometido. Asimismo, consideró que la fase de cobertura previa a las elecciones es una situación financiera ""muy extrema"" y confió en que se revierta tras los comicios de octubre.",Mara Pedrazzoli,2025-10-15 23:13:59+00:00,https://www.pagina12.com.ar/866148-santiago-bausili-aseguro-que-el-swap-por-20-000-millones-de-,economia
Las jubilaciones aumentan 2.1% en noviembre: en cuánto queda la mínima,Un aumento que no alcanza,El bono que reciben los jubilados de la mínima perdió la mitad de su poder de compra desde marzo 2024. La canasta básica para los adultos mayores supera los 1.500.000 pesos.,Mara Pedrazzoli,2025-10-15 17:46:07+00:00,https://www.pagina12.com.ar/866051-las-jubilaciones-aumentan-2-1-en-noviembre-en-cuanto-queda-l,economia
"Dólar blue, dólar hoy: a cuánto cotizan el miércoles 15 de octubre de 2025",La cotización del dólar para la compra y para la venta,"El precio del dólar oficial y de los dólares financieros. En directo, todas las modificaciones de la jornada cambiaria.",Mara Pedrazzoli,2025-10-15 11:46:02+00:00,https://www.pagina12.com.ar/865977-dolar-blue-dolar-hoy-a-cuanto-cotizan-el-miercoles-15-de-oct,economia
Trump pasó del apoyo a la extorsión y aguó la fiesta,"""Si no gana Milei, no seremos generosos con Argentina"", dijo, y se derrumbaron los mercados",El clima de festejos en la bolsa a la espera de anuncios se vio frustrada por la falta de resultados y el tono condicionante del presidente de EE.UU. La visita de Milei a la Casa Blanca no tuvo el marco soñado,Raúl Dellatorre,2025-10-15 03:01:00+00:00,https://www.pagina12.com.ar/865916-trump-paso-del-apoyo-a-la-extorsion-y-aguo-la-fiesta,economia
Fin al caballito de batalla de la inflación,"Por desmanejos económicos y cambiarios, el IPC saltó a su nivel más alto desde abril","El INDEC reportó un alza de precios del 2,1 en septiembre, por las idas y vueltas del dólar. Es el tercer mes seguido de suba. El resto del año habrá incrementos mayores, con un escenario de un dólar presionado. El dato inédito: cuando estuvo un año y medio sin hacerlo, ahora el Gobierno promete cambiar la forma de medir la inflación desde enero del 2026.",Leandro Renou,2025-10-15 03:01:00+00:00,https://www.pagina12.com.ar/865783-fin-al-caballito-de-batalla-de-la-inflacion,economia
"Reparos sobre el ""salvataje histórico""","Para Barclays, el auxilio del Tesoro podría ser un “truco de campaña”",El reciente auxilio del Tesoro de Estados Unidos al gobierno de Javier Milei generó una oleada de optimismo financiero.,Mara Pedrazzoli,2025-10-15 03:01:00+00:00,https://www.pagina12.com.ar/865805-reparos-sobre-el-salvataje-historico,economia
"Dólar blue, dólar hoy: a cuánto cotizan el martes 14 de octubre de 2025",La cotización del dólar para la compra y para la venta,"El precio del dólar oficial y de los dólares financieros. En directo, todas las modificaciones de la jornada cambiaria.",Mara Pedrazzoli,2025-10-14 11:51:02+00:00,https://www.pagina12.com.ar/865613-dolar-blue-dolar-hoy-a-cuanto-cotizan-el-martes-14-de-octubr,economia
Cuatro días sin actividad bancaria,El BCRA confirmó los feriados cambiarios hasta fin de año,"El Banco Central de la República Argentina (BCRA) oficializó el cronograma de feriados bancarios para lo que resta de 2025, confirmando los días en que las entidades financieras no abrirán sus puer",Mara Pedrazzoli,2025-10-14 03:01:00+00:00,https://www.pagina12.com.ar/865536-cuatro-dias-sin-actividad-bancaria,economia
Ganó la destrucción creativa,Nobel de Economía para la defensa de la innovación,Los premiados sostienen que evitar el estancamiento requieren nuevos descubrimientos y una sociedad abierta a los cambios.,Mara Pedrazzoli,2025-10-14 03:01:00+00:00,https://www.pagina12.com.ar/865557-gano-la-destruccion-creativa,economia
El Gobierno le prestará a un privado más de lo que gasta Vialidad en un mes,Una privatización de las rutas hecha a medida y con dineros del Estado,"Un informe muestra que uno de los 7 oferentes para el proyecto Ruta del Mercosur recibirá 56 mil millones de pesos a tasa subsidiada por el banco BICE, dado que ninguna empresa quiso poner su propia plata. El Estado viene gastando por mes, mucho menos: en rutas, sólo 49 mil millones.",Leandro Renou,2025-10-14 03:01:00+00:00,https://www.pagina12.com.ar/865456-el-gobierno-le-prestara-a-un-privado-mas-de-lo-que-gasta-via,economia
OpenAI: la promesa para Milei floja de papeles,¿Realmente se generará un data center para IAG en la Patagonia?,"Con un video de dos minutos, el CEO de la compañía, provocó expectativas y pocas certezas. Anunció parece más una operación de prensa que una decisión de inversión.",Esteban Magnani,2025-10-14 03:01:00+00:00,https://www.pagina12.com.ar/865502-openai-la-promesa-para-milei-floja-de-papeles,economia
El acuerdo con ENI y la potencial exportación,"Marín, de YPF, dio detalles del acuerdo de inversión con la energética italiana","El presidente y CEO de YPF, Horacio Marín, reveló que el acuerdo recientemente firmado entre la petrolera nacional y Eni puede representar para la Argentina el ingreso de US$300.000 millones en exp",Mara Pedrazzoli,2025-10-14 03:01:00+00:00,https://www.pagina12.com.ar/865448-el-acuerdo-con-eni-y-la-potencial-exportacion,economia
Euforia y cautela al mismo tiempo,Repuntaron los bonos y bajaron el dólar y el riesgo país,"La atención está puesta en el encuentro de este martes entre Milei y Trump, y en el resultado de las elecciones de octubre.",Mara Pedrazzoli,2025-10-14 03:01:00+00:00,https://www.pagina12.com.ar/865528-euforia-y-cautela-al-mismo-tiempo,economia
La dolarización por el salvavidas,La pulseada con Wall Street por el precio del acuerdo,"«Scott Bessent va a desperdiciar sus dólares si no le exige a Milei dolarizar después del 26», pide The Wall Street Journal 24 horas antes del encuentro con Trump",Raúl Dellatorre,2025-10-14 03:01:00+00:00,https://www.pagina12.com.ar/865570-wall-st-pide-dolarizar-caputo-responde-no-por-ahora,economia
"Dólar blue, dólar hoy: a cuánto cotizan el lunes 13 de octubre de 2025",La cotización del dólar para la compra y para la venta,"El precio del dólar oficial y de los dólares financieros. En directo, todas las modificaciones de la jornada cambiaria.",Mara Pedrazzoli,2025-10-13 11:46:02+00:00,https://www.pagina12.com.ar/865338-dolar-blue-dolar-hoy-a-cuanto-cotizan-el-lunes-13-de-octubre,economia
El dólar Bessent se pone a prueba esta semana,Cómo abrirán los mercados luego de la compra de pesos extraordinaria,"Con el debut de la intevención histórica de EE.UU, el jueves frenaron las turbulencias al final de la ronda. Avanza la especulación, retrocede la economía real.",Bernarda Tinetti,2025-10-13 03:01:00+00:00,https://www.pagina12.com.ar/865263-el-dolar-bessent-se-pone-a-prueba-esta-semana,economia
Toma de ganancias y más timba,Expectativa de inversores por bonos y acciones,"En Nueva York, las acciones argentinas registraron una fuerte toma de ganancias este viernes, luego de subas de hasta 27 por ciento el jueves.",Mara Pedrazzoli,2025-10-11 03:01:00+00:00,https://www.pagina12.com.ar/864927-toma-de-ganancias-y-mas-timba,economia
"""Hoy la democracia, la libertad y la ciencia están amenazadas""","El economista Roberto Frenkel, duro con el Gobierno de Milei","En el cumpleaños 50 del Cedes, aseguró que esto se da con ""algunos gobiernos autoritarios que paradójicamente se llaman a sí mismos liberal-libertarios"". El evento reunión a técnicos y figuras de la política.",Mara Pedrazzoli,2025-10-11 03:01:00+00:00,https://www.pagina12.com.ar/864802-hoy-la-democracia-la-libertad-y-la-ciencia-estan-amenazadas,economia
Francos se hace el distraído,Le bajó el precio a declaraciones de Bessent sobre China,"A contramano de lo que había admitido Scott Bessent, Secretario del Tesoro de EEUU, en relación a la intención de desplazar a China como actor de peso en la economía argentina, el jefe de Gabinete,",Mara Pedrazzoli,2025-10-11 03:01:00+00:00,https://www.pagina12.com.ar/864843-francos-se-hace-el-distraido,economia
Del escándalo Espert al escándalo Citrone: un pelado por otro,Quiénes son los financistas amigos de Bessent y Caputo que se benefician con el rescate de Trump a Milei,"Con el fondo Discovery Capital, gana dos millones de dólares por día especulando en la Argentina. El vínculo del trader con Bessent y Soros y la información privilegiada. El swap como rescate vip.",Juan Garriga,2025-10-11 03:01:00+00:00,https://www.pagina12.com.ar/864934-citrone-el-amigo-de-caputo-que-apuesta-al-pais,economia
Faena y consumo en aumento,Recuperación en el mercado de la carne,"La producción de carne bovina superó los 2 millones de toneladas en los primeros 8 meses del año, según datos de las Bolsa de Comercio de Rosario.",Mara Pedrazzoli,2025-10-11 03:01:00+00:00,https://www.pagina12.com.ar/864930-faena-y-consumo-en-aumento,economia
"En medio del caos, un mega-anuncio",OpenAI construiría un centro de datos de inteligencia artificial,"La promesa ocurre en medio de un desierto: el año pasado, la inversión extranjera directa registró su nivel más bajo desde 2003.",Mara Pedrazzoli,2025-10-11 03:01:00+00:00,https://www.pagina12.com.ar/864814-en-medio-del-caos-un-mega-anuncio,economia
"Dólar blue, dólar hoy: a cuánto cotizan el viernes 10 de octubre de 2025",La cotización del dólar para la compra y para la venta,"El precio del dólar oficial y de los dólares financieros. En directo, todas las modificaciones de la jornada cambiaria.",Mara Pedrazzoli,2025-10-10 12:31:14+00:00,https://www.pagina12.com.ar/864717-dolar-blue-dolar-hoy-a-cuanto-cotizan-el-viernes-10-de-octub,economia
"""Tambalea en arenas movedizas""",Informe del equipo del economista Roberto Feletti,"El modelo “carece de viabilidad”. La pérdida de reservas, junto a la deuda creciente implica “devaluación más default”.",Juan Garriga,2025-10-10 03:01:00+00:00,https://www.pagina12.com.ar/864561-tambalea-en-arenas-movedizas,economia
Perspectivas favorables para el trigo,Campaña de 21 millones de toneladas,La próxima campaña de trigo se perfila como una de las más prometedoras de la última década.,Mara Pedrazzoli,2025-10-10 03:01:00+00:00,https://www.pagina12.com.ar/864622-perspectivas-favorables-para-el-trigo,economia
Proyecciones económicas hasta fines de año,Relevamiento de FocusEconomics,"Los principales bancos y consultoras nacionales e internacionales renovaron sus previsiones sobre el valor en el que terminará el año el dólar, el nivel del avance de la actividad económica y la ci",Mara Pedrazzoli,2025-10-10 03:01:00+00:00,https://www.pagina12.com.ar/864651-proyecciones-economicas-hasta-fines-de-ano,economia
La construcción no sale del pozo,El freno de la obra pública y la crisis de ingresos,"La construcción, al igual que la producción industrial, está en niveles similares a los de fines de 2020, en plena pandemia.",Mara Pedrazzoli,2025-10-09 03:01:00+00:00,https://www.pagina12.com.ar/864287-la-construccion-no-sale-del-pozo,economia
Retenciones cero al acero,Exportaciones,"El Gobierno nacional eliminó temporalmente las retenciones a las exportaciones del acero, aluminio y productos derivados, mediante el Decreto 726/2025 publicado este miércoles en el Boletín Oficial",Mara Pedrazzoli,2025-10-09 03:01:00+00:00,https://www.pagina12.com.ar/864291-retenciones-cero-al-acero,economia
"""El país va a contramano del mundo""",Firme rechazo  la política antiindustrial del gobierno en un encuentro empresario textil,"Èl encuentro ProTextil 2025 denunció la gravedad de la crisis, reflejada en 17.600 cierres de empresas y más de cien mil empleos perdidos desde que Milei llegó al poder",Raúl Dellatorre,2025-10-09 03:01:00+00:00,https://www.pagina12.com.ar/864308-el-pais-va-a-contramano-del-mundo,economia
Aumenta la tensión en el mercado,"En seis jornadas, el Tesoro puso 2040 millones de dólares",El Gobierno intensificó sus intervenciones en el mercado cambiario para contener la presión sobre el dólar oficial.,Mara Pedrazzoli,2025-10-09 03:01:00+00:00,https://www.pagina12.com.ar/864310-aumenta-la-tension-en-el-mercado,economia
"Dólar blue, dólar hoy: a cuánto cotizan el miércoles 8 de octubre de 2025",La cotización del dólar para la compra y para la venta,"El precio del dólar oficial y de los dólares financieros. En directo, todas las modificaciones de la jornada cambiaria.",Mara Pedrazzoli,2025-10-08 12:00:05+00:00,https://www.pagina12.com.ar/864085-dolar-blue-dolar-hoy-a-cuanto-cotizan-el-miercoles-8-de-octu,economia
Se fuga más de lo que se recibe,La suma de divisas fugadas ya supera el préstamo del FMI,"El factor desconfianza, tras el nuevo esquema cambiario a partir de abril, generó una salida masiva de capitales que no se detiene",Mara Pedrazzoli,2025-10-08 03:01:00+00:00,https://www.pagina12.com.ar/863901-se-fuga-mas-de-lo-que-se-recibe,economia
Medida de fuerza en Camuzzi,Industria del gas,Los trabajadores del gas nucleados en la Federación de Trabajadores de la Industria del Gas Natural de la República Argentina (Fetignra) iniciaron este martes una jornada de paro total y movilizaci,Mara Pedrazzoli,2025-10-08 03:01:00+00:00,https://www.pagina12.com.ar/863960-medida-de-fuerza-en-camuzzi,economia
"Los insumos, con un escenario ""muy negativo""","La venta de materiales para construir en septiembre, con un ""leve"" rebote","""Los despachos se mantuvieron casi 8% por debajo del pico (...) El escenario de alta volatilidad financiera constituye un factor muy negativo"", dijo Construya.",Mara Pedrazzoli,2025-10-08 03:01:00+00:00,https://www.pagina12.com.ar/863885-los-insumos-con-un-escenario-muy-negativo,economia
El Banco Mundial la ve de otra manera,Cree que Argentina crecerá más,"El Banco Mundial (BM) estimó que la Argentina crecerá un 4,6 por ciento en 2025, por encima de lo estimado por economistas locales que lo calcularon en un 3,9 por ciento.",Mara Pedrazzoli,2025-10-08 03:01:00+00:00,https://www.pagina12.com.ar/863889-el-banco-mundial-la-ve-de-otra-manera,economia
Reformar un sistema financiero injusto,"Martín Guzmán presentó en La Plata el ""Reporte del Jubileo""","Martín Guzmán presentó en La Plata el Reporte del Jubileo, el trabajo que el Papa Francisco le encargó junto al Premio Nobel Joseph Stiglitz para proponer una reforma de la arquite",Mara Pedrazzoli,2025-10-08 03:01:00+00:00,https://www.pagina12.com.ar/863906-reformar-un-sistema-financiero-injusto,economia
Dólar contenido y expectante,El Tesoro volvió a intervenir y mantuvo el mayorista en $1430,Se esperaba algún resultado de las negociaciones en Washington pero no lo hubo. Se mantiene la presión sobre la divisa,Mara Pedrazzoli,2025-10-07 03:01:00+00:00,https://www.pagina12.com.ar/863680-dolar-contenido-y-expectante,economia
El trasfondo geopolítico del abrazo a Trump,"""La campaña electoral más cara de la humanidad"", la calificaría Milei",La promesa de salvataje financiero es un activo en favor de los Estados Unidos para lograr ventajas estratégicas en su disputa geopolítica con China.,Javier Lewkowicz,2025-10-07 03:01:00+00:00,https://www.pagina12.com.ar/863601-el-trasfondo-geopolitico-del-abrazo-a-trump,economia
"Una visita de cortesía y muy poco más, por ahora","El encuentro de Bessent y Caputo en Washington, apenas una foto y un tuit","Con la promesa de ""continuar nuestras productivas conversaciones durante su estadía"", el jefe del Tesoro de EE.UU. recibió a Caputo pero sin anuncios sobre la ayuda financiera",Mara Pedrazzoli,2025-10-07 03:01:00+00:00,https://www.pagina12.com.ar/863696-una-visita-de-cortesia-y-muy-poco-mas-por-ahora,economia
Meses de 10 días y un parate casi total,La base de la crisis política de Milei es el colapso de la economía,"Los comercios afirman que las ventas caen a cero antes de la primera quincena, lo que motiva el éxodo de las multinacionales de supermercados y la concentración en pocas manos, como en 2001. La producción y la construcción siguen frenadas y hasta 10 puntos abajo del 2023. ""La realidad quebró las expectativas que sostenían la ilusión. La clase media baja y el AMBA son los segmentos que dominan e imprimen el pesimismo"", sintetizó una encuesta.",Leandro Renou,2025-10-07 03:01:00+00:00,https://www.pagina12.com.ar/863611-meses-de-10-dias-y-un-parate-casi-total,economia
Caputo se reunió con Bessent en busca de alivio frente a la crisis financiera,Ante el aumento del dólar,El ministro viajó a EE. UU. para definir los detalles del swap y del paquete de auxilio económico que Trump ofreció al gobierno de Milei.,Mara Pedrazzoli,2025-10-06 22:35:47+00:00,https://www.pagina12.com.ar/863651-caputo-se-reunio-con-bessent-en-busca-de-alivio-frente-a-la-,economia
J.P. Morgan ya no mide en tiempo real el riesgo país argentino,Se actualizará solo una vez por día,"El banco excluyó a la Argentina del índice EMBI+, la referencia global para los bonos emergentes.",Mara Pedrazzoli,2025-10-06 18:07:01+00:00,https://www.pagina12.com.ar/863570-j-p-morgan-ya-no-mide-en-tiempo-real-el-riesgo-pais-argentin,economia
"Dólar blue, dólar hoy: a cuánto cotizan el lunes 6 de octubre de 2025",La cotización del dólar para la compra y para la venta,"El precio del dólar oficial y de los dólares financieros. En directo, todas las modificaciones de la jornada cambiaria.",Mara Pedrazzoli,2025-10-06 11:51:02+00:00,https://www.pagina12.com.ar/863489-dolar-blue-dolar-hoy-a-cuanto-cotizan-el-lunes-6-de-octubre-,economia
"Por ahora, son sólo declaraciones de amor",Expectativa por la reunión de Caputo. Los dichos de Lamela ¿alcanzan?,"Cónclave de Economía en EE.UU. Qué va a pasar con los mercados. Los inversores exigen hechos, no palabras. La promesa del embajador. Advertencia del Financial Times.",Mara Pedrazzoli,2025-10-06 03:01:00+00:00,https://www.pagina12.com.ar/863401-por-ahora-son-solo-declaraciones-de-amor,economia
Motosierra para programas sociales,Los recortes de Milei afectan a más de 4 millones de personas,"Sólo tres de las cincuenta políticas de cuidado vigentes, antes de que asumiera la La Libertad Avanza, se mantienen en pie.",Mara Pedrazzoli,2025-10-06 03:01:00+00:00,https://www.pagina12.com.ar/863372-motosierra-para-programas-sociales,economia
"A fin de año, el agro no pone más",El ingreso de dólares podría desplomarse 80 por ciento,"El ingreso de dólares del agro podría desplomarse hasta 80 por ciento en los últimos dos meses del año, pasado el pico de liquidaciones bajo la quita temporal de las retenciones, según estimó en un",Mara Pedrazzoli,2025-10-06 03:01:00+00:00,https://www.pagina12.com.ar/863387-a-fin-de-ano-el-agro-no-pone-mas,economia
Libre de influenza aviar,Argentina reactiva la exportaciones,"La Argentina fue declarada nuevamente libre de influenza aviar altamente patógena por la Organización Mundial de Sanidad Animal, lo que le permite retomar de manera plena las exportaciones de carne",Mara Pedrazzoli,2025-10-04 03:01:00+00:00,https://www.pagina12.com.ar/862748-libre-de-influenza-aviar,economia
YPF suma apoyos contra los buitres,"AmCham y países de todo el mundo, a favor de Argentina","Desde la Cámara de Comercio de EE.UU hasta gobiernos como Israel, Uruguay, Chile y Ucrania respaldan la causa nacional.",Mara Pedrazzoli,2025-10-04 03:01:00+00:00,https://www.pagina12.com.ar/863052-ypf-suma-apoyo-contra-los-buitres,economia
"Deterioro generalizado del empleo, según la UBA","Desde finales de 2023, una pérdida acumulada de 190 mil asalariados","En junio se perdieron 12 mil puestos privados registrados y en el segundo trimestre la informalidad alcanzó 43,2%, casi dos puntos más que en diciembre de 2023.",Juan Garriga,2025-10-04 03:01:00+00:00,https://www.pagina12.com.ar/863006-deterioro-generalizado-del-empleo-segun-la-uba,economia
"Reversión de los 90, mal calibrada","En 2025, Argentina podría crecer sin generar empleo","Los únicos sectores que crecieron con Milei son los vinculados a la economía primaria, con poca demanda de mano de obra.",Mara Pedrazzoli,2025-10-04 03:01:00+00:00,https://www.pagina12.com.ar/863025-reversion-de-los-90-mal-calibrada,economia
Más ventas de autos importados,Las unidades nacionales no traccionan al sector,"Si bien las ventas mayoristas en el sector automotriz en agosto crecieron versus 2024, la producción y las exportaciones están en niveles más bajos.",Mara Pedrazzoli,2025-10-04 03:01:00+00:00,https://www.pagina12.com.ar/863015-mas-ventas-de-autos-importados,economia
"El FMI y el Tesoro de Estados Unidos ya coordinan las ""reformas"" para Argentina","Antes de recibir a Caputo, Georgieva y Bessent hablaron sobre la ""asistencia""","A horas de la reunión que van a mantener en Washington el ministro de Economía, Luis Caputo, y parte del equipo económico con Scott Bessent, secretario del Tesoro de Estados Unidos",Mara Pedrazzoli,2025-10-03 20:54:17+00:00,https://www.pagina12.com.ar/863001-el-fmi-y-el-tesoro-de-estados-unidos-ya-coordinan-las-reform,economia
Los de arriba y los de abajo,No disponible,"El nuevo “salvataje” anunciado por el gobierno de Javier Milei y confirmado por el Secretario del Tesoro de los Estados Unidos, Scott Bessent, es un hito más en la",Roberto Villarruel,2025-10-03 14:57:00+00:00,https://www.pagina12.com.ar/862914-los-de-arriba-y-los-de-abajo,economia
"Dólar blue, dólar hoy: a cuánto cotizan el viernes 3 de octubre de 2025",La cotización del dólar para la compra y para la venta,"El precio del dólar oficial y de los dólares financieros. En directo, todas las modificaciones de la jornada cambiaria.",Mara Pedrazzoli,2025-10-03 11:49:29+00:00,https://www.pagina12.com.ar/862874-dolar-blue-dolar-hoy-a-cuanto-cotizan-el-viernes-3-de-octubr,economia
Haberes jubilatorios de pobreza,"4,5 millones cobran 390.214 pesos con bono incluido","La Canasta Básica del Jubilado trepó 26,12 por ciento en los últimos seis meses y ya supera los 1.500.000 pesos, con mayor incidencia de gastos en alimentos y medicamentos, según expuso un r",Mara Pedrazzoli,2025-10-03 03:01:00+00:00,https://www.pagina12.com.ar/862803-haberes-jubilatorios-de-pobreza,economia
Bajó el coeficiente de Gini y advierten por la subdeclaración de ingresos,"Los datos del Indec, en la lupa","La desigualdad del ingreso, medida por el coeficiente de Gini, mejoró levemente en el segundo trimestre de 2025 contra el mismo período del año anterior.",Mara Pedrazzoli,2025-10-03 03:01:00+00:00,https://www.pagina12.com.ar/862799-bajo-el-coeficiente-de-gini-y-advierten-por-la-subdeclaracio,economia
"Las provincias, castigadas por los cambios en Bienes Personales",Cayeron los fondos de la Coparticipación,"El Gobierno Nacional transfirió a las provincias y la Ciudad Autónoma de Buenos Aires (CABA) un 10,3 por ciento menos en septiembre de este año en concepto de coparticipación, leyes especiales y",Mara Pedrazzoli,2025-10-02 03:01:00+00:00,https://www.pagina12.com.ar/862414-las-provincias-castigadas-por-los-cambios-en-bienes-personal,economia
Octubre arrancó con plaza agitada,El Tesoro y el BCRA siguen vendiendo dólares para frenar la suba,"La oferta de dólares oficiales rondó entre 300 y 450 millones, según la versión, y le puso techo al mayorista en 1425 pesos",Mara Pedrazzoli,2025-10-02 03:01:00+00:00,https://www.pagina12.com.ar/862455-octubre-arranco-con-plaza-agitada,economia
"Cavallo, hipercrítico con Caputo","""El gobierno no logra identificar la raíz de la crisis""","El economista y ex ministro de Economía, Domingo Cavallo, volvió a aparecer en la escena pública con un análisis crítico de la gestión actual.",Mara Pedrazzoli,2025-10-02 03:01:00+00:00,https://www.pagina12.com.ar/862458-cavallo-hipercritico-con-caputo,economia
Las fintech siguen en la pelea,La disputa entre el Banco Central y las billeteras digitales,"El BCRA las sacó del mercado del dólar oficial ""recordando"" que no estaban autorizadas. Pero no se resignan a operar sólo en el MEP",Juan Garriga,2025-10-02 03:01:00+00:00,https://www.pagina12.com.ar/862420-las-fintech-siguen-en-la-pelea,economia
Luz y gas aumentan casi 2% en octubre,Suben las tarifas y congelan el impuesto a los combustibles,"Mientras cae la imagen del presidente javier Milei, desde este miércoles vuelven a aumentar las tarifas: la boletas de luz y gas tendrán un recargo del 1,9 por ciento en todo el país, según las res",Mara Pedrazzoli,2025-10-02 03:01:00+00:00,https://www.pagina12.com.ar/862430-luz-y-gas-aumentan-casi-2-en-octubre,economia
Argentina se llevaría casi todo el Fondo de Estabilización del gobierno norteamericano,Polémica por el rescate de Trump,"A nivel local, el rescate escandaliza por el grado de entrega de soberanía. En EE.UU., por la política de amigos de Trump.",Mara Pedrazzoli,2025-10-02 03:01:00+00:00,https://www.pagina12.com.ar/862412-argentina-se-llevaria-casi-todo-el-fondo-de-estabilizacion-d,economia
El FMI sondea los niveles de terror post octubre,Funcionarios técnicos quieren saber cuántos dólares tendrá Milei,Se reunieron con corredores de granos y las Bolsas de Comercio de Buenos Aires y Rosario para preguntarles qué volumen de cosecha queda para sostener al Gobierno. El número que los espantó. Especulan con una crisis más grave luego de las legislativas.,Leandro Renou,2025-10-02 03:01:00+00:00,https://www.pagina12.com.ar/862372-el-fmi-sondea-los-niveles-de-terror-post-octubre,economia
"Dólar blue, dólar hoy: a cuánto cotizan el miércoles 1 de octubre de 2025",La cotización del dólar para la compra y para la venta,"El precio del dólar oficial y de los dólares financieros. En directo, todas las modificaciones de la jornada cambiaria.",Mara Pedrazzoli,2025-10-01 11:50:33+00:00,https://www.pagina12.com.ar/862243-dolar-blue-dolar-hoy-a-cuanto-cotizan-el-miercoles-1-de-octu,economia
"Octubre, elecciones y aumentos","A pesar de la recesión, se prevé una aceleración inflacionaria","En octubre llegan aumentos en servicios; como transporte público, cuotas de colegios privados, alquileres y medicina privada.",Mara Pedrazzoli,2025-10-01 03:01:00+00:00,https://www.pagina12.com.ar/862078-octubre-elecciones-y-aumentos,economia
Sigue la caída del empleo público,"Baja de 7,8% anual y de 0,7% frente a julio","La dotación de personal en la administración pública nacional, empresas y sociedades alcanzó en agosto a 285.733 trabajadores, lo que representó una baja de 7,8 por ciento interanual",Mara Pedrazzoli,2025-10-01 03:01:00+00:00,https://www.pagina12.com.ar/862084-sigue-la-caida-del-empleo-publico,economia
"Grimoldi: ""Fuimos demasiado optimistas""","El mayor fabricante de calzado, crítico con la economía de Milei","El empresario confirmó que las ventas están derrumbadas y ""septiembre es un horror para todos"". Agregó que ""hoy es más caro fabricar en Argentina"".",Leandro Renou,2025-09-30 03:01:00+00:00,https://www.pagina12.com.ar/861705-grimoldi-fuimos-demasiado-optimistas,economia
Piden frenar las privatizaciones,Reclamo de senadores patagónicos por las centrales hidroeléctricas del Comahue,"Cuatro senadores de Río Negro y Neuquén presentaron una cautelar a la Justicia contra el proceso licitatorio, por irregularidades y no contemplar intereses nacionales y provinciales. Especialistas del sector también cuestionan la venta de las represas",Raúl Dellatorre,2025-09-30 03:01:00+00:00,https://www.pagina12.com.ar/861777-piden-frenar-las-privatizaciones,economia
Rebotó el dólar y crecen las dudas,A pesar de las ventas del agro y con los nuevos controles,El Tesoro compró divisas en el mercado de cambio y empieza a quedar claro el final del esquema de bandas.,Mara Pedrazzoli,2025-09-30 03:01:00+00:00,https://www.pagina12.com.ar/861775-reboto-el-dolar-y-crecen-las-dudas,economia
Más quejas por las retenciones,La Mesa de Enlace le llevó los cuestionamientos rurales a Milei,"Fuerte descalificación de entidades del interior por la baja ""temporal"" de retenciones que sólo benefició a las cerealeras",Juan Garriga,2025-09-30 03:01:00+00:00,https://www.pagina12.com.ar/861793-mas-quejas-por-las-retenciones,economia
"El deterioro externo, en números","Fragilidad en las cuentas, salvataje y después","La balanza de pagos registró en el segundo trimestre del año un déficit de 3.016 millones de dólares, en marcado contraste con el superávit de 3.732 millones del mismo período de 2024",Juan Garriga,2025-09-30 03:01:00+00:00,https://www.pagina12.com.ar/861681-el-deterioro-externo-en-numeros,economia
La disputa por el precio de la soja,Exportaciones cerealeras,"La Bolsa de Comercio de Rosario (BCR) informó este lunes, en su habitual comentario del día que, ""en medio de la necesidad de los exportadores por generar mercadería que anotaron en el marco de la",Mara Pedrazzoli,2025-09-30 03:01:00+00:00,https://www.pagina12.com.ar/861825-la-disputa-por-el-precio-de-la-soja,economia
Futuro y tradición en la ciudad china de Xi'an,"El desafío de entender a China, la potencia en frenético ascenso","China es punta de lanza de una revolución tecnológica que, a diferencia de Occidente, tiene una conducción política disociada de la propiedad del capital.",Javier Lewkowicz,2025-09-30 03:01:00+00:00,https://www.pagina12.com.ar/861678-futuro-y-tradicion-en-la-ciudad-china-de-xian,economia
"Dólar blue, dólar hoy: a cuánto cotizan el lunes 29 de septiembre de 2025",La cotización del dólar para la compra y para la venta,"El precio del dólar oficial y de los dólares financieros. En directo, todas las modificaciones de la jornada cambiaria.",Mara Pedrazzoli,2025-09-29 12:14:22+00:00,https://www.pagina12.com.ar/861578-dolar-blue-dolar-hoy-a-cuanto-cotizan-el-lunes-29-de-septiem,economia
"CRA calificó la baja de retenciones como un ""negociado"" para tapar el incendio cambiario","""Fue un burla, el productor se sintió defraudado""","Javier Rotondo, vicepresidente de Confederaciones Rurales Argentinas (CRA), dijo que la quita de retenciones que, en la práctica, duró solo 72 horas, ""fue una medida de corte financiero"" para atacar la tensión cambiaria. Lo ocurrido, reconoció Rotondo, generó una “ruptura en la confianza” del campo hacia el Gobierno.",Mara Pedrazzoli,2025-09-28 15:37:05+00:00,https://www.pagina12.com.ar/861420-cra-califico-la-baja-de-retenciones-como-un-negociado-para-t,economia
Dos días de subsidios sólo aptos para muy pocos,Denuncian defraudación tras la quita de retenciones con 7 grandes beneficiados,El negocio cerealero exportador otra vez en la mira. Un subsidio decidido el fin de semana por Caputo y créditos privados mil millonarios del exterior obtenidos en 24 horas denunciados por presunto fraude,Raúl Dellatorre,2025-09-28 03:01:00+00:00,https://www.pagina12.com.ar/861312-dos-dias-de-subsidios-solo-aptos-para-muy-pocos,economia
Argentina apela la entrega de las acciones,Causa buitre en EE.UU contra YPF,"""Ninguna otra corte estadounidense ha dictado una orden como esta.",Mara Pedrazzoli,2025-09-27 03:01:00+00:00,https://www.pagina12.com.ar/861083-argentina-apela-la-entrega-de-las-acciones,economia
La calle sale en defensa de Aysa,Iniciativas populares para frenar la re-privatización,Especialistas advierten que las transnacionales del agua sólo buscan tarifas dolarizadas y rentas extraordinarias.,Mara Pedrazzoli,2025-09-27 03:01:00+00:00,https://www.pagina12.com.ar/861087-la-calle-sale-en-defensa-de-aysa,economia
La estafa continúa,Hasta cuándo aguanta el dólar barato sostenido con deuda,"El Gobierno de Milei entregó el mando a su par de Estados Unidos para sobrevivir. ""Mientras más grande es la ayuda, más vuelve"", es la máxima que explica el rescate de Trump. El dólar intervenido, el cepo que regresa, las retenciones que bajan por tres días, la pobreza que es mentira, los salarios que le ganan a la inflación. El Presidente y el ministro, a puro chamuyo.",David Cufré,2025-09-27 03:01:00+00:00,https://www.pagina12.com.ar/861184-la-estafa-continua,economia
Críticas del arco opositor por la vuelta del cepo,"""El modelo de Milei se hunde y reparten los botes salvavidas""","El Banco Central de la República Argentina (BCRA) restableció este viernes una nueva medida de cepo para quienes compren dólar oficial, prohibiendo operar con dólares financieros, o a la inv",Mara Pedrazzoli,2025-09-26 21:47:40+00:00,https://www.pagina12.com.ar/861119-criticas-del-arco-opositor-por-la-vuelta-del-cepo,economia
El Gobierno impide que quienes compren dólar oficial operen en el financiero,Se endurece el cepo,"Mediante una resolución del Banco Central, Milei y Caputo buscan frenar que los inversores hagan ""rulo"" con la divisa. Las personas físicas que compren en el mercado oficial no podrán adquirir MEP o CCL por 90 días.",Vardan Bleyan,2025-09-26 16:56:15+00:00,https://www.pagina12.com.ar/861041-el-gobierno-impide-que-quienes-compren-dolar-oficial-operen-,economia
"No vendas, campeón: la respuesta del Gobierno a la furia del campo",Sigue la novela por la brevísima baja en las retenciones,"""Si no están contentos con el precio, no vendan"", sentenció el titular de ARCA desde un streaming libertario tras aconsejarles a los productores agropecuarios que ""defiendan"" el valor de sus granos frente a las empresas exportadoras. ""Nadie sabía de la medida"", aseguró un funcionario del Ministerio de Economía.",Mara Pedrazzoli,2025-09-26 12:47:13+00:00,https://www.pagina12.com.ar/860977-no-vendas-campeon-la-respuesta-del-gobierno-a-la-furia-del-c,economia
"Dólar blue, dólar hoy: a cuánto cotizan el viernes 26 de septiembre de 2025",La cotización del dólar para la compra y para la venta,"El precio del dólar oficial y de los dólares financieros. En directo, todas las modificaciones de la jornada cambiaria.",Mara Pedrazzoli,2025-09-26 11:51:02+00:00,https://www.pagina12.com.ar/860899-dolar-blue-dolar-hoy-a-cuanto-cotizan-el-viernes-26-de-septi,economia
El impacto real de las retenciones cero,Los supermercados recibieron listas con aumentos del 7%,"Piden al Gobierno que intervenga ""urgente"". La medida que benefició a las cerealeras perjudica los bolsillos de las mayorías",Bernarda Tinetti,2025-09-26 03:01:00+00:00,https://www.pagina12.com.ar/860856-el-impacto-real-de-las-retenciones-0,economia
Nuevo umbral de información,Cooperativas y mutuales,ARCA dispuso un aumento en los umbrales para el régimen de información de operaciones que aplica a cooperativas y mutuales: pasó de 10.000 pesos a 1.600.000 pesos. La norma comienza regir a partir,Mara Pedrazzoli,2025-09-26 03:01:00+00:00,https://www.pagina12.com.ar/860830-nuevo-umbral-de-informacion,economia
El riesgo país vuelve a subir,Se frenó la euforia y volvió la incertidumbre a los mercados,"Los títulos soberanos en dólares cayeron en bloque y el riesgo país saltó a 956 puntos. El S&amp;P Merval retrocedió 4,1 por ciento. El dólar, entre subas y bajas moderadas",Mara Pedrazzoli,2025-09-26 03:01:00+00:00,https://www.pagina12.com.ar/860883-el-riesgo-pais-vuelve-a-subir,economia
"Dólar blue, dólar hoy: a cuánto cotizan el jueves 25 de septiembre de 2025",La cotización del dólar para la compra y para la venta,"El precio del dólar oficial y de los dólares financieros. En directo, todas las modificaciones de la jornada cambiaria.",Mara Pedrazzoli,2025-09-25 12:00:05+00:00,https://www.pagina12.com.ar/860635-dolar-blue-dolar-hoy-a-cuanto-cotizan-el-jueves-25-de-septie,economia
Otro golpe de confianza made in Washington,El dólar mayorista bajó otros 30 pesos. El riesgo país baja y se aleja de los 1000 puntos,Las promesas del secretario de Finanzas de la administración Trump de ayda financiera al programa monetario le dieron un nuevo impulso favorable a la plaza local,Mara Pedrazzoli,2025-09-25 03:01:00+00:00,https://www.pagina12.com.ar/860563-otro-golpe-de-confianza-made-in-washington,economia
"Las ventas cayeron 2,86%","Con precios al alza, de nuevo se desploma la demanda de combustibles","En agosto, la venta de combustibles se desplomó 2,86 por ciento mensual y apenas aumentó 0,41 por ciento interanual, medido contra la base de comparación retraída de 2024.",Mara Pedrazzoli,2025-09-25 03:01:00+00:00,https://www.pagina12.com.ar/860534-las-ventas-cayeron-2-86,economia
Retornando a la Década Infame,Similitudes con el Tratado Roca - Runciman,"Las semejanzas entre el tratado Roca-Runciman (1933) que caracterizó la “década infame” (1930-1943) y el actual tratado Milei-Trump son más que evidentes, son una obvia y lamentable repetición de l",Eduardo Dvorkin,2025-09-25 03:01:00+00:00,https://www.pagina12.com.ar/860547-retornando-a-la-decada-infame,economia
Menos crecimiento y más inflación,La OCDE recorta las previsiones para Argentina,La Organización para la Cooperación y el Desarrollo Económico (OCDE) redujo sus previsiones para la Argentina y estimó un menor crecimiento acompañado de una mayor inflación.,Mara Pedrazzoli,2025-09-25 03:01:00+00:00,https://www.pagina12.com.ar/860545-menos-crecimiento-y-mas-inflacion,economia
"Milei, rendido ante el nuevo consenso de Washington",El titular del Tesoro de Trump y el FMI le imponen medidas al gobierno,"Bessent avisó que la asistencia financiera (un swap de 20 mil millones de dólares) depende del resultado de las legislativas y puntualizó que subirán retenciones, lo que obligó a Caputo a explicarles a los sojeros cuándo volverán a pagarlas. En un acuerdo con cláusulas oscuras -que incluyen cortar los swaps con China y no permitir que se hagan represas en el sur- reclaman un cambio de modelo post octubre. Una ex Fondo develó el pedido real al gobierno: devaluación y flotación del dólar. ""Toto"" convalidó el cambio de timonel y blanqueó que ""empieza una nueva era"".",Leandro Renou,2025-09-25 03:01:00+00:00,https://www.pagina12.com.ar/860489-milei-rendido-ante-el-nuevo-consenso-de-washington,economia
Se prolonga el estancamiento,Actividad económica con leve retroceso en julio,"El índice oficial de actividad, EMAE, registra tres meses seguidos de pequeños descensos, en los que sólo crecen Minería y Finanzas",Juan Garriga,2025-09-25 03:01:00+00:00,https://www.pagina12.com.ar/860521-se-prolonga-el-estancamiento,economia
Minería: Las tensiones de la transición,Informe de Oxfam sobre comercio y explotación de minerales,Un análisis da relación desigual entre países productores de minerales estratégicos y las apetencias de los países centrales,Mara Pedrazzoli,2025-09-25 03:01:00+00:00,https://www.pagina12.com.ar/860492-mineria-las-tensiones-de-la-transiciom,economia
Retenciones cero abandonó el grupo,Estados Unidos exigió y el Gobierno cumplió de inmediato,"Luego de que el secretario del Tesoro reclamara por la vuelta de los derechos de exportación, las cerealeras liquidaron todo.",Bernarda Tinetti,2025-09-25 03:01:00+00:00,https://www.pagina12.com.ar/860531-retenciones-cero-abandono-el-grupo,economia
La letra chica del rescate: qué exige Estados Unidos a cambio de sus 20.000 millones de dólares,Trump ata la ayuda a un triunfo electoral en octubre,"El salvavidas financiero ofrecido por el Tesoro estadounidense incluye un swap, compra de bonos y una línea de crédito de emergencia. Pero también abre dudas sobre soberanía y costos políticos para el país. Detrás del auxilio aparece una serie de exigencias: reformas estructurales inmediatas, ruptura con China y un resultado favorable a Javier Milei en las próximas elecciones.",Natalia López Gómez,2025-09-24 23:24:53+00:00,https://www.pagina12.com.ar/860520-la-letra-chica-del-rescate-que-exige-estados-unidos-a-cambio,economia
"A ingresos planchados, consumo liquidado","Derrumbe récord de ventas en supermercados y mayoristas, según Indec","En los super, julio arrojó una caída intermensual en picada: 2,1 por ciento. Cifra histórica de desplome para mayoristas.",Mara Pedrazzoli,2025-09-24 03:01:00+00:00,https://www.pagina12.com.ar/860203-a-ingresos-planchados-consumo-liquidado,economia
El dólar vuelve a bajar en busca de un nuevo piso,Segunda jornada de fuerte recuperación de activos bursatil y caída de la divisa,"Las variables financieras volvieron a acomodarse al nuevo clima favorable, señalado por el fuerte respaldo del gobierno de Trump a la política económica de Milei",Mara Pedrazzoli,2025-09-24 03:01:00+00:00,https://www.pagina12.com.ar/860189-el-dolar-vuelve-a-bajar-en-busca-de-un-nuevo-piso,economia
Endeudador serial: todavía no llegó el préstamo de Estados Unidos y Caputo ya confirmó que se acelera otro,Otra deuda a nombre de Toto,"El ministro de Economía se mostró emocionado, al borde de las lágrimas, por el apoyo del presidente Donald Trump. A la espera de un desembolso del Tesoro estadounidense, el funcionario anunció que se ""acelera"" un crédito del Banco Mundial.",Vardan Bleyan,2025-09-23 20:54:42+00:00,https://www.pagina12.com.ar/860112-endeudador-serial-todavia-no-llego-el-prestamo-de-estados-un,economia
"Dólar blue, dólar hoy: a cuánto cotizan el martes 23 de septiembre de 2025",La cotización del dólar para la compra y para la venta,"El precio del dólar oficial y de los dólares financieros. En directo, todas las modificaciones de la jornada cambiaria.",Mara Pedrazzoli,2025-09-23 11:50:02+00:00,https://www.pagina12.com.ar/860000-dolar-blue-dolar-hoy-a-cuanto-cotizan-el-martes-23-de-septie,economia
El dólar bajó por la Trumpmanía,El anuncio de ayuda de EE.UU. provocó euforia en el mercado,Acciones y bonos volaron. El riesgo país retrocedió a 1100 puntos pero apenas desandó la trepada de las dos últimas jornadas,Mara Pedrazzoli,2025-09-23 03:01:00+00:00,https://www.pagina12.com.ar/859920-el-dolar-bajo-por-la-trumpmania,economia
Menos turistas extranjeros,Bajó la ocupación hotelera en julio con respecto a 2024,"La ocupación hotelera registró en julio una baja de 2,1 por ciento respecto al mismo mes del año anterior, con un total de 4,1 millones de pernoctaciones en establecimientos hoteleros y parahoteler",Mara Pedrazzoli,2025-09-23 03:01:00+00:00,https://www.pagina12.com.ar/859901-menos-turistas-extranjeros,economia
Un plan fallido y un alivio tan sólo transitorio,Advertencia de economistas sobre las últimas medidas del Gobierno,"Las opiniones sobre el pedido de auxilio al gobierno de Trump y el adelanto de exportaciones coinciden en que sólo permitirían ganar unos días, pero no resuelven problemas de fondo",Juan Garriga,2025-09-23 03:01:00+00:00,https://www.pagina12.com.ar/859891-un-plan-fallido-y-un-alivio-tan-solo-transitorio,economia
Trump tomó el mando para rescatar a Milei y Caputo,"En medio de la crisis, dólares de Estados Unidos y un ""plan platita"" para los sojeros","El Tesoro estadounidense confirmó que habrá un apoyo financiero para evitar que la corrida se lleve puesto al Gobierno. El FMI lo consideró un auxilio ""crucial"". Sin divisas, el Presidente anunció, además, que bajará a cero las retenciones para que le entren divisas del agro. Los mercados respiraron, en un escenario muy delicado.",Leandro Renou,2025-09-23 03:01:00+00:00,https://www.pagina12.com.ar/859856-trump-tomo-el-mando-para-rescatar-a-milei-y-caputo,economia
Fin de las retenciones al agro,La falta de dólares apremia: impacto fiscal y en el precio de alimentos,"El Gobierno eliminó de forma transitoria los derechos de exportación a granos y carnes, para intentar sostener el tipo de cambio hasta las elecciones.",Bernarda Tinetti,2025-09-23 03:01:00+00:00,https://www.pagina12.com.ar/859889-fin-de-las-retenciones-al-agro,economia
"La confianza se desplomó 9,3%",Abunda el pesimismo entre supermercados y mayoristas,Más 36% de los empresarios del sector considera que la situación de su comercio es mala y el 20% piensa que empeorará.,Mara Pedrazzoli,2025-09-23 03:01:00+00:00,https://www.pagina12.com.ar/859921-la-confianza-se-desplomo-9-3,economia
Nombres olvidados de la estafa Vicentin-Banco Nación,"Citan a indagatoria a González Fraga, Lucas Llach y ex directivos de la empresa","La justicia de Comodoro Py mueve la causa tras casi seis años de la estafa al Banco Nación por u$s 300 millones, con graves acusaciones a los imputados. Hay 26 citados a declarar. ¿Por qué ahora?",Raúl Dellatorre,2025-09-22 03:01:00+00:00,https://www.pagina12.com.ar/859658-nombres-olvidados-de-la-estafa-vicentin-banco-nacion,economia
"El Financial Times criticó el plan de Milei y aseguró que ""la crisis se agudiza""",El diario británico apuntó contra el esquema económico oficial,Los especialistas consultados por el medio aseguraron que el modelo que propone el oficialismo no es sostenible. Pronóstico de un impacto muy fuerte en la actividad económica del país luego de que el ministro Luis Caputo asegurara que venderá hasta el último dólar para sostener el techo de la banda.,Mara Pedrazzoli,2025-09-21 19:54:00+00:00,https://www.pagina12.com.ar/859604-el-financial-times-critico-el-plan-de-milei-y-aseguro-que-la,economia
El Círculo Rojo siente que Milei ya es Macri,"Un año antes que el PRO, los libertarios entraron en una crisis sin salida","Entienden que el Gobierno perdió credibilidad, descartan una devaluación como último recurso y planifican con un dólar de 2000 pesos. Con las inversiones paradas y los ingresos desplomados, las cifras de la economía real meten más presión.",Leandro Renou,2025-09-21 03:01:00+00:00,https://www.pagina12.com.ar/859487-el-circulo-rojo-siente-que-milei-ya-es-macri,economia
Morosidad al alza y economía real al tacho,"En los préstamos a las familias la mora alcanzó al 5,6 por ciento","El dato releva la situación del sistema financiero al cierre de julio. No incluye el impacto por la escalada de tasas, la devaluación del peso y la incertidumbre política actual.",Mara Pedrazzoli,2025-09-20 03:01:00+00:00,https://www.pagina12.com.ar/859311-morosidad-al-alza-y-economia-real-al-tacho,economia
Has llegado a tu destino,La gobernabilidad de Milei se evapora y lo amenazan con su vice,"El riesgo país en erupción, el dólar arriba de 1500 pesos, las reservas en caída vertical, la economía en recesión, el consumo sumergido, la confianza por el piso, el Círculo Rojo que se aleja, la vicepresidenta que asoma, las causas judiciales que acechan. En estado de máxima debilidad, el Presidente pide socorro a Trump y propone más sacrificios como eslogan de campaña. ¿Se viene la madre de las batallas?",David Cufré,2025-09-20 03:01:00+00:00,https://www.pagina12.com.ar/859371-haz-llegado-a-tu-destino,economia
El Banco Central se endurece,Limitó el acceso a los dólares financieros,Gerentes y accionistas de bancos y sus familiares deberán esperar 90 días para operar si compraron en el mercado oficial.,Mara Pedrazzoli,2025-09-20 03:01:00+00:00,https://www.pagina12.com.ar/859321-el-banco-central-se-endurece,economia
Preska presiona a lo buitre,Juicio YPF,"La jueza de Nueva York, Loretta Preska, ordenó a YPF que, en el plazo de 15 días, entregue la información solicitada en el proceso de discovery, para determinar si la empresa es alter ego de la Arg",Mara Pedrazzoli,2025-09-20 03:01:00+00:00,https://www.pagina12.com.ar/859322-preska-presiona-a-lo-buitre,economia
El consumo masivo sigue en la lona,"Retrocedió 1,9 por ciento intermensual en agosto","En supermercados las ventas están aún más bajas que en el mismo mes de 2024: se desplomaron 5,1 por ciento interanual.",Mara Pedrazzoli,2025-09-20 03:01:00+00:00,https://www.pagina12.com.ar/859292-el-consumo-masivo-sigue-en-la-lona,economia
Nueva caída en la confianza,Consumidores,"El Índice de Confianza del Consumidor que elabora la Universidad Di Tella cayó en el mes 0,33 por ciento respecto de agosto.",Mara Pedrazzoli,2025-09-20 03:01:00+00:00,https://www.pagina12.com.ar/859313-nueva-caida-en-la-confianza,economia
El Banco Central rifó 678 millones de dólares,"Campeón en timba, Caputo quema hasta el último billete y arde al país",Es la intervención diaria más importante de los últimos 6 años. Las ventas de las tres ruedas finales llevaron a la hoguera 1100 millones de dólares de reservas.,Federico Kucher,2025-09-20 03:01:00+00:00,https://www.pagina12.com.ar/859380-el-banco-central-rifo-678-millones-de-dolares,economia
Milei y Caputo se abrazan a un plan detonado,Al Gobierno se le van de las manos las variables economicas,"Se dispararon el Riesgo País y el dólar y el BCRA no pudo frenar la corrida aún vendiendo más de 400 millones del acuerdo con el FMI en sólo 48 horas. El Presidente le prometió continuidad al ministro, pero los empresarios ven un escenario delicado, piden cambios políticos y el Fondo pone reparos.",Leandro Renou,2025-09-19 03:01:00+00:00,https://www.pagina12.com.ar/858998-milei-y-caputo-se-abrazan-a-un-plan-detonado,economia
"La generación de energía cayó 0,2 por ciento","El indicador volvió a marcar números en negativo, según el Indec","El relevamiento incluye el comportamiento de la producción, la demanda y el comercio exterior. También revela las expectativas de las empresas en el corto plazo.",Mara Pedrazzoli,2025-09-19 03:01:00+00:00,https://www.pagina12.com.ar/859062-la-generacion-de-energia-cayo-0-2-por-ciento,economia
Dudan de la viabilidad del esquema cambiario,Barclays Bank sostiene que no es consistente con el calendario de deuda,"Para algunas consultoras locales, la banda de flotación ya perdió eficacia en el objetivo de anclar expectativas. Debate abierto sobre la salida de un régimen que luce agotado",Juan Garriga,2025-09-19 03:01:00+00:00,https://www.pagina12.com.ar/858982-dudan-de-la-viabilidad-del-esquema-cambiario,economia
Desempleo: Las regiones más golpeadas,"Las tasas más altas en partidos del GBA, San Nicolás-V. Constitución, Resistencia y Gran Córdoba","Mientras que la tasa de desempleo en el total nacional fue 7,6 por ciento, en los partidos del Gran Buenos Aires (conurbano) llegó a 9,8 por ciento de la población económicamente activa: es decir 9",Mara Pedrazzoli,2025-09-19 03:01:00+00:00,https://www.pagina12.com.ar/859037-desempleo-las-regiones-mas-golpeadas,economia
Quién se llevará el último dólar,"Caputo: ""Venderemos hasta el último dólar para defender el techo de la banda cambiaria""","El ministro de Economía lanzó la proclama por la noche en el canal de streaming que regentea el llamado Gordo Dan, Carajo. Más que confianza, sumó temores. Un jueves negro para el gobierno: trepó el dólar hasta los 1550 pesos, se derrumbaron bonos y acciones y el Banco Central vendiò reservas por 380 millones de dólares",Federico Kucher,2025-09-19 03:01:00+00:00,https://www.pagina12.com.ar/859080-quien-se-llevara-el-ultimo-dolar,economia
"Caputo le echa nafta al incendio económico: ""Vamos a vender hasta el último dólar""",Economía en llamas,"El ministro defendió el plan oficial en medio de la corrida cambiaria. Mientras tanto, el Banco Central perdió más de 400 millones de dólares en dos días.",Mara Pedrazzoli,2025-09-18 23:46:17+00:00,https://www.pagina12.com.ar/859036-caputo-le-echa-nafta-al-incendio-economico-vamos-a-vender-ha,economia
Cristiano Rattazzi cruzó a Toto Caputo y pidió dejar que el dólar “vaya donde quiera”,En plena corrida cambiaria,"El empresario respaldó a Javier Milei, pero advirtió sobre la pérdida de confianza y acusó al ministro de Economía de “soberbio”.",Mara Pedrazzoli,2025-09-18 18:47:59+00:00,https://www.pagina12.com.ar/858925-cristiano-rattazzi-cruzo-a-toto-caputo-y-pidio-dejar-que-el-,economia
"Los ""campeones"" compraron dólares y Toto Caputo tira la pelota afuera: ""Quieren voltear al Presidente""",Caen las acciones y los bonos,"El Banco Central intervino el mercado al vender 53 millones de la divisa estadounidense en la jornada del miércoles y 379 millones más el jueves, pero no pudo impedir que perforara el techo de la banda. Caen las acciones y los bonos soberanos y el Riesgo País supera los 1400 puntos.",Vardan Bleyan,2025-09-18 18:01:54+00:00,https://www.pagina12.com.ar/858908-los-campeones-compraron-dolares-y-toto-caputo-tira-la-pelota,economia
"Dólar blue, dólar hoy: a cuánto cotizan el jueves 18 de septiembre de 2025",La cotización del dólar para la compra y para la venta,"El precio del dólar oficial y de los dólares financieros. En directo, todas las modificaciones de la jornada cambiaria.",Mara Pedrazzoli,2025-09-18 11:51:02+00:00,https://www.pagina12.com.ar/858815-dolar-blue-dolar-hoy-a-cuanto-cotizan-el-jueves-18-de-septie,economia
"Para la Di Tella, hay recesión garantizada",El índice se disparó 42 por ciento en agosto y quedó en casi 100 por ciento,"La medición ""Líder"" pasó de 56,1 de chances de crisis a 98,6 en sólo un mes. La casa de estudios advirtió que es el peor número desde el año 2018, durante el gobierno de Macri.",Mara Pedrazzoli,2025-09-18 03:01:00+00:00,https://www.pagina12.com.ar/858647-para-la-di-tella-hay-recesion-garantizada,economia
Lejos del prometido repunte en V,La capacidad instalada sigue debajo de 2023 y 2024,"En julio la utilización de la capacidad instalada (UCI) en la industria manufactura fue del 58,2 por ciento, según informó Indec.",Mara Pedrazzoli,2025-09-17 03:01:00+00:00,https://www.pagina12.com.ar/858379-lejos-del-prometido-repunte-en-v,economia
Las proyecciones de fantasía del presupuesto 2026,"Inflación del 10,1 por ciento y un dólar en 2026 más bajo que el actual","La sub estimación de la inflación y del tipo de cambio provocan, en la práctica, un ajuste más salvaje que el anunciado. Los aumentos en gastos sociales anunciados quedarán licuados por la inflación real",Mara Pedrazzoli,2025-09-17 03:01:00+00:00,https://www.pagina12.com.ar/858410-las-proyecciones-de-fantasia-del-presupuesto-2026,economia
El desempleo trepó alto en CABA,"La tasa de desocupación alcanzó el 7,7 por ciento","La población activa más afectada se concentra en los barrios del sur porteño, donde la cifra abarca al 10,5 por ciento.",Mara Pedrazzoli,2025-09-17 03:01:00+00:00,https://www.pagina12.com.ar/858405-el-desempleo-trepo-alto-en-caba,economia
El dólar mayorista se arrima al techo de la banda,"Trepó a 1469 pesos y quedó a tan sólo 4,90 pesos de la linea de intervención del BCRA","Incertidumbre y huida a los refugios, al tiempo que los más audaces juegan a sacar ventaja de los precios de liquidación de acciones y bonos. El riesgo país trepó a 1231 puntos",Mara Pedrazzoli,2025-09-17 03:01:00+00:00,https://www.pagina12.com.ar/858429-el-dolar-mayorista-se-arrima-al-techo-de-la-banda,economia
Milei destruye el doble de empresas que Macri,Cerraron más de 16 mil firmas y unas 1600 son industrias,"Los números oficiales de la crisis se imponen, ante la posición dispar de las cámaras empresarias sobre el ajuste al Presupuesto. Con el líder PRO, cerraban al mes 492 compañías, pero los libertarios ya acumulan 859 clausuras mensuales.",Leandro Renou,2025-09-17 03:01:00+00:00,https://www.pagina12.com.ar/858333-milei-destruye-el-doble-de-empresas-que-macri,economia
Intervenir ya no es tan malo,Nuevo canje de deuda entre el Tesoro y el Banco Central,"El gobierno quema los libros de la ortodoxia y cambia las reglas de juego, para que el Tesoro y el BCRA salgan a frenar la corrida cambiaria",Mara Pedrazzoli,2025-09-17 03:01:00+00:00,https://www.pagina12.com.ar/858423-intervenir-ya-no-es-tan-malo,economia
Comenzó la entrega de las centrales nucleares,Milei avanza con la privatización de Nucleoeléctrica Argentina,"Los trabajadores cuestionan la puesta a remate del patrimonio estratégico de la Nación, para cubrir el vacío ante la escasez de dólares que provocó el Gobierno.",Bernarda Tinetti,2025-09-17 03:01:00+00:00,https://www.pagina12.com.ar/858373-comenzo-la-entrega-de-las-centrales-nucleares,economia
¿Y las pymes?,Opinión,"El presidente de la Nación presentó su proyecto de Presupuesto 2026. Una pieza central de la política económica, que debería marcar el rumbo del país hacia la estabilidad y el crecimiento.",Diego Achilli *,2025-09-17 03:01:00+00:00,https://www.pagina12.com.ar/858298-y-las-pymes,economia
Ciencia y Educación en crisis: el Presupuesto 2026 prevé más ajuste y motosierra,Falsas promesas,"Con las firmas del presidente Javier Milei, del jefe de Gabinete Guillermo Francos y del ministro de Economía Luis Caputo, el Gobierno presentó la hoja de ruta que enviará al Congreso.",Vardan Bleyan,2025-09-16 17:51:27+00:00,https://www.pagina12.com.ar/858272-ciencia-y-educacion-en-crisis-el-presupuesto-2026-preve-mas-,economia
"Dólar blue, dólar hoy: a cuánto cotizan el martes 16 de septiembre de 2025",La cotización del dólar para la compra y para la venta,"El precio del dólar oficial y de los dólares financieros. En directo, todas las modificaciones de la jornada cambiaria.",Mara Pedrazzoli,2025-09-16 11:50:11+00:00,https://www.pagina12.com.ar/858207-dolar-blue-dolar-hoy-a-cuanto-cotizan-el-martes-16-de-septie,economia
El Mecanismo Infernal de la deuda regresa,Qué puede suceder después de las elecciones de octubre. La encrucijada del plan,Los interrogantes post electorales para un modelo que ya está inevitablemente en crisis. Los planteos que más preocupación generan: dólar y pagos de deuda en 2026. ¿Vuelve la inflación?,Raúl Dellatorre,2025-09-15 03:01:00+00:00,https://www.pagina12.com.ar/857792-el-mecanismo-infernal-de-la-deuda-regresa,economia
A la bici se le salió la cadena,El fracaso de la estrategia de Caputo y Milei para atraer capitales financieros vía carry trade,"El intento de promover la economía en base al ingreso de capitales financieros de corto plazo fracasó. ""La misma burbuja especulativa determinó el derrumbe"", analiza un informe de CIFRA",Mara Pedrazzoli,2025-09-14 03:01:00+00:00,https://www.pagina12.com.ar/857679-a-la-bici-se-le-salio-la-cadena,economia
"Milei, el FMI y un ""estamos mal, pero vamos peor""","A casi dos años de su llegada al poder, los principales indicadores están peor que en 2023","La economía real aparece seriamente dañada y hasta el organismo advirtió del parate. Consumo, construcción, hotelería e industria están entre 8 y 24 puntos por debajo del 2023. Los ingresos y jubilaciones, aún con inflación más baja, tienen pérdidas récord en la gestión libertaria. En los municipios bonaerenses con más industria y construcción, Milei perdió por más votos.",Leandro Renou,2025-09-14 03:01:00+00:00,https://www.pagina12.com.ar/857661-milei-el-fmi-y-un-estamos-mal-pero-vamos-peor,economia
Reformas de fondo y del Fondo,No disponible,El mensaje de las urnas y la respuesta del gobierno libertario. La ratificación del rumbo,Carlos Heller,2025-09-14 03:01:00+00:00,https://www.pagina12.com.ar/857669-reformas-de-fondo-y-del-fondo,economia
Con la mira en octubre,No disponible,Luego de la impactante victoria del peronismo en la Provincia de Buenos Aires el mercado reaccionó con pánico.,Hernán Letcher,2025-09-14 03:01:00+00:00,https://www.pagina12.com.ar/857658-con-la-mira-en-octubre,economia
Al desamparo del esquema Milei,Motos KTM del Grupo Simpa cerró y dejó familias en la calle,Los empleados fueron a trabajar y se encontraron con la planta cerrada. No hubo aviso previo ni proceso preventivo de crisis.,Mara Pedrazzoli,2025-09-13 03:01:00+00:00,https://www.pagina12.com.ar/857466-al-desamparo-del-esquema-milei,economia
Salto cambiario y bonos en rojo,Los títulos en dólares cayeron hasta 12 por ciento,"El dólar oficial mayorista registró su mayor suba semanal desde la devaluación de diciembre de 2023: trepó un 7,2 por ciento o 98 pesos.",Federico Kucher,2025-09-13 03:01:00+00:00,https://www.pagina12.com.ar/857540-salto-cambiario-y-bonos-en-rojo,economia
El gobierno incumple una vez más con el FMI,A tan sólo tres meses de haber obtenido una revisión favorable,"La venta de dólares que realizó el Tesoro para contener la cotización dentro de las bandas de flotación, en lugar del Banco Central, no aplican a lo acordado.",Juan Garriga,2025-09-13 03:01:00+00:00,https://www.pagina12.com.ar/857493-el-gobierno-incumple-una-vez-mas-con-el-fmi,economia
Avanza la privatización,Rutas nacionales,El Gobierno nacional anunció la privatización de más de 9.000 kilómetros de rutas nacionales que atraviesan varias provincias.,Mara Pedrazzoli,2025-09-13 03:01:00+00:00,https://www.pagina12.com.ar/857476-avanza-la-privatizacion,economia
Facilidades para deudas impositivas en CABA,48 cuotas y condonación de intereses,La Legislatura porteña aprobó nuevas facilidades para deudas impositivas y redujo los honorarios de los mandatarios.,Mara Pedrazzoli,2025-09-13 03:01:00+00:00,https://www.pagina12.com.ar/857518-facilidades-para-deudas-impositivas-en-caba,economia
"Con Milei, avanza la destrucción de empleos","La tasa de despidos alcanzó el valor más alto, desde el año 2016","En julio, la mayor caída se registró en la Construcción y los Servicios financieros y en las empresas. En junio se perdieron 12.000 puestos de trabajo privados.",Mara Pedrazzoli,2025-09-12 03:01:00+00:00,https://www.pagina12.com.ar/857216-con-milei-avanza-la-destruccion-de-empleos,economia
La motosierra selectiva de Milei,El gasto para la Secretaría de Inteligencia creció 23%,"Mientras aumenta los recortes en Salud, Educación y Ciencia, el Gobierno nacional sube los montos destinados a la SIDE.",Mara Pedrazzoli,2025-09-12 03:01:00+00:00,https://www.pagina12.com.ar/857246-la-motosierra-selectiva-de-milei,economia
Vuelve a subir el dólar y a caer acciones y bonos,"El oficial BNA, el contado con liqui y el MEP, entre 1445 y 1450 pesos","En un marco de de extrema volatilidad, la paridad cambiaria trepó 10 pesos mientras que cayeron las cotizaciones bursátiles. Las explicaciones que dio Caputo no despejan las dudas",Mara Pedrazzoli,2025-09-12 03:01:00+00:00,https://www.pagina12.com.ar/857267-vuelve-a-subir-el-dolar-y-a-caer-acciones-y-bonos,economia
Exportar será más simple,Vía aérea,"ARCA simplificó el procedimiento para las exportaciones realizadas por vía aérea,  mediante la Resolución General 5756/2025 publicada este jueves en el Boletín Oficial.",Mara Pedrazzoli,2025-09-12 03:01:00+00:00,https://www.pagina12.com.ar/857228-exportar-sera-mas-simple,economia
La empresa Pirelli anunció que continúa la reducción de su planta y evalúan tercerizar sectores,Ante la apertura de importaciones,La empresa de neumáticos Pirelli anunció a sus trabajadores de la planta de Merlo que reducirá al 50% uno de los tres grupos de trabajo que quedan en la compañía.,Mara Pedrazzoli,2025-09-11 19:38:07+00:00,https://www.pagina12.com.ar/857145-la-empresa-pirelli-anuncio-que-continua-la-reduccion-de-su-p,economia
"Dólar blue, dólar hoy: a cuánto cotizan el jueves 11 de septiembre de 2025",La cotización del dólar para la compra y para la venta,"El precio del dólar oficial y de los dólares financieros. En directo, todas las modificaciones de la jornada cambiaria.",Mara Pedrazzoli,2025-09-11 11:50:02+00:00,https://www.pagina12.com.ar/857036-dolar-blue-dolar-hoy-a-cuanto-cotizan-el-jueves-11-de-septie,economia
Dólar sin cambios pero el riesgo país no baja de 1000 puntos,Recuperación de los activos argentinos con viento a favor de la plaza mundial,"Segundo día consecutivo de calma en la plaza financiera, alivio transitorio que no alcanza para revertir el escenario de incertidumbre sobre cómo sigue el esquema cambiario",Juan Garriga,2025-09-11 03:01:00+00:00,https://www.pagina12.com.ar/856933-dolar-sin-cambios-pero-el-riesgo-pais-no-baja-de-1000-puntos,economia
Arba contra el lobby falso de las fintech,Ingresos Brutos para billeteras virtuales,"El director ejecutivo de Arba, Cristian Girard, desmintió una información falsa relativa al uso de Mercado Pago y el cobro de Ingresos Brutos a las billeteras virtuales.",Mara Pedrazzoli,2025-09-11 03:01:00+00:00,https://www.pagina12.com.ar/856893-arba-contra-el-lobby-falso-de-las-fintech,economia
Caputo pagó caro pero pudo zafar,El Tesoro renovó el 91% de la deuda en pesos que vencía,"Pagando el 4% mensual por bonos a 2 y 4 meses, Economía logró patear para despues de octubre deuda por 6,6 billones de pesos",Mara Pedrazzoli,2025-09-11 03:01:00+00:00,https://www.pagina12.com.ar/856899-caputo-pago-caro-pero-pudo-zafar,economia
"Una crisis que no para de crecer, según la UIA",Más del 40 por ciento de las industrias con caída de ventas en julio,"La entidad reveló el impacto de la retracción del consumo para la actividad. El 24,4 por ciento de las empresas encuestadas reportó la reducción de su plantilla.",Bernarda Tinetti,2025-09-11 03:01:00+00:00,https://www.pagina12.com.ar/856955-una-crisis-que-no-para-de-crecer-segun-la-uia,economia
"Dólar blue, dólar hoy: a cuánto cotizan el martes 9 de septiembre de 2025",La cotización del dólar para la compra y para la venta,"El precio del dólar oficial y de los dólares financieros. En directo, todas las modificaciones de la jornada cambiaria.",Mara Pedrazzoli,2025-09-09 11:51:02+00:00,https://www.pagina12.com.ar/856421-dolar-blue-dolar-hoy-a-cuanto-cotizan-el-martes-9-de-septiem,economia
"Milei, Caputo y el plan ""chocar de frente""","Niegan una derrota ""por la economía"" y les echan la culpa a Pareja y los Menem","Abstraídos de la realidad, en Hacienda les comunicaron a los inversores que se perdió por ""errores tácticos y la corrupción"", y que el programa económico ""se mantiene"". El debate interno por el cepo, los precios, la devaluación y las operaciones de Sturzenegger.",Leandro Renou,2025-09-09 03:01:00+00:00,https://www.pagina12.com.ar/856267-milei-caputo-y-el-plan-chocar-de-frente,economia
¿Cuándo y a qué hora se publica la inflación de agosto 2025 del INDEC?,Ya se publicó el dato de CABA,El ente estadístico dará a conocer el Índice de Precios al Consumidor (IPC) para el octavo mes del año.,Mara Pedrazzoli,2025-09-08 21:45:24+00:00,https://www.pagina12.com.ar/856279-cuando-y-a-que-hora-se-publica-la-inflacion-de-agosto-2025-d,economia
Lunes en rojo: se derrumban las acciones y salta el riesgo país,"Tras la derrota en PBA, tambalea el programa de Milei y Caputo","El dólar trepa casi hasta el techo de la banda cambiaria, mientras los papeles se desploman en torno al 20% en Wall Street y el Merval cae un 13%. El riesgo país supera los 1100 puntos.",Mara Pedrazzoli,2025-09-08 12:21:49+00:00,https://www.pagina12.com.ar/856127-lunes-en-rojo-caen-las-acciones-argentinas-en-wall-street-y-,economia
"Dólar blue, dólar hoy: a cuánto cotizan el lunes 8 de septiembre de 2025",La cotización del dólar para la compra y para la venta,"El precio del dólar oficial y de los dólares financieros. En directo, todas las modificaciones de la jornada cambiaria.",Mara Pedrazzoli,2025-09-08 11:35:02+00:00,https://www.pagina12.com.ar/856120-dolar-blue-dolar-hoy-a-cuanto-cotizan-el-lunes-8-de-septiemb,economia
Toto Caputo se aferra a su maltrecho plan económico,La definición del ministro de Economía tras la derrota,Casi al mismo tiempo en que Javier Milei cerraba su discurso en el que admitió la dura derrota de La Libertad Avanza en las,Mara Pedrazzoli,2025-09-08 01:36:37+00:00,https://www.pagina12.com.ar/856017-toto-caputo-se-aferra-a-su-maltrecho-plan-economico,economia
"Milei y Caputo, entre tiburones que huelen sangre",El poder observa a un Gobierno desgastado y sondea escenarios de transición,"Por primera vez en casi dos años, el establishment empezó a sentarse con la oposición a charlar de política. La crisis económica y, sobre todo, el coima-gate apuraron los plazos de interacciones con el bloque de gobernadores, dirigentes del PJ y Macri. El diagnóstico es que, pase lo que pase en las elecciones, la interna libertaria y el ajuste llevaron a Milei del “loco” que ilusionaba a un mandatario que no controla las variables. Caputo está “cansado” y dice que “la estabilización está cumplida y ahora tiene que hacerse cargo la política”.",Leandro Renou,2025-09-07 03:01:00+00:00,https://www.pagina12.com.ar/855659-el-presidente-y-su-ministro-entre-tiburones-que-huelen-sangr,economia
Más desregulación financiera,Norma de la Comisión Nacional de Valores para fondos comunes de inversión abiertos,"La Comisión Nacional de Valores (CNV) avanzó con una nueva desregulación en el mercado de capitales, al habilitar la autorización automática para Fondos Comunes de Inversión Abiertos (FCI) c",Mara Pedrazzoli,2025-09-06 03:01:00+00:00,https://www.pagina12.com.ar/855414-mas-desregulacion-financiera,economia
La desocupación avanza en casi todo el país,Milei destruyó 33.156 empleos sólo en la provincia de Buenos Aires,"La explotación de recursos naturales sin valor agregado no llega a absorber los puestos de trabajo perdidos en las zonas industriales. El saldo, -98.800 empleos.",Mara Pedrazzoli,2025-09-06 03:01:00+00:00,https://www.pagina12.com.ar/855441-la-desocupacion-avanza-en-casi-todo-el-pais,economia
"Dólar blue, dólar hoy: a cuánto cotizan el viernes 5 de septiembre de 2025",La cotización del dólar para la compra y para la venta,"El precio del dólar oficial y de los dólares financieros. En directo, todas las modificaciones de la jornada cambiaria.",Mara Pedrazzoli,2025-09-05 11:51:02+00:00,https://www.pagina12.com.ar/855266-dolar-blue-dolar-hoy-a-cuanto-cotizan-el-viernes-5-de-septie,economia
La segunda muerte del plan Milei-Caputo,"Atemorizado por la escalada de dólar, el Gobierno venderá divisas vía el Tesoro","Luego de haberle cedido, en marzo, el programa al FMI; ahora dinamitaron el acuerdo de flotación entre bandas para intentar frenar una corrida antes de las elecciones. Para proteger políticamente a Caputo -el ideólogo de la intervención- Quirno le puso la cara al anuncio. El mercado condenó el miedo y la inseguridad oficial: el Riesgo País subió a 920 puntos.",Leandro Renou,2025-09-03 03:01:00+00:00,https://www.pagina12.com.ar/854460-la-segunda-muerte-del-plan-milei-caputo,economia
"""Hay que organizarse para terminar con esta política""",Los sindicatos industriales contra el plan económico y las entidades que lo apoyan,El llamado de la confederacíón gremial (Csira) estuvo encabezado por Ricardo Pignanelli (Smata) y Abel Furlán (UOM). Sergio Palazzo (Bancaria) cerró el encuentro,Raúl Dellatorre,2025-09-03 03:01:00+00:00,https://www.pagina12.com.ar/854534-hay-que-organizarse-para-terminar-con-esta-politica,economia
Intervención para bajar el dólar,El Gobierno vendió divisas para contener la presión,"Economía anunció la intervención en el mercado cambiario de parte del Tesoro. Pudo contener el dólar, la pregunta es hasta cuándo.",Juan Garriga,2025-09-03 03:01:00+00:00,https://www.pagina12.com.ar/854452-intervencion-para-bajar-el-dolar,economia
La UIA pide medidas en voz baja,Los 10 principios que no convencen a todo el sector,Con Milei se fundieron cerca de 16 mil industrias. La entidad lanzó un decálogo sin críticas directas al Gobierno nacional.,Bernarda Tinetti,2025-09-03 03:01:00+00:00,https://www.pagina12.com.ar/854492-la-uia-pide-medidas-en-voz-baja,economia
"Con Milei, cerraron 15.600 empresas","Provincia de Buenos Aires, la más castigada por el presidente",Sólo en PBA se fundieron 4.300 unidades productivas. La crisis del entramado industrial que el Gobierno agrava mes a mes.,Mara Pedrazzoli,2025-09-03 03:01:00+00:00,https://www.pagina12.com.ar/854458-con-milei-cerraron-15-600-empresas,economia
"""Destruyen el tejido productivo""","Las pymes, víctimas de la política del gobierno","En el Día de la Industria, las entidades de empresarios y empresarias Pyme tuvieron poco para celebrar.",Mara Pedrazzoli,2025-09-03 03:01:00+00:00,https://www.pagina12.com.ar/854495-destruyen-el-tejido-productivo,economia
"¿Por qué es tendencia ""Calendario ANSES Jubilados"" en Google?",Jubilaciones y asignaciones,"El organismo difundió las fechas de pago de septiembre y anunció un bono para los haberes mínimos. Con el incremento del 1,90 por ciento, el haber mínimo jubilatorio se ubicará en un poco más de 320.000 pesos",Mara Pedrazzoli,2025-09-03 01:00:48+00:00,https://www.pagina12.com.ar/854530-por-que-es-tendencia-calendario-anses-jubilados-en-google,economia
El Banco Nación ahora permite el pago del saldo en dólares de tarjetas de crédito,Una nueva opción digital,"El servicio se realiza desde la app BNA+ y alcanza a Visa y Mastercard. Además, la entidad informó que también se habilitó la apertura gratuita de la caja de ahorros en dólares.",Mara Pedrazzoli,2025-09-03 00:08:17+00:00,https://www.pagina12.com.ar/854512-el-banco-nacion-ahora-permite-el-pago-del-saldo-en-dolares-d,economia
"Sindicatos denuncian la pérdida de 130 mil puestos de trabajo y la UIA apunta al Gobierno: ""Necesitamos un Estado""",En el Día de la Industria,"Martín Rappallini, presidente de la UIA, reclamó por las distorsiones que luego se trasladan a precios y provocan la pérdida de competitividad. ""Tenemos que discutir seriamente, qué significa un país que tenga una política industrial"", advirtió.",Mara Pedrazzoli,2025-09-02 20:32:44+00:00,https://www.pagina12.com.ar/854433-sindicatos-denuncian-la-perdida-de-130-mil-puestos-de-trabaj,economia
Día del empleado de comercio 2025: cuándo cae y qué comercios van a estar cerrados,Jornadas laborales y feriados,"La celebración se trasladará al lunes 29 de septiembre, con todos los alcances de un feriado nacional para los trabajadores mercantiles.",Mara Pedrazzoli,2025-09-02 20:17:30+00:00,https://www.pagina12.com.ar/854431-dia-del-empleado-de-comercio-2025-cuando-cae-y-que-comercios,economia
Portal Palermo sale a la venta,El gobierno nacional lo pone en subasta pública,"El Gobierno nacional aprobó la convocatoria a una subasta pública para la venta de los terrenos donde actualmente funciona el shopping “Portal Palermo”, con un precio base de 81,7 millones d",Mara Pedrazzoli,2025-09-02 03:01:00+00:00,https://www.pagina12.com.ar/854184-portal-palermo-sale-a-la-venta,economia
Listas con subas en los super,"Remarcación de alimentos, incremento de combustibles y ajuste de tarifas en septiembre",Antes de las elecciones bonaerenses se encarece el consumo popular. Servicios esenciales y productos alimenticios al alza.,Bernarda Tinetti,2025-09-02 03:01:00+00:00,https://www.pagina12.com.ar/854188-listas-con-subas-en-los-super,economia
"Celulosa Argentina, en quiebra técnica",Balances en rojo de un gigante de la economía,"Luego de haber quedado muy complicada por la crisis económica del gobierno de Javier Milei, el gigante Celulosa Argentina formalizó su entrada al Concurso de Acreedores.",Mara Pedrazzoli,2025-09-02 03:01:00+00:00,https://www.pagina12.com.ar/854165-celulosa-argentina-en-quiebra-tecnica,economia
Documento sindical sobre la crisis económica,Harán público un pronunciamiento en el Día de la Industria,"Los gremios industriales agrupados en Csira (confederación de sindicatos de la actividad manufacturera) presentarán este martes un documento reflejando ""la mirada de los trabajadores"" sobre la cris",Mara Pedrazzoli,2025-09-02 00:27:57+00:00,https://www.pagina12.com.ar/854240-documento-sindical-sobre-la-crisis-economica,economia
Votar es la tarea,Cómo enfrentar al modelo de crueldad económica,En los 60 hubo un mundo en evolución con el despegue de las juventudes de las ataduras de estructuras conservadoras congeladas.,Andrés Repar *,2025-09-01 21:32:58+00:00,https://www.pagina12.com.ar/854178-votar-es-la-tarea,economia
Aumentaron las jubilaciones en septiembre: en cuánto quedó el haber mínimo,Los nuevos montos,"La suba del 1,9% se oficializó en el Boletín Oficial, junto con los incrementos de las asignaciones familiares.",Mara Pedrazzoli,2025-09-01 12:25:58+00:00,https://www.pagina12.com.ar/854058-aumentaron-las-jubilaciones-en-septiembre-en-cuanto-quedo-el,economia
"Dólar blue, dólar hoy: a cuánto cotizan el lunes 1 de septiembre de 2025",La cotización del dólar para la compra y para la venta,"El precio del dólar oficial y de los dólares financieros. En directo, todas las modificaciones de la jornada cambiaria.",Mara Pedrazzoli,2025-09-01 11:50:18+00:00,https://www.pagina12.com.ar/854059-dolar-blue-dolar-hoy-a-cuanto-cotizan-el-lunes-1-de-septiemb,economia
Fuerte crisis en el sector panadero: en 18 meses cerraron 14.000 comercios,La venta de pan cayó 50% y la de facturas 85%,"El presidente del Centro de Panaderos de la provincia de Buenos Aires, Martín Pinto, trazó un panorama alarmante sobre la crisis del sector panadero y el impacto de la recesión en el consumo",Mara Pedrazzoli,2025-08-31 17:16:14+00:00,https://www.pagina12.com.ar/853871-fuerte-crisis-en-el-sector-panadero-en-18-meses-cerraron-14-,economia
Francos y la posverdad,El estado de la economía según la mirada oficial,"En la última semana, el Jefe de Gabinete de Ministros (JGM) Guillermo Francos expuso frente al Congreso.",Hernán Letcher,2025-08-31 03:01:00+00:00,https://www.pagina12.com.ar/853704-francos-y-la-posverdad,economia
Marcha firme hacia el abismo,"Sin lograr confianza en el esquema cambiario, el equipo económico sólo atina a profundizar el ajuste",El esquema de Milei y Caputo contra la inflación no logra despejar las tensiones cambiarias y sólo provoca mayor recesión,Raúl Dellatorre,2025-08-31 03:01:00+00:00,https://www.pagina12.com.ar/853722-marcha-firme-hacia-el-abismo,economia
El Banco Central aprieta más a los bancos para contener al dólar,El torniquete de Caputo y Bausili,El Gobierno se juega todo a mantener el tipo de cambio estable hasta las elecciones: el BCRA dispuso límites para los movimientos de los bancos en moneda extranjera en el último día hábil del mes.,Mara Pedrazzoli,2025-08-29 14:58:33+00:00,https://www.pagina12.com.ar/853409-el-banco-central-aprieta-mas-a-los-bancos-para-contener-el-d,economia
Aumenta el impuesto a los combustibles y volverá a subir la nafta,"El Gobierno dijo que busca ""recuperar ajustes pendientes""","El gobierno nacional dispuso un aumento por inflación en el impuesto a los combustibles a partir de septiembre próximo, lo cual redundará en un nuevo incremento de la nafta y el gasoil, mayo",Mara Pedrazzoli,2025-08-29 12:04:33+00:00,https://www.pagina12.com.ar/853366-aumenta-el-impuesto-a-los-combustibles-y-volvera-a-subir-la-,economia
"Dólar blue, dólar hoy: a cuánto cotizan el viernes 29 de agosto de 2025",La cotización del dólar para la compra y para la venta,"El precio del dólar oficial y de los dólares financieros. En directo, todas las modificaciones de la jornada cambiaria.",Mara Pedrazzoli,2025-08-29 11:51:15+00:00,https://www.pagina12.com.ar/853365-dolar-blue-dolar-hoy-a-cuanto-cotizan-el-viernes-29-de-agost,economia
En la primavera de Milei florecen los aumentos,"Septiembre: suben el gas, la luz, el agua, el transporte y sigue","Mientras las paritarias están planchadas y el consumo se resiente, la gestión libertaria achica aún más los ingresos con incrementos en servicios esenciales.",Bernarda Tinetti,2025-08-29 03:01:00+00:00,https://www.pagina12.com.ar/853276-en-la-primavera-de-milei-florecen-los-aumentos,economia
"Tarjetear el super, en auge","Como el sueldo no alcanza, se financian compras básicas","En junio, el consumo en supermercados con tarjeta siguió en récords históricos, alcanzando un 45,7 por ciento de las operaciones según fuentes oficiales.",Mara Pedrazzoli,2025-08-29 03:01:00+00:00,https://www.pagina12.com.ar/853249-tarjetear-el-super-en-auge,economia
Tasas del 80 por ciento para calmar al dólar,El gobierno profundiza su estrategia financiera-electoral,El Banco Central refuerza el apretón monetario. La entidad opera en las “ruedas simultáneas” de BYMA para intervenir en las tasas de interés.,Mara Pedrazzoli,2025-08-29 03:01:00+00:00,https://www.pagina12.com.ar/853325-apreton-monetario-dolar-en-calma,economia
Conflicto en La Suipachense,Por despidos,"La Suipachense, del grupo venezolano Maralac, despidió a 9 trabajadores ligados a la Asociación de Trabajadores de la Industria Lechera (ATILRA), a los que señalan por hechos de violencia.",Mara Pedrazzoli,2025-08-29 03:01:00+00:00,https://www.pagina12.com.ar/853191-conflicto-en-la-suipachense,economia
La jueza quiere las conversaciones,YPF: Argentina hacia la apelación para no ceder con Preska,La magistrada de EE.UU insiste para que el país entregue los chats y correos de los dos últimos ministros de Economía.,Bernarda Tinetti,2025-08-29 03:01:00+00:00,https://www.pagina12.com.ar/853252-la-jueza-quiere-las-conversaciones,economia
"El gigante Celulosa, en ""quiebra técnica""",Se siguen cayendo empresas grandes con el modelo de Javier Milei,"En su balance, la firma mostró una pérdida millonaria por una caída de ingresos del 44 por ciento y un patrimonio neto negativo de 23.744 millones de pesos.",Mara Pedrazzoli,2025-08-29 03:01:00+00:00,https://www.pagina12.com.ar/853188-el-gigante-celulosa-en-quiebra-tecnica,economia
El deterioro del salario mínimo: en diez años se redujo a la mitad,Retracción del poder de compra,"En vez de dignificar, el SMVM se usa como ancla para disciplinar salarios, ajustar prestaciones sociales y recortar derechos.",Mara Pedrazzoli,2025-08-29 03:01:00+00:00,https://www.pagina12.com.ar/853207-el-deterioro-del-salario-minimo-en-diez-anos-se-redujo-a-la-,economia
ARCA flexibilizó plazos,Percepción de IVA,La Agencia de Recaudación y Control Aduanero (ARCA) informó este miércoles la flexibilización y ampliación del plazo para que los responsables inscriptos computen las percepciones del Impuesto al V,Mara Pedrazzoli,2025-08-28 03:01:00+00:00,https://www.pagina12.com.ar/852892-arca-flexibilizo-plazos,economia
Industria: la más castigada,La actividad no repunta. Disparidad entre sectores,"Para la consultora de Orlando Ferreres, cayó 1 por ciento intermensual en julio. No hay ni pico de consumo ni de expansión.",Mara Pedrazzoli,2025-08-28 03:01:00+00:00,https://www.pagina12.com.ar/852894-industria-la-mas-castigada,economia
Tasa de hasta el 86 por ciento,Se siguen endureciendo las condiciones monetarias,El Tesoro tuvo que convalidar una tasa de hasta 86 por ciento para renovar su deuda en pesos. El impacto en la actividad.,Juan Garriga,2025-08-28 03:01:00+00:00,https://www.pagina12.com.ar/852873-tasa-de-hasta-el-86-por-ciento,economia
Para frenar a la jueza buitre,Argentina solicitó no entregar las comunicaciones de funcionarios,Los fondos quieren información para intentar trabar embargos contra el país. La magistrada Loretta Preska entregar los datos el mes pasado.,Mara Pedrazzoli,2025-08-28 03:01:00+00:00,https://www.pagina12.com.ar/852911-para-frenar-a-la-jueza-buitre,economia
"Dólar blue, dólar hoy: a cuánto cotizan el miércoles 27 de agosto de 2025",La cotización del dólar para la compra y para la venta,"El precio del dólar oficial y de los dólares financieros. En directo, todas las modificaciones de la jornada cambiaria.",Mara Pedrazzoli,2025-08-27 11:51:02+00:00,https://www.pagina12.com.ar/852735-dolar-blue-dolar-hoy-a-cuanto-cotizan-el-miercoles-27-de-ago,economia
"¿Cuándo cobro ANSES? Jubilados, AUH y los demás pagos este miércoles 27 de agosto",El calendario de hoy con todas las prestaciones,"La Administración Nacional de la Seguridad Social paga a jubilados, pensionados y beneficiarios de las distintas prestaciones. Los que cobran hoy.",Mara Pedrazzoli,2025-08-27 09:31:02+00:00,https://www.pagina12.com.ar/852699-cuando-cobro-anses-jubilados-auh-y-los-demas-pagos-este-mier,economia
Uno que zafa de la crisis,"""Boom inmobiliario""","El número total de escrituras de compraventa de inmuebles en la Ciudad Autónoma de Buenos Aires (CABA) registró en julio un aumento del 34,5% con respecto al mismo mes del año pasado, según datos b",Mara Pedrazzoli,2025-08-27 03:01:00+00:00,https://www.pagina12.com.ar/852589-uno-que-zafa-de-la-crisis,economia
Hasta los propios están preocupados,La Cámara de Comercio advierte sobre las tasas de interés,"La CAC, que apoya decididamente al gobierno, reconoció que el aumento de las tasas tendrá un impacto negativo en las ventas.",Mara Pedrazzoli,2025-08-27 03:01:00+00:00,https://www.pagina12.com.ar/852582-hasta-los-propios-estan-preocupados,economia
"Nervios, rumores de renuncia y pases de factura","El ministerio de Economía, un hervidero en medio de la crisis económica","Como en la tensión del dólar de marzo, volvió a sonar el nombre de Quirno para reemplazar a Caputo, que se quejó de que lo operan desde adentro y desde los bancos, metidos en un corralón cada vez más grande. Las charlas con el JP Morgan por la disparada del Riesgo País y las encuestas reales de la elección bonaerense que inquietan el Palacio y la Rosada.",Leandro Renou,2025-08-27 03:01:00+00:00,https://www.pagina12.com.ar/852580-nervios-rumores-de-renuncia-y-pases-de-factura,economia
Fuerte suba en el riesgo país,Las tensión financiera llevó el indice a 829 puntos,"El Gobierno está urgido por bajar el riesgo país para conseguir financiamiento para afrontar la deuda, pero el clima es cada vez más tenso.",Mara Pedrazzoli,2025-08-27 03:01:00+00:00,https://www.pagina12.com.ar/852677-fuerte-suba-en-el-riesgo-pais,economia
Venta de combustibles: nueva baja,"Los despachos cayeron 1,16 por ciento en julio","La venta de combustibles al público registró en julio una caída interanual del 1,16 por ciento, según un relevamiento del portal especializado Surtidores.",Mara Pedrazzoli,2025-08-26 03:01:00+00:00,https://www.pagina12.com.ar/852308-venta-de-combustibles-nueva-baja,economia
Lavagna admite por qué no se cambia el IPC,"El jefe del INDEC dijo que, por las elecciones, ""son momentos muy sensibles""","El titular del Instituto Nacional de Estadísticas y Censos (Indec), Marco Lavagna, admitió que la nueva medición de inflación no se aplica porque sería un problema en el marco del proceso electoral",Leandro Renou,2025-08-26 03:01:00+00:00,https://www.pagina12.com.ar/852300-lavagna-admite-por-que-no-se-cambia-el-ipc,economia
Ofertas de turismo para viajar por Argentina,Travel Sale: pago en cuotas sin interés en tiempos de tasas altas,La propuesta busca incentivar los viajes dentro del país en un contexto crítico para la actividad. Crece el turismo emisivo y el doméstico anda marcha atrás.,Mara Pedrazzoli,2025-08-26 03:01:00+00:00,https://www.pagina12.com.ar/852327-ofertas-de-turismo-para-viajar-por-argentina,economia
Los datos de inflación no cierran,7 de cada 10 argentinos desconfían del IPC Indec,Una nueva encuesta nacional revela el alto nivel de desconfianza de la población argentina respecto a los datos oficiales sobre inflación que estima el Indec.,Mara Pedrazzoli,2025-08-26 03:01:00+00:00,https://www.pagina12.com.ar/852315-los-datos-de-inflacion-no-cierran,economia
Una industria a la intemperie,6 de cada 10 empresas textiles achicaron personal,La encuesta textil de la Fundación Pro-Tejer determinó que la mitad de las compañías vendió menos en el segundo trimestre.,Mara Pedrazzoli,2025-08-26 03:01:00+00:00,https://www.pagina12.com.ar/852276-una-industria-a-la-intemperie,economia
Caputo admitió el impacto negativo de las tasas,"Aseguró que se trata de un fenómeno de ""riesgo político""",El ministro de Economía reconoció el impacto negativo que tiene la fuerte suba de las tasas de interés sobre la actividad.,Mara Pedrazzoli,2025-08-26 03:01:00+00:00,https://www.pagina12.com.ar/852342-caputo-admitio-el-impacto-negativo-de-las-tasas,economia
"Dólar blue, dólar hoy: a cuánto cotizan el lunes 25 de agosto de 2025",La cotización del dólar para la compra y para la venta,"El precio del dólar oficial y de los dólares financieros. En directo, todas las modificaciones de la jornada cambiaria.",Mara Pedrazzoli,2025-08-25 11:51:02+00:00,https://www.pagina12.com.ar/852183-dolar-blue-dolar-hoy-a-cuanto-cotizan-el-lunes-25-de-agosto-,economia
"¿Cuándo cobro ANSES? Jubilados, AUH y los demás pagos este lunes 25 de agosto",El calendario de hoy con todas las prestaciones,"La Administración Nacional de la Seguridad Social paga a jubilados, pensionados y beneficiarios de las distintas prestaciones. Los que cobran hoy.",Mara Pedrazzoli,2025-08-25 09:31:02+00:00,https://www.pagina12.com.ar/852132-cuando-cobro-anses-jubilados-auh-y-los-demas-pagos-este-lune,economia
Travel Sale 2025: 11 consejos para comprar con seguridad y todo lo que hay que saber,Turismo en oferta,"Se trata de la acción de ofertas y promociones impulsada por la Federación Argentina de Asociaciones de Empresas de Viajes y Turismo (FAEVYT) con la participación de más de 140 agencias de viajes de todo el país. Los viajeros podrán acceder a descuentos de hasta el 60%, promociones, beneficios y oportunidades exclusivas para planificar sus próximas vacaciones.",Mara Pedrazzoli,2025-08-24 21:57:38+00:00,https://www.pagina12.com.ar/852074-travel-sale-2025-11-consejos-para-comprar-con-seguridad-y-to,economia
Una encuesta revela que 7 de cada 10 argentinos desconfían de la inflación del INDEC,Alto nivel de desconfianza en los datos oficiales,Una nueva encuesta nacional revela un alto nivel de desconfianza de la población hacia los datos oficiales de inflación.,Mara Pedrazzoli,2025-08-24 17:35:59+00:00,https://www.pagina12.com.ar/852046-una-encuesta-revela-que-7-de-cada-10-argentinos-desconfian-d,economia
La tasa complica el superávit financiero,Más presión sobre los pagos de deuda local,"Hay 32 billones de pesos en vencimientos sólo de Lecaps hasta octubre y se complica el superávit financiero, que se ve cada vez más presionado por la suba de tasas de interés, l",Mara Pedrazzoli,2025-08-23 03:01:00+00:00,https://www.pagina12.com.ar/851756-la-tasa-complica-el-superavit-financiero,economia
Subas por encima del IPC,Alquileres,"El precio de oferta de los alquileres volvió a subir en agosto y acceder a un monoambiente ronda los 500.000 pesos por mes en la Ciudad de Buenos Aires, de acuerdo con estudios del sector inmobilia",Mara Pedrazzoli,2025-08-23 03:01:00+00:00,https://www.pagina12.com.ar/851744-subas-por-encima-del-ipc,economia
El dólar cierra la semana en alza,El apretón monetario no le alcanza al gobierno,"El dólar mayorista avanzó 21 pesos en la semana, con tres jornadas consecutivas en suba, y llegó a los 1321 pesos.",Mara Pedrazzoli,2025-08-23 03:01:00+00:00,https://www.pagina12.com.ar/851752-el-dolar-cierra-la-semana-en-alza,economia
"Dólar blue, dólar hoy: a cuánto cotizan el viernes 22 de agosto de 2025",La cotización del dólar para la compra y para la venta,"El precio del dólar oficial y de los dólares financieros. En directo, todas las modificaciones de la jornada cambiaria.",Mara Pedrazzoli,2025-08-22 11:51:27+00:00,https://www.pagina12.com.ar/851623-dolar-blue-dolar-hoy-a-cuanto-cotizan-el-viernes-22-de-agost,economia
"¿Cuándo cobro ANSES? Jubilados, AUH y los demás pagos este viernes 22 de agosto",El calendario de hoy con todas las prestaciones,"La Administración Nacional de la Seguridad Social paga a jubilados, pensionados y beneficiarios de las distintas prestaciones. Los que cobran hoy.",Mara Pedrazzoli,2025-08-22 11:23:50+00:00,https://www.pagina12.com.ar/851620-cuando-cobro-anses-jubilados-auh-y-los-demas-pagos-este-vier,economia
Economía justificó la volatilidad,"Aseguró que la ""incertidumbre"" es por las elecciones","El ministro de Economía Luis Caputo habló por cuarto jueves consecutivo en el programa Las tres anclas, que se emite por el canal de streaming Carajo.",Mara Pedrazzoli,2025-08-22 03:01:00+00:00,https://www.pagina12.com.ar/851563-economia-justifico-la-volatilidad,economia
El ancla a los ingresos frena el consumo masivo,"Las ventas cayeron 1,8% en mayoristas y 4,5% en shoppings, en junio","La retracción incluye baja de compras en verduras y lácteos, pero también en vestimenta, diversión y electrónica. Supermercados registra estancamientos desde marzo.",Mara Pedrazzoli,2025-08-22 03:01:00+00:00,https://www.pagina12.com.ar/851497-el-ancla-a-los-ingresos-frena-el-consumo-masivo,economia
"La ""avalancha de capitales"" que no se dio",En el primer año del RIGI fueron aprobados sólo siete proyectos,"En el primer año de vigencia  del Régimen de Incentivos para Grandes Inversiones (RIGI) fueron aprobados sólo siete proyectos, con un  impacto de alrededor de 1.000 empleos directos.",Mara Pedrazzoli,2025-08-22 03:01:00+00:00,https://www.pagina12.com.ar/851451-la-avalancha-de-capitales-que-no-se-dio,economia
Se espera menos superávit comercial,Se ubicaría en torno a los 6 mil millones de dólares,"La balanza comercial alcanzaría un superávit de 6.000 millones de dólares en 2025, un tercio del estimado a finales del año pasado.",Mara Pedrazzoli,2025-08-22 03:01:00+00:00,https://www.pagina12.com.ar/851450-se-espera-menos-superavit-comercial,economia
Dólares: crece el endeudamiento,Se expande por encima del respaldo en depósitos,Los préstamos en moneda extranjera se acrecentaron 344 por ciento. El descalce recuerda al final de la convertibilidad.,Mara Pedrazzoli,2025-08-22 03:01:00+00:00,https://www.pagina12.com.ar/851447-dolares-crece-el-endeudamiento,economia
No habrá exportaciones de productos avícolas,Medida oficial por brote de Gripe Aviar,"Argentina suspende temporalmente las exportaciones de productos aviares hacia los países con los que mantiene un acuerdo sanitario libre de la enfermedad, tras confirmar la detección de un caso de",Mara Pedrazzoli,2025-08-21 03:01:00+00:00,https://www.pagina12.com.ar/851151-no-habra-exportaciones-de-productos-avicolas,economia
"""Estancamiento en niveles muy bajos""","Del Re, titular de ADIMRA, dijo que la metalurgia está 15 puntos abajo de los picos","La actividad creció sólo 1,8 interanual y 0,3 contra julio, pero la capacidad instalada apenas supera el 45 por ciento. ""Las importaciones con porcentajes históricos récord (...) y la apertura indiscriminada prometen precios bajos a corto plazo, pero sale caro a futuro”, expresó el empresario.",Mara Pedrazzoli,2025-08-21 03:01:00+00:00,https://www.pagina12.com.ar/851112-estancamiento-en-niveles-muy-bajos,economia
El esquema Milei le mete freno a la economía,"La actividad económica se contrajo 0,7 en junio, respecto a mayo",Dos meses consecutivos a la baja. En lo que va de 2025 sólo febrero y abril mostraron mejores indicadores. Advierten por riesgo de recesión en segundo semestre.,Mara Pedrazzoli,2025-08-21 03:01:00+00:00,https://www.pagina12.com.ar/851124-el-esquema-milei-le-mete-freno-a-la-economia,economia
Desde hoy YPF duplica su descuento para cargar nafta a la madrugada,Pagando con la app oficial,A partir de este miércoles 20 de agosto el beneficio pasará del 3% al 6%. En las estaciones con autodespacho la rebaja será del 9%.,Mara Pedrazzoli,2025-08-20 13:57:19+00:00,https://www.pagina12.com.ar/851023-desde-hoy-ypf-duplica-su-descuento-para-cargar-nafta-a-la-ma,economia
"Dólar blue, dólar hoy: a cuánto cotizan el miércoles 20 de agosto de 2025",La cotización del dólar para la compra y para la venta,"El precio del dólar oficial y de los dólares financieros. En directo, todas las modificaciones de la jornada cambiaria.",Mara Pedrazzoli,2025-08-20 11:51:02+00:00,https://www.pagina12.com.ar/850923-dolar-blue-dolar-hoy-a-cuanto-cotizan-el-miercoles-20-de-ago,economia
"¿Cuándo cobro ANSES? Jubilados, AUH y los demás pagos este miércoles 20 de agosto",El calendario de hoy con todas las prestaciones,"La Administración Nacional de la Seguridad Social paga a jubilados, pensionados y beneficiarios de las distintas prestaciones. Los que cobran hoy.",Mara Pedrazzoli,2025-08-20 09:31:02+00:00,https://www.pagina12.com.ar/850716-cuando-cobro-anses-jubilados-auh-y-los-demas-pagos-este-mier,economia
"En ocho meses, Aysa estará bajo control privado",Convocan a tasación del paquete de accionario para su posterior venta,El gobierno aceleró el proceso de privatización a trvés de una resolución esatableciendo los mecanismos de tasación y licitación del paquete de control de la empresa,Mara Pedrazzoli,2025-08-20 03:01:00+00:00,https://www.pagina12.com.ar/850840-en-ocho-meses-aysa-estara-bajo-control-privado,economia
"El INDEC, un volcán de renuncias y rumores","Dos salidas del cargo en dos áreas sensibles, en menos de 24 horas","Tras el despido del director encargado de medir la Pobreza, se confirmó la salida de Giglio, jefa del IPC. Ambos indicadores tienen listas nuevas metodologías actualizadas para aplicar, que Milei eligió no utilizar. El nombre de ""Marco"" suena en Economía.",Mara Pedrazzoli,2025-08-20 03:01:00+00:00,https://www.pagina12.com.ar/850838-el-indec-un-volcan-de-renuncias-y-rumores,economia
"La confianza empresarial se redujo 4,3%",Super y mayoristas: sólo el 13% mostró optimismo en el corto plazo,En julio se aceleró la caída de la confianza del sector empresario vinculado a supermercados y autoservicios mayoristas.,Mara Pedrazzoli,2025-08-20 03:01:00+00:00,https://www.pagina12.com.ar/850826-la-confianza-empresarial-se-redujo-4-3,economia
Volvió a aparecer el déficit,"En julio, el financiero quedó en negativo","En julio volvió a aparecer el déficit en las cuentas del Estado, pese al ajuste motosierra basado en el recorte del gasto público.",Mara Pedrazzoli,2025-08-20 03:01:00+00:00,https://www.pagina12.com.ar/850857-volvio-a-aparecer-el-deficit,economia
"Dólar blue, dólar hoy: a cuánto cotizan el martes 19 de agosto de 2025",La cotización del dólar para la compra y para la venta,"El precio del dólar oficial y de los dólares financieros. En directo, todas las modificaciones de la jornada cambiaria.",Mara Pedrazzoli,2025-08-19 11:51:02+00:00,https://www.pagina12.com.ar/850702-dolar-blue-dolar-hoy-a-cuanto-cotizan-el-martes-19-de-agosto,economia
"¿Cuándo cobro ANSES? Jubilados, AUH y los demás pagos este martes 19 de agosto",El calendario de hoy con todas las prestaciones,"La Administración Nacional de la Seguridad Social paga a jubilados, pensionados y beneficiarios de las distintas prestaciones. Los que cobran hoy.",Mara Pedrazzoli,2025-08-19 11:30:18+00:00,https://www.pagina12.com.ar/850703-cuando-cobro-anses-jubilados-auh-y-los-demas-pagos-este-mart,economia
Orden monetario al costo de desordenar la economía,"El Banco Central subió los encajes y absorbió otros 3,7 billones de pesos",Licitó letras exclusivas para los bancos para captar los fondos que no pudo absorber en el llamado de la semana pasada. Las elevadas tasas preanuncian mayor recesión,Mara Pedrazzoli,2025-08-19 03:01:00+00:00,https://www.pagina12.com.ar/850636-orden-monetario-al-costo-de-desordenar-la-economia,economia
Disolución y reemplazo de la CNRT,El gobierno cambia el esquema regulatorio en transporte,"A través del Decreto 584/2025, publicado este lunes en el Boletín Oficial, el Poder Ejecutivo Nacional resolvió la disolución de la Comisión Nacional de Regulación del Transporte (CNRT) y su ree",Mara Pedrazzoli,2025-08-19 03:01:00+00:00,https://www.pagina12.com.ar/850591-disolucion-y-reemplazo-de-la-cnrt,economia
Mínimo impacto fiscal y menos asfixia,Las provincias buscan inyectar recursos,"Los proyectos de reparto de ATN e impuestos a los combustibles que impulsan los gobernadores significa entre 0,1 y 0,2 por ciento del PBI, de acuerdo a estimaciones privadas.",Mara Pedrazzoli,2025-08-19 03:01:00+00:00,https://www.pagina12.com.ar/850616-minimo-impacto-fiscal-y-menos-asfixia,economia
La economía en fase de retroceso,La actividad industrial sumó en junio cuatro meses de caída,"Un centro de estudios de las bolsas de comercio de Rosario y Santa Fe señala una meseta en la actividad económica, con marcada caída industrial",Mara Pedrazzoli,2025-08-19 03:01:00+00:00,https://www.pagina12.com.ar/850583-la-economia-en-fase-de-retroceso,economia
Más viento en contra para la actividad,Impacto de la suba de tasas en la dinámica productiva,"Desapareció toda posibilidad de financiamiento racional para producir y se complica el comercio exterior, advierten las pymes.",Mara Pedrazzoli,2025-08-19 03:01:00+00:00,https://www.pagina12.com.ar/850584-mas-viento-en-contra-para-la-actividad,economia
Irlanda frenó a los buitres,Otra sentencia a favor de Argentina en el caso YPF,La justicia de ese país rechazó el pedido de los demandantes: reconocer y ejecutar el fallo en esa jurisdicción extranjera.,Mara Pedrazzoli,2025-08-19 03:01:00+00:00,https://www.pagina12.com.ar/850581-irlanda-freno-a-los-buitres,economia
Nueva inversión en minería,Por US$ 13.300 millones,"El gigante de la minería mundial, Glencore, informó una inversión minera por 13.300 millones de dólares para las provincias de San Juan y Catamarca, cuyo desarrollo de la fase 1 está previsto en un",Mara Pedrazzoli,2025-08-19 03:01:00+00:00,https://www.pagina12.com.ar/850612-nueva-inversion-en-mineria,economia
El 60% opta por bajar la cobertura,Seguros automotor,"El 60 por ciento de los asegurados se vio obligado a bajar de categoría su cobertura y optar por pólizas más limitadas para abaratar costos, frente a las dificultades económicas.",Mara Pedrazzoli,2025-08-19 03:01:00+00:00,https://www.pagina12.com.ar/850566-el-60-opta-por-bajar-la-cobertura,economia
Menos controles de ARCA,Exportaciones aéreas,La Agencia de Recaudación y Control Aduanero (ARCA) simplificó controles a exportaciones aéreas para agilizar trámites.,Mara Pedrazzoli,2025-08-16 03:01:00+00:00,https://www.pagina12.com.ar/849980-menos-controles-de-arca,economia
El mercado en alta tensión,"La bolsa no operó y, en Wall Street, cayeron los activos argentinos","Malestar por el desorden monetario y la ausencia de un ancla clara para las expectativas. En Nueva York, los ADRs argentinos cerraron el viernes con fuertes bajas.",Mara Pedrazzoli,2025-08-16 03:01:00+00:00,https://www.pagina12.com.ar/849988-el-mercado-en-alta-tension,economia
Tasas contra la producción,El presidente de la UIA se quejó de la suba de tasas,"“Con las tasas de interés en estos niveles es difícil operar para cualquier empresa”, advirtió Martín Rappallini, presidente de la Unión Industrial Argentina, en su participación ante el Rotary Clu",Mara Pedrazzoli,2025-08-16 03:01:00+00:00,https://www.pagina12.com.ar/850014-tasas-contra-la-produccion,economia
Menos juguetes el Día de las infancias,Indumentaria será el principal regalo y el gasto promedio llegará a 49.500 pesos,"Se acerca el día de la niñez, el próximo domingo, y un estudio privado relevó el gasto estimado que realizarán las familias para comprar regalos para diferentes grupos etáreos en distintos puntos d",Mara Pedrazzoli,2025-08-16 03:01:00+00:00,https://www.pagina12.com.ar/849981-menos-juguetes-el-dia-de-las-infancias,economia
¿Qué dólar saldrá de las urnas?,"Crecen las expectativas de un salto cambiario, con las tasas de interés arriba del 70 por ciento","A tres semanas de las elecciones bonaerenses, el Gobierno aprieta al máximo el torniquete monetario para que no se le escape el dólar. Caputo y Bausili toman medidas de urgencia, en un escenario de creciente incertidumbre. Le echan la culpa a la oposición, pero no convencen al mercado y la economía real se deshidrata.",David Cufré,2025-08-16 03:01:00+00:00,https://www.pagina12.com.ar/850007-que-dolar-saldra-de-las-urnas,economia
La industria alerta la recesión,Advertencia de la UIA por importaciones y tasas altas,"En relación con 2023, las importaciones subieron 32 por ciento, mientras la producción industrial cayó 10 por ciento.",Mara Pedrazzoli,2025-08-16 03:01:00+00:00,https://www.pagina12.com.ar/849971-la-industria-alerta-la-recesion,economia
Sube la inflación en alimentos,Las consultoras proyectan más de 2% para agosto,Los precios se siguieron moviendo luego del salto del dólar en julio. Las empresas buscan calibrar su esquema de costos.,Mara Pedrazzoli,2025-08-16 03:01:00+00:00,https://www.pagina12.com.ar/849978-sube-la-inflacion-en-alimentos,economia
Juicio por YPF: un fallo favorable para Argentina,La empresa no deberá entregar sus acciones,La justicia de Estados Unidos hizo lugar al pedido argentino y resolvió frenar el embargo y dejar en suspenso la entrega del paquete de acciones de la petrolera que había dictaminado la jueza Loreta Preska en beneficio de los fondos buitre.,Mara Pedrazzoli,2025-08-15 19:00:14+00:00,https://www.pagina12.com.ar/849897-juicio-por-ypf-un-fallo-favorable-para-argentina,economia
"Dólar blue, dólar hoy: a cuánto cotizan el viernes 15 de agosto de 2025",La cotización del dólar para la compra y para la venta,"El precio del dólar oficial y de los dólares financieros. En directo, todas las modificaciones de la jornada cambiaria.",Mara Pedrazzoli,2025-08-15 11:51:01+00:00,https://www.pagina12.com.ar/849793-dolar-blue-dolar-hoy-a-cuanto-cotizan-el-viernes-15-de-agost,economia
Crece la incertidumbre económica,"Según la UCA, subió 4 por ciento en julio","La incertidumbre económica creció 4% en julio respecto de la medición anterior, de acuerdo con un relevamiento realizado por la Universidad Católica Argentina (UCA).",Mara Pedrazzoli,2025-08-15 03:01:00+00:00,https://www.pagina12.com.ar/849661-crece-la-incertidumbre-economica,economia
"¿Cuándo cobro ANSES? Jubilados, AUH y los demás pagos este jueves 14 de agosto",El calendario de hoy con todas las prestaciones,"La Administración Nacional de la Seguridad Social paga a jubilados, pensionados y beneficiarios de las distintas prestaciones. Los que cobran hoy.",Mara Pedrazzoli,2025-08-14 09:31:02+00:00,https://www.pagina12.com.ar/849046-cuando-cobro-anses-jubilados-auh-y-los-demas-pagos-este-juev,economia
"Cuenta remunerada en pesos: desde hoy, cobrar el sueldo en el Banco Nación rinde más",No disponible,La entidad ofrece un nuevo beneficio para todos los clientes que reciban la acreditación de su salario en una cuenta haberes,Mara Pedrazzoli,2025-08-14 03:10:53+00:00,https://www.pagina12.com.ar/849688-cuenta-remunerada-en-pesos-desde-hoy-cobrar-el-sueldo-en-el-,economia
"Repunte, no recuperación","El empleo registrado casi estancado, con leve suba en el sector privado","Un muy leve repunte del empleo en mayo, pero sólo circunscripto a pocos sectores de Servicios, según la información de SIPA. Sigue cayendo en la industria y el sector público",Mara Pedrazzoli,2025-08-14 03:01:00+00:00,https://www.pagina12.com.ar/849445-repunte-no-recuperacion,economia
"Suben tasas, sacan fondos y se la llevan en pala","Las tasas de la deuda en pesos del Tesoro ya rozan el 4,5% mensual",La licitación de letras de este miércoles tuvo el peor resultado para la conducción económica. Sólo colocó títulos por el 61% de los vencimientos. Y la tasa anualizada supera el 70%,Mara Pedrazzoli,2025-08-14 03:01:00+00:00,https://www.pagina12.com.ar/849467-suben-tasas-sacan-fondos-y-se-la-llevan-en-pala,economia
Caputo cada vez más nervioso,"El ministro dijo que la oposición es una ""merda""",Para el funcionario los problemas de su plan económico son que “todo el mundo duda” porque existe el riesgo político.,Mara Pedrazzoli,2025-08-14 03:01:00+00:00,https://www.pagina12.com.ar/849403-caputo-cada-vez-mas-nervioso,economia
Los salarios paso a paso por escalera,"En junio, subieron 3 por ciento promedio","El índice de salarios arrojó, en junio, una suba del 3 por ciento mensual en promedio y se ubicó por encima del costo de vida del mes, según informó este miércoles el Indec.",Mara Pedrazzoli,2025-08-14 03:01:00+00:00,https://www.pagina12.com.ar/849442-los-salarios-paso-a-paso-por-escalera,economia
Sigue vigente el derecho al agua,Cautelar en contra del corte de los servicios de agua y cloacas,Una jueza federal rechazó la habilitación por decreto a Aysa para dejar sin servicios sanitarios a quien se atrasara en sus pagos,Mara Pedrazzoli,2025-08-14 03:01:00+00:00,https://www.pagina12.com.ar/849459-sigue-vigente-el-derecho-al-agua,economia
Para no ser pobre: $1.149.353,La canasta subió casi 30% interanual,"Una familia tipo, integrada por cuatro personas, necesitó 1.149.353 pesos para no ser pobre en julio, sin contar el alquiler, según reveló la medición de la Canasta Básica Total (CBT) publicada est",Mara Pedrazzoli,2025-08-14 03:01:00+00:00,https://www.pagina12.com.ar/849443-para-no-ser-pobre-1-149-353,economia
Segundo mes de aceleración inflacionaria,"El INDEC comunicó una suba del 1,9 por ciento en julio y agosto superará el 2","Las mayores subas se dieron en Recreación y cultura; Restaurantes y hoteles y Alimentos, que subió igual que la media. El Gobierno salió a festejar el indicador.",Mara Pedrazzoli,2025-08-14 03:01:00+00:00,https://www.pagina12.com.ar/849405-segundo-mes-de-aceleracion-inflacionaria,economia
"La inflación de julio fue de 1,9%",Los datos del INDEC,"La inflación en la Ciudad de Buenos Aires para el mismo período había sido del 2.5%, mientras la publicada por la UMET midió una suba del 2%.",Mara Pedrazzoli,2025-08-13 19:03:01+00:00,https://www.pagina12.com.ar/849371-la-inflacion-de-julio-fue-de-1-9,economia
El consumo derrumbado es un drama sin solución,Las ventas en hipermercados vuelven a caer hasta 5 por ciento,"El Gobierno celebra la baja demanda porque hasta ahora le regula los precios, pero los empresarios advierten -por primera vez en la historia- que el congelamiento de los salarios que impulsa Milei está matando el gasto de los hogares y, en consecuencia, el negocio y la actividad.",Leandro Renou,2025-08-13 03:01:00+00:00,https://www.pagina12.com.ar/849145-el-consumo-derrumbado-es-un-drama-sin-solucion,economia
Otro paso hacia una economía primarizada,La baja de retenciones a la soja afecta la industrialización de la oleaginosa,"El Gobierno achicó el diferencial de retenciones entre el poroto de soja y el  aceite y la harina, lo cual reduce incentivos para la generación de valor agregado.",Mara Pedrazzoli,2025-08-13 03:01:00+00:00,https://www.pagina12.com.ar/849107-otro-paso-hacia-una-economia-primarizada,economia
A qué hora se publica la inflación de julio 2025 que mide el Indec,Índice de Precios al Consumidor,"Hasta el momento, el dato acumulado en lo que va del año es de 15,09% y del 45,79% a nivel interanual.",Mara Pedrazzoli,2025-08-12 20:03:03+00:00,https://www.pagina12.com.ar/849109-a-que-hora-se-publica-la-inflacion-de-julio-2025-que-mide-el,economia
"Dólar blue, dólar hoy: a cuánto cotizan el martes 12 de agosto de 2025",La cotización del dólar para la compra y para la venta,"El precio del dólar oficial y de los dólares financieros. En directo, todas las modificaciones de la jornada cambiaria.",Mara Pedrazzoli,2025-08-12 12:00:36+00:00,https://www.pagina12.com.ar/849020-dolar-blue-dolar-hoy-a-cuanto-cotizan-el-martes-12-de-agosto,economia
"¿Cuándo cobro ANSES? Jubilados, AUH y los demás pagos este martes 12 de agosto",El calendario de hoy con todas las prestaciones,"La Administración Nacional de la Seguridad Social paga a jubilados, pensionados y beneficiarios de las distintas prestaciones. Los que cobran hoy.",Mara Pedrazzoli,2025-08-12 09:31:02+00:00,https://www.pagina12.com.ar/849002-cuando-cobro-anses-jubilados-auh-y-los-demas-pagos-este-mart,economia
A la expectativa de las tasas,El dólar arrancó la semana en torno a los 1330 pesos,"Extrañamente calmo se mostró el mercado cambiario, a la espera de la megalicitación de bonos en pesos del miércoles",Mara Pedrazzoli,2025-08-12 03:01:00+00:00,https://www.pagina12.com.ar/848955-a-la-expectativa-de-las-tasas,economia
"Para el gurú de Milei, hay que reestructurar","Distéfano, asesor del Presidente, deslizó que hay que evitar caer en default","Asiduo visitante a Olivos, habló de un tema tabú y peligroso: ""una deuda pública que va rumbo a una reestructuración voluntaria, para postergar pagos de capital, y bajar la tasa de interés de mercado"".",Mara Pedrazzoli,2025-08-12 03:01:00+00:00,https://www.pagina12.com.ar/848882-para-el-guru-de-milei-hay-que-reestructurar,economia
"Mastellone, con números bien en rojo",La dueña de La Serenísima reportó perdidas,"En el marco de la caída de los gigantes de la alimentación, la firma Mastellone -dueña de La Serenísima- reportó un balance con números en rojo en un marco de caída del consumo muy marcado.",Mara Pedrazzoli,2025-08-12 03:01:00+00:00,https://www.pagina12.com.ar/848885-mastellone-con-numeros-bien-en-rojo,economia
Pymes: sigue la caída de ventas,"Retrocedieron 5,7 por ciento intermensual en julio",Tercer mes consecutivo con retracción del consumo masivo. El 30 por ciento de los comercios afirma que la situación empeoró.,Mara Pedrazzoli,2025-08-12 03:01:00+00:00,https://www.pagina12.com.ar/848937-pymes-sigue-la-caida-de-ventas,economia
Yerba mate: otra víctima de la desregulación,Caída de la producción y fuerte presencia de importaciones,"Cayó mas de 20 por ciento la producción de hoja verde en el primer semestre. El INYM, que regula la actividad y los precios, prácticamente paralizado",Mara Pedrazzoli,2025-08-12 03:01:00+00:00,https://www.pagina12.com.ar/848938-yerba-mate-otra-victima-de-la-desregulacion,economia
Pagos electrónicos y dependencia económica,El conflicto entre Trump y Lula por la aplicación Pix. Cómo afecta a Argentina,"El sistema de pagos estatal de Brasil está desplazando a las big techs norteamericanas. Trump amenaza a Lula, en un conflicto que no es ajeno al resto de la región",Raúl Dellatorre,2025-08-10 03:01:00+00:00,https://www.pagina12.com.ar/848518-pagos-electronicos-y-dependencia-economica,economia
"Dólar y precios, juntos a la par","Los cálculos falsos del Gobierno y el ""desgramaje"" de las empresas, un engaño al consumidor","El último mes el valor del dólar subió un 10 por ciento. Mientras Milei jura que no habrá traslado a precios, la realidad avanza.",Hernán Letcher,2025-08-10 03:01:00+00:00,https://www.pagina12.com.ar/848581-dolar-y-precios-juntos-a-la-par,economia
En Estado de remate para conseguir dólares,El Gobierno de Milei privatiza cuatro represas hidroeléctricas,"Buscan desprenderse de las acciones en los próximos meses, ante la necesidad de obtener divisas para soportar temporalmente un esquema económico que cruje.",Mara Pedrazzoli,2025-08-09 03:01:00+00:00,https://www.pagina12.com.ar/848380-en-estado-de-remate-para-conseguir-dolares,economia
Una bicicleta financiera más,El dólar oficial cerró la sexta caída consecutiva,"En el promedio de entidades financieras que publica el Banco Central, el billete terminó a 1337,04 pesos para la venta.",Mara Pedrazzoli,2025-08-09 03:01:00+00:00,https://www.pagina12.com.ar/848389-una-bicicleta-financiera-mas,economia
"""La actividad está clavada""",Melconian advirtió por el impacto en la economía real,"La economía argentina logró en el segundo trimestre de 2025 recuperar el nivel de actividad previo a la recesión iniciada en el tercer trimestre de 2023, pero volvió a frenarse, en lo que los econo",Mara Pedrazzoli,2025-08-09 03:01:00+00:00,https://www.pagina12.com.ar/848374-la-actividad-esta-clavada,economia
La motosierra sigue afilada,Los recortes se centraron en programas sociales y subsidios,"En la medición interanual de julio, se registró por primera vez una caída real del gasto en AUH y asignaciones familiares.",Mara Pedrazzoli,2025-08-09 03:01:00+00:00,https://www.pagina12.com.ar/848319-la-motosierra-sigue-afilada,economia
Los costos del plan aguantar,El Gobierno agrava la crisis de la economía real para contener al dólar hasta las elecciones,La actividad económica se resiente por la suba de las tasas de interés y el ancla salarial que aplican Milei y Caputo para intentar contener el dólar y la inflación. El panorama es de creciente incertidumbre hasta octubre y todavía más negativo para fin de año.,David Cufré,2025-08-09 03:01:00+00:00,https://www.pagina12.com.ar/848386-los-costos-del-plan-aguantar,economia
En electrónicos se apaga el empleo,El 33 por ciento de las empresas achicó su plantel,"Lejos de una recuperación en V, distintos sectores de la economia siguen en una etapa de achique.",Mara Pedrazzoli,2025-08-09 03:01:00+00:00,https://www.pagina12.com.ar/848316-en-electronicos-se-apaga-el-empleo,economia
Consumir lo básico cuesta deuda,El 46% de las familias usa tarjeta de crédito para comprar comida,La pérdida del poder adquisitivo empuja la tendencia. Cada vez más hogares se endeudan para pagar el supermercado. Las ventas se contraen y los stocks disminuyen.,Mara Pedrazzoli,2025-08-09 03:01:00+00:00,https://www.pagina12.com.ar/848345-consumir-lo-basico-cuesta-deuda,economia
Caputo en otro intento de aspirar ahorros,En YPF se podrán pagar la nafta y el gasoil con dólares,"YPF permitirá, en las próximas semanas, pagar nafta y gasoil con dólares en sus estaciones de servicio.",Mara Pedrazzoli,2025-08-09 03:01:00+00:00,https://www.pagina12.com.ar/848339-caputo-en-otro-intento-de-aspirar-ahorros,economia
Irán y Egipto se niegan a jugar el partido del Orgullo,En los dos países se penalizan las relaciones homosexuales,Por falta de objetividad en su desempeño,Mara Pedrazzoli,2025-12-09 21:24:20.544000+00:00,https://www.pagina12.com.ar/2025/12/09/iran-y-egipto-se-niegan-a-jugar-el-partido-del-orgullo/,sociedad
Entra en vigor el veto de menores en redes sociales,Australia obliga a las plataformas a responsabilizarse por lo que se sube y cómo se usa,Por falta de objetividad en su desempeño,Mara Pedrazzoli,2025-12-09 20:46:15.337000+00:00,https://www.pagina12.com.ar/2025/12/09/entra-en-vigor-el-veto-de-menores-en-redes-sociales/,sociedad
Aprobaron proyecto minero en Mendoza y se disparan las alertas por el agua,Con el aval de Alfredo Cornejo,El Senado habilitó el avance de San Jorge en Uspallata. Organizaciones sociales alertan que la iniciativa podría profundizar la crisis hídrica de Mendoza.,Mara Pedrazzoli,2025-12-09 18:34:30.629000+00:00,https://www.pagina12.com.ar/2025/12/09/aprobaron-proyecto-minero-en-mendoza-y-se-disparan-las-alertas-por-el-agua/,sociedad
Se prohibió el uso de fuego en cinco parques nacionales,Por riesgo de incendios forestales,La Administración de Parques Nacionales impuso la medida hasta el 30 de abril del año que viene.,Mara Pedrazzoli,2025-12-09 17:52:18.734000+00:00,https://www.pagina12.com.ar/2025/12/09/se-prohibio-el-uso-de-fuego-en-cinco-parques-nacionales/,sociedad
La cantante La Queen fue víctima de un ataque y golpiza homoodiante en Villa Real,Denuncia en la Justicia y en redes sociales,La artista drag fue atacada a plena luz del día cuando salía del gimnasio. Sufrió traumatismo facial y una fractura de mandíbula. Denunció que el agresor actuó con odio y que intentó matarla.,Mara Pedrazzoli,2025-12-09 16:14:18.127000+00:00,https://www.pagina12.com.ar/2025/12/09/la-cantante-la-queen-fue-victima-de-un-ataque-y-golpiza-homoodiante-en-villa-real/,sociedad
Caso Lowrdez: piden juzgar al empresario García Gómez por violencia de género,Avanza la causa,La fiscal Silvana Russi solicitó elevar a juicio oral la causa contra el exnovio de la integrante de Bandana. El empresario está procesado con prisión preventiva por múltiples episodios de violencia. La artista continúa acompañada por su entorno y en tratamiento terapéutico.,Mara Pedrazzoli,2025-12-09 15:10:24.704000+00:00,https://www.pagina12.com.ar/2025/12/09/caso-lowrdez-piden-juzgar-al-empresario-garcia-gomez-por-violencia-de-genero/,sociedad
Paro de colectivos en el AMBA: cuáles son las líneas afectadas,Por falta de pago,Los trabajadores reclaman el pago del total de sus salarios desde el 5 de diciembre.,Mara Pedrazzoli,2025-12-09 14:03:01.544000+00:00,https://www.pagina12.com.ar/2025/12/09/paro-de-colectivos-en-el-amba-cuales-son-las-lineas-afectadas/,sociedad
La Anmat prohibió una marca de productos de limpieza,Por irregularidades,"Se trata de una serie de detergentes, limpiadores y desengrasantes que no estaban registrados ante el organismo.",Mara Pedrazzoli,2025-12-09 12:13:59.709000+00:00,https://www.pagina12.com.ar/2025/12/09/la-anmat-prohibio-una-marca-de-productos-de-limpieza/,sociedad
Clima en Buenos Aires: el pronóstico del tiempo para este martes 9 de diciembre,¿Lluvia en el AMBA?,El Servicio Meteorológico indicó que la máxima llegará a los 25 grados,Mara Pedrazzoli,2025-12-09 09:51:04.990000+00:00,https://www.pagina12.com.ar/2025/12/09/clima-en-buenos-aires-el-pronostico-del-tiempo-para-este-martes-9-de-diciembre/,sociedad
Efemérides de hoy: qué pasó un 9 de diciembre,Hechos que ocurrieron en la Argentina y el mundo,Por falta de objetividad en su desempeño,Mara Pedrazzoli,2025-12-09 07:04:00+00:00,https://www.pagina12.com.ar/2025/12/09/efemerides-de-hoy-que-paso-un-9-de-diciembre/,sociedad
Choque y vuelco en Flores: embistió a una camioneta y arrolló a una familia,Cinco heridos,"Ocurrió esta madrugada, en el cruce de la avenida Mariano Acosta y Zuviría.",Mara Pedrazzoli,2025-12-09 03:01:00+00:00,https://www.pagina12.com.ar/2025/12/08/choque-y-vuelco-en-flores-embistio-a-una-camioneta-y-arrollo-a-una-familia/,sociedad
Donald Trump allana el camino legal con un guiño a las big tech,Un nuevo decreto para desregular el desarrollo de la Inteligencia Artificial,"En su carrera contrarreloj con China, el mandatario busca que los 50 estados dejen de limitar los avances en IA. Con luz verde para las compañías, ¿quién pagará el precio del progreso?",Pablo Esteban,2025-12-09 03:01:00+00:00,https://www.pagina12.com.ar/2025/12/08/donald-trump-allana-el-camino-legal-con-un-guino-a-las-big-tech/,sociedad
Trabajadores del Louvre llamaron a un paro en rechazo al deterioro del museo,Tras el millonario robo,Será el lunes 15 de diciembre y podría extenderse por más días. Los empleados denuncian “falta de recursos” y malas condiciones laborales.,Mara Pedrazzoli,2025-12-09 03:01:00+00:00,https://www.pagina12.com.ar/2025/12/08/trabajadores-del-louvre-llamaron-a-un-paro-en-rechazo-al-deterioro-del-museo/,sociedad
“No somos mecheros vip”,El descargo de los argentinos acusados de robo en Miami,Por falta de objetividad en su desempeño,Mara Pedrazzoli,2025-12-09 03:01:00+00:00,https://www.pagina12.com.ar/2025/12/09/no-somos-mecheros-vip/,sociedad
Identifican a uno de los sospechosos de robar el Museo de Arte Moderno de San Pablo,Se llevaron 8 ilustraciones de Henri Matisse y cinco de Cándido Portinari,Por falta de objetividad en su desempeño,Mara Pedrazzoli,2025-12-09 03:01:00+00:00,https://www.pagina12.com.ar/2025/12/08/identifican-a-uno-de-los-sospechosos-de-robar-el-museo-de-arte-moderno-de-san-pablo/,sociedad
Un policía de la Ciudad atropelló a un joven y mató a un familiar que lo reconoció en una comisaría,El efectivo quedó detenido,El efectivo embistió con su auto a un motociclista y lo abandonó sin ayudarlo. Se presentó en una comisaría de Morón por el incidente y los familiares del motociclista lo reconocieron. El policía intentó huir y fue seguido por un primo de la víctima. Le pegó dos tiros.,Mara Pedrazzoli,2025-12-07 15:08:35.084000+00:00,https://www.pagina12.com.ar/2025/12/07/un-policia-de-la-ciudad-atropello-a-un-joven-y-mato-a-un-familiar-que-lo-reconocio-en-una-comisaria/,sociedad
Clima en Buenos Aires: el pronóstico del tiempo para este domingo 7 de diciembre,Agradable y con nubes,El Servicio Meteorológico Nacional prevé una jornada con temperaturas que oscilarán entre los 18 y 27 grados.,Mara Pedrazzoli,2025-12-07 10:00:00+00:00,https://www.pagina12.com.ar/2025/12/07/clima-en-buenos-aires-el-pronostico-del-tiempo-para-este-domingo-7-de-diciembre/,sociedad
Efemérides de hoy: qué pasó un 7 de diciembre,Hechos que ocurrieron en la Argentina y el mundo,Por falta de objetividad en su desempeño,Mara Pedrazzoli,2025-12-07 07:04:00+00:00,https://www.pagina12.com.ar/2025/12/07/efemerides-de-hoy-que-paso-un-7-de-diciembre/,sociedad
Se reactivó la alerta nacional por sarampión,Por el caso de un niño registrado en Entre Ríos,Un niño de dos años y cuatro meses contrajo la enfermedad y encendió las alarmas. De todas formas tenía la única vacuna que le correspondía por su edad: está estable en su domicilio.,Mara Pedrazzoli,2025-12-07 03:01:00+00:00,https://www.pagina12.com.ar/2025/12/06/se-reactivo-la-alerta-nacional-por-sarampion/,sociedad
Videos fake de médicos reales para vender falsos medicamentos,Usan la IA en TikTok para promover remedios engañosos y falsos en EE.UU.,Una empresa que detecta información falsa en las redes descubrió que Welness Nest creó videos con la cara de médicos a los que les cambió el discurso.,Mara Pedrazzoli,2025-12-07 03:01:00+00:00,https://www.pagina12.com.ar/2025/12/06/videos-fake-de-medicos-reales-para-vender-falsos-medicamentos/,sociedad
Los riesgos de que la videollamada se corte,La ciencia analiza cómo una mala comunicación virtual influye en las decisiones,"La imagen congelada o el sonido distorsionado son aspectos que molestan a cualquiera. Investigadoras evaluaron cómo influye una mala conexión en audiencias judiciales, citas y ventas de productos.",Pablo Esteban,2025-12-07 03:01:00+00:00,https://www.pagina12.com.ar/2025/12/06/los-riesgos-de-que-la-videollamada-se-corte/,sociedad
A juicio por obstaculizar la interrupción del embarazo de una niña,Se aplicó la ley IVE en un caso de este tipo por primera vez y fue en Tucumán,"Dio a luz un bebe a sus 12 años, violada por su padrastro. Ella y su madre habían firmado en favor de abortar y en el hospital las convencieron de desistir.",Mariana Carbajal,2025-12-07 03:01:00+00:00,https://www.pagina12.com.ar/2025/12/06/a-juicio-por-obstaculizar-la-interrupcion-del-embarazo-de-una-nina/,sociedad
Cuatro detenidos por ensuciar las joyas de la Corona británica,Arrojaron crema a la vitrina que las protege en la Torre de Londres,El grupo Take Back Power reconoció su autoría y pidió una Cámara del Pueblo para “gravar la riqueza extrema y arreglar Gran Bretaña”. La Corona del rey Carlos III salió ilesa.,Mara Pedrazzoli,2025-12-07 00:13:04.281000+00:00,https://www.pagina12.com.ar/2025/12/07/cuatro-detenidos-por-ensuciar-las-joyas-de-la-corona-britanica/,sociedad
Murió el “starchitect” Frank Gehry,El arquitecto canadiense que diseñó el Guggenheim de Bilbao,Fue el creador del deconstructivismo que marcó el siglo XX.,Julián Varsavsky,2025-12-06 18:39:00+00:00,https://www.pagina12.com.ar/2025/12/06/murio-el-starchitect-frank-gehry/,sociedad
Clima en Buenos Aires: el pronóstico del tiempo para este sábado 6 de diciembre,Jornada calurosa e inestable,El Servicio Meteorológico Nacional prevé un día con temperaturas que oscilarán entre los 21 y 30 grados.,Mara Pedrazzoli,2025-12-06 10:00:00+00:00,https://www.pagina12.com.ar/2025/12/06/clima-en-buenos-aires-el-pronostico-del-tiempo-para-este-sabado-6-de-diciembre/,sociedad
Comenzó a operar el vuelo directo que conecta a China con Argentina,El vuelo de 25 horas une al gigante asiático con Buenos Aires en 25 horas,Por falta de objetividad en su desempeño,Mara Pedrazzoli,2025-12-05 18:04:31.496000+00:00,https://www.pagina12.com.ar/2025/12/05/comenzo-a-operar-el-vuelo-directo-que-conecta-a-china-con-argentina/,sociedad
Arranca el último fin de semana largo del 2025: ¿Cómo estará el tiempo?,Tres días de descanso,Por el feriado del 8 de diciembre habrá tres días de descanso.,Mara Pedrazzoli,2025-12-05 15:38:22.092000+00:00,https://www.pagina12.com.ar/2025/12/05/arranca-el-ultimo-fin-de-semana-largo-del-2025-como-estara-el-tiempo/,sociedad
La Autopista Dellepiane estará cerrada por obras durante este fin de semana largo,Los caminos alternativos,El cierre comenzará esta noche a las 22. La reapertura del tránsito será el próximo martes a las 17.,Mara Pedrazzoli,2025-12-05 14:44:13.652000+00:00,https://www.pagina12.com.ar/2025/12/05/la-autopista-dellepiane-estara-cerrada-por-obras-durante-este-fin-de-semana-largo/,sociedad
El piloto del helicóptero que se estrelló en Palermo fue imputado por lesiones culposas,Siguen las pericias,"Mientras permanece bajo observación en el Hospital Fernández por politraumatismos, se esperan los resultados de su test de alcoholemia.",Mara Pedrazzoli,2025-12-05 13:06:37.749000+00:00,https://www.pagina12.com.ar/2025/12/05/el-piloto-del-helicoptero-que-se-estrello-en-palermo-fue-imputado-por-lesiones-culposas/,sociedad
Paro de colectivos en el AMBA: cuáles son las líneas que no funcionan este viernes,Por tiempo indeterminado,"La protesta afecta a unas 30 compañías, en su mayoría del Conurbano. Los trabajadores reclaman el pago completo de salarios",Mara Pedrazzoli,2025-12-05 11:03:28.817000+00:00,https://www.pagina12.com.ar/2025/12/05/paro-de-colectivos-en-el-amba-cuales-son-las-lineas-que-no-funcionan-este-viernes/,sociedad
Clima en Buenos Aires: el pronóstico del tiempo para este viernes 5 de diciembre,Jornada agobiante,La temperatura máxima llegará a los 35 grados en el AMBA,Mara Pedrazzoli,2025-12-05 09:55:09.269000+00:00,https://www.pagina12.com.ar/2025/12/05/clima-en-buenos-aires-el-pronostico-del-tiempo-para-este-viernes-5-de-diciembre/,sociedad
Efemérides de hoy: qué pasó un 5 de diciembre,Hechos que ocurrieron en la Argentina y el mundo,Por falta de objetividad en su desempeño,Mara Pedrazzoli,2025-12-05 07:04:00+00:00,https://www.pagina12.com.ar/2025/12/05/efemerides-de-hoy-que-paso-un-5-de-diciembre/,sociedad
Alak y Kicillof refuerzan la seguridad en La Plata con la entrega de 40 móviles policiales,No disponible,La acción apunta a modernizar los recursos policiales y fortalecer la presencia preventiva en todos los barrios de la ciudad. Estuvo presente el ministro Alonso.,Melisa Molina,2025-12-05 06:54:00+00:00,https://www.pagina12.com.ar/2025/12/05/alak-y-kicillof-refuerzan-la-seguridad-en-la-plata-con-la-entrega-de-40-moviles-policiales/,sociedad
Por el derecho a la información impresa,AEDBA pide que los kioscos de diarios no se dediquen solo a vender café,"La Asociación de Editores de Diarios de CABA pidió que vuelvan a vender prensa escrita y no se dediquen únicamente a vender café, lo cual es ilegal. Sostienen que es un perjuicio al derecho a la información y a la libertad de prensa.",Mara Pedrazzoli,2025-12-05 03:01:00+00:00,https://www.pagina12.com.ar/2025/12/04/por-el-derecho-a-la-informacion-impresa/,sociedad
Una radiografía del desguace en salud,Asociaciones de médicos presentan un informe que analiza el impacto de la política libertaria,"La desregulación del financiamiento público, el incremento en el precio de los medicamentos, los despidos de profesionales y la eliminación de programas de prevención, son algunos de los ejes sobre los que los autores colocaron la lupa.",Pablo Esteban,2025-12-05 03:01:00+00:00,https://www.pagina12.com.ar/2025/12/04/una-radiografia-del-desguace-en-salud/,sociedad
Imponen una multa millonaria a una web porno por no comprobar eficazmente la edad de los usuarios,La sanción es de un millón de libras,El ente regulador aplicó la multa a una empresa que gestiona 18 sitios pornográficos.,Melisa Molina,2025-12-04 21:49:30.519000+00:00,https://www.pagina12.com.ar/2025/12/04/imponen-una-multa-millonaria-a-una-web-porno-por-no-comprobar-eficazmente-la-edad-de-los-usuarios/,sociedad
Meta avanza con el bloqueo de cuentas de adolescentes: el ultimátum vence el 10 de diciembre,En Australia,"Para adecuarse con la ley australiana, Meta empezó a remover las cuentas de usuarios menores de 16 años en las redes sociales. Las plataformas podrían enfrentar multas millonarias si no lo hacen.",Melisa Molina,2025-12-04 19:29:56.497000+00:00,https://www.pagina12.com.ar/2025/12/04/meta-avanza-con-el-bloqueo-de-cuentas-de-adolescentes-el-ultimatum-vence-el-10-de-diciembre/,sociedad
Encontraron a la joven chaqueña que estaba desaparecida en Brasil,Está sana y salva,Después de una semana de la activación de un operativo conjunto entre las autoridades de Argentina y Brasil. La joven tiene dos hijas menores de edad que habían quedado al cuidado de su mamá en Chaco.,Mara Pedrazzoli,2025-12-04 15:58:37.580000+00:00,https://www.pagina12.com.ar/2025/12/04/encontraron-a-la-joven-chaquena-que-estaba-desaparecida-en-brasil/,sociedad
Los choferes anticiparon un paro de colectivos para el viernes 5 de diciembre si no cobran sus sueldos,Tensión por el cobro del aguinaldo,El gremio expresó su repudio ante la propuesta de recibir un sueldo y el respectivo aguinaldo en partes.,Melisa Molina,2025-12-04 15:12:00.873000+00:00,https://www.pagina12.com.ar/2025/12/04/los-choferes-anticiparon-un-paro-de-colectivos-para-el-viernes-5-de-diciembre-si-no-cobran-sus-sueldos/,sociedad
"Tras el lanzamiento de “Lux”, Rosalía realizará dos shows en Buenos Aires: cómo comprar las entradas",Gira global,La artista catalana visitará el país el 1 y 2 de agosto del 2026. De qué se trata el cuarto álbum de estudio que revoluciona las plataformas de música.,Melisa Molina,2025-12-04 14:21:29.335000+00:00,https://www.pagina12.com.ar/2025/12/04/tras-el-lanzamiento-de-lux-rosalia-realizara-dos-shows-en-buenos-aires-como-comprar-las-entradas/,sociedad
Liberaron a los argentinos detenidos en Miami y ya dejaron Estados Unidos,Robo orquestado de productos de marcas reconocidas,Son mendocinos y empresarios de entre 40 y 50 años. Cada uno pagó una fianza de más de 4.000 dólares. Viajaron en un vuelo de línea,Melisa Molina,2025-12-04 13:19:06.127000+00:00,https://www.pagina12.com.ar/2025/12/04/liberaron-a-los-argentinos-detenidos-en-miami-y-ya-dejaron-estados-unidos/,sociedad
"Panamericana: tras el vuelco de un camión, hubo grandes demoras en el tránsito",En Ingeniero Maschwitz,"El accidente ocurrió a la altura del kilómetro 41, en el Ramal Campana. El vehículo ya fue removido.",Melisa Molina,2025-12-04 11:21:47.054000+00:00,https://www.pagina12.com.ar/2025/12/04/caos-de-transito-en-la-panamericana-volco-un-camion-y-hay-grandes-demoras/,sociedad
Línea B de subtes: liberaron molinetes en la estación Lacroze,Protesta,La medida se dio tras la denuncia de una empleada de limpieza por acoso y persecución laboral,Melisa Molina,2025-12-04 10:59:37.374000+00:00,https://www.pagina12.com.ar/2025/12/04/linea-b-de-subtes-liberaron-molinetes-en-la-estacion-lacroze/,sociedad
Clima en Buenos Aires: el pronóstico del tiempo para este jueves 4 de diciembre,Calor,En el AMBA se esperan 35 grados de temperatura máxima,Mara Pedrazzoli,2025-12-04 09:49:02.085000+00:00,https://www.pagina12.com.ar/2025/12/04/clima-en-buenos-aires-el-pronostico-del-tiempo-para-este-jueves-4-de-diciembre/,sociedad
Lo más buscado en Google por los argentinos en 2025,"Cristina, Francisco, El Eternauta, Colapinto y más",El buscador más grande y usado de internet difundió algunas de las temáticas más exploradas por los argentinos durante el año.,Melisa Molina,2025-12-04 09:00:00+00:00,https://www.pagina12.com.ar/2025/12/04/lo-mas-buscado-en-google-por-los-argentinos-en-2025/,sociedad
Brasil: retuvieron a 125 argentinos  por ingresar sin trámites migratorios,Eran supuestos trabajadores rurales,Se dirigían a una ciudad fronteriza para realizar supuestos trabajos de cosecha de cebolla y tabaco.,Mara Pedrazzoli,2025-12-03 15:57:19.242000+00:00,https://www.pagina12.com.ar/2025/12/03/brasil-retuvieron-a-125-argentinos-por-ingresar-sin-tramites-migratorios/,sociedad
Hallaron asesinado a un hombre en el río Paraná,Habría sido apuñalado,Los investigadores sospechan que lo mataron y luego lo arrojaron al agua. Aún no fue identificado.,Mara Pedrazzoli,2025-12-03 13:23:20.869000+00:00,https://www.pagina12.com.ar/2025/12/03/hallaron-asesinado-a-un-hombre-en-el-rio-parana/,sociedad
Clima en Buenos Aires: el pronóstico del tiempo para este miércoles 3 de diciembre,Calor en el AMBA,El SMN indicó que la temperatura en el AMBA llegará a los 29 grados.,Mara Pedrazzoli,2025-12-03 09:53:10.431000+00:00,https://www.pagina12.com.ar/2025/12/03/clima-en-buenos-aires-el-pronostico-del-tiempo-para-este-miercoles-3-de-diciembre/,sociedad
Efemérides de hoy: qué pasó un 3 de diciembre,Hechos que ocurrieron en la Argentina y el mundo,Por falta de objetividad en su desempeño,Mara Pedrazzoli,2025-12-03 07:04:00+00:00,https://www.pagina12.com.ar/2025/12/03/efemerides-de-hoy-que-paso-un-3-de-diciembre/,sociedad
Una argentina desaparecida,Viajó por una oferta laboral,"Se trata de una mujer de 25 años, oriunda de la provincia de Chaco, quien había viajado en septiembre pasado al país vecino para trabajar en un bar. Su madre hizo la denuncia judicial.",Mara Pedrazzoli,2025-12-03 03:01:00+00:00,https://www.pagina12.com.ar/2025/12/02/buscan-a-una-joven-argentina-desaparecida-que-en-brasil/,sociedad
Las IA avanzan en los gobiernos,El sueño de la derecha está cada vez más cerca,"Albania designó a una IA como ministra de seguridad. El municipio de Zárate hizo lo propio, como directora general.",Pablo Esteban,2025-12-03 03:01:00+00:00,https://www.pagina12.com.ar/2025/12/03/las-ia-avanzan-en-los-gobiernos/,sociedad
Detienen a cinco turistas argentinos en Miami,Habían robado grandes valijas y vestimenta,Los implicados tienen entre 40 y 50 años y se manejaban en forma coordinada para llevarse productos. Los artículos robados suman alrededor de 2000 dólares.,Melisa Molina,2025-12-03 03:01:00+00:00,https://www.pagina12.com.ar/2025/12/02/detienen-a-cinco-turistas-argentinos-en-miami/,sociedad
Sigue la polémica por la posible demolición del Luna Park,El GCBA hizo la audiencia pública por el certificado de aptitud ambiental de la remodelación,La CGT decidió retirarse del espacio,Santiago Brunetto,2025-12-03 03:01:00+00:00,https://www.pagina12.com.ar/2025/12/02/sigue-la-polemica-por-la-posible-demolicion-del-luna-park/,sociedad
Un profesorado que resiste el cierre,El “Pueblos de América” en la Villa 21-24 no cerrará sus puertas,"Tras una reunión con el Ministerio de Educación porteño, se logró que siga funcionando. Se debatirá en una mesa de trabajo.",Melisa Molina,2025-12-03 03:01:00+00:00,https://www.pagina12.com.ar/2025/12/03/un-profesorado-que-resiste-el-cierre/,sociedad
Bitcoin entra en fase bajista: qué significa para el mundo y qué impacto puede tener en Argentina,Corrección profunda en el mercado de las cripto,Por falta de objetividad en su desempeño,Inteligencia Argentina,2025-12-03 03:01:00+00:00,https://www.pagina12.com.ar/2025/12/02/bitcoin-entra-en-fase-bajista-que-significa-para-el-mundo-y-que-impacto-puede-tener-en-argentina/,sociedad
Efemérides de hoy: qué pasó un 2 de diciembre,Hechos que ocurrieron en la Argentina y el mundo,La CGT decidió retirarse del espacio,Melisa Molina,2025-12-02 07:04:00+00:00,https://www.pagina12.com.ar/2025/12/02/efemerides-de-hoy-que-paso-un-2-de-diciembre/,sociedad
Violencia en la escuela: familiares de una estudiante agredieron a una auxiliar en Malvinas Argentinas,Sufrió quemaduras leves,La mujer que agredió a las trabajadoras está acusada del delito de lesiones y daños.,Mara Pedrazzoli,2025-12-02 03:01:00+00:00,https://www.pagina12.com.ar/2025/12/01/violencia-en-la-escuela-familiares-de-una-estudiante-agredieron-a-una-auxiliar-en-malvinas-argentinas/,sociedad
Crean una red federal para perseguir morosos de la cuota alimentaria,Autoridades de 16 provincias,"Permitirá intercambiar información entre jurisdicciones, consolidar buenas prácticas y avanzar hacia criterios técnicos comunes. También se plantea como un instrumento para mejorar las respuestas estatales ante la violencia económica y patrimonial",Mara Pedrazzoli,2025-12-02 03:01:00+00:00,https://www.pagina12.com.ar/2025/12/01/crean-una-red-federal-para-perseguir-morosos-de-la-cuota-alimentaria/,sociedad
El jurado de Enjuiciamiento debatirá los pedidos de juicio político contra los fiscales del crimen de Nora Dalmasso,En Córdoba,"Javier Di Santo, Luis Pizarro y Daniel Miralles estuvieron a cargo de la investigación por el femicidio y omitieron investigar a Roberto Bárzola, que en 2024 fue identificado como autor del crimen. Fue sobreseído ya que la causa se encuentra prescripta.",Mara Pedrazzoli,2025-12-02 03:01:00+00:00,https://www.pagina12.com.ar/2025/12/01/el-jurado-de-enjuiciamiento-debatira-los-pedidos-de-juicio-politico-contra-los-fiscales-del-crimen-de-nora-dalmasso/,sociedad
Retroceso de los temas de género y la mirada de mujeres sobre la realidad en los medios,Un informe sobre la presencia femenina en la prensa,Por falta de objetividad en su desempeño,Mariana Carbajal,2025-12-02 03:01:00+00:00,https://www.pagina12.com.ar/2025/12/02/retroceso-de-los-temas-de-genero-y-la-mirada-de-mujeres-sobre-la-realidad-en-los-medios/,sociedad
La ESI analizada por sus propios usuarios,La mirada de les estudiantes del nivel secundario,La CGT decidió retirarse del espacio,Sonia Santoro,2025-12-02 03:01:00+00:00,https://www.pagina12.com.ar/2025/12/01/la-esi-analizada-por-sus-propios-usuarios/,sociedad
La OMS recomienda que los medicamentos para adelgazar sean “accesibles universalmente”,"Ozempic, Wegovy o Mounjauro son algunos de los nombres comerciales más populares","Se calcula que existen mil millones de personas obesas y tan solo una de cada diez puede costearlos. En Argentina, los precios del esquema mensual van de 130 mil a 700 mil pesos.",Pablo Esteban,2025-12-02 03:01:00+00:00,https://www.pagina12.com.ar/2025/12/01/la-oms-recomienda-que-los-medicamentos-para-adelgazar-sean-accesibles-universalmente/,sociedad
Incertidumbre en la Antártida: dos profesores universitarios están varados y no saben cuando vuelven,En la Base Marambio,"Dos docentes viajaron por una actividad académica. Debían permanecer tres días, pero llevan casi 20. Ahora, el regreso depende exclusivamente del clima.",Mara Pedrazzoli,2025-12-02 03:01:00+00:00,https://www.pagina12.com.ar/2025/12/01/incertidumbre-en-la-antartida-dos-profesores-universitarios-estan-varados-y-no-saben-cuando-vuelven/,sociedad
"“Rage Bait”, la palabra del año según la Universidad de Oxford",¿Qué significa?,"Oxford eligió el término que marcó 2025, cuyo uso se triplicó en un año en plena era de la indignación y el vuelco de esa energía en las redes sociales y en el internet. Define una táctica digital que explota la indignación.",Melisa Molina,2025-12-02 03:01:00+00:00,https://www.pagina12.com.ar/2025/12/01/rage-bait-la-palabra-del-ano-segun-la-universidad-de-oxford/,sociedad
Una ambulancia chocó contra el Metrobús: dos heridos,En Núñez,La CGT decidió retirarse del espacio,Melisa Molina,2025-12-02 03:01:00+00:00,https://www.pagina12.com.ar/2025/12/01/una-ambulancia-choco-contra-el-metrobus-dos-heridos/,sociedad
Apuñalaron y mataron a un joven,Trágica fiesta de egresados en Córdoba,La CGT decidió retirarse del espacio,Melisa Molina,2025-12-01 03:01:00+00:00,https://www.pagina12.com.ar/2025/11/30/apunalaron-y-mataron-a-un-joven/,sociedad
"Tallar el amor, contra el olvido","Néstor Confalonieri, un escultor patagónico",Por falta de objetividad en su desempeño,Patricia Chaina,2025-12-01 03:01:00+00:00,https://www.pagina12.com.ar/2025/11/30/tallar-el-amor-contra-el-olvido/,sociedad
"Lima, renovada: se inauguró una nueva intervención artística en la Línea A",Obra en el subte,"Una nueva instalación evocó la esencia de la Avenida de Mayo. El Pasaje Lima fue transformado con arte, luz y restauración. La obra forma parte del plan integral de renovación de estaciones.",Melisa Molina,2025-12-01 00:02:30.156000+00:00,https://www.pagina12.com.ar/2025/12/01/lima-renovada-se-inauguro-una-nueva-intervencion-artistica-en-la-linea-a/,sociedad
La familia de Pablo Grillo compartió un mensaje por su cumpleaños y renovó el pedido de justicia,Celebraron sus 36 años,"El fotógrafo continúa atravesando un complejo proceso de rehabilitación luego de afrontar siete cirugías de cráneo, con motivo de haber sido herido por un disparo de gas lacrimógeno durante la marcha de jubilados del pasado 12 de marzo en el Congreso.",Mara Pedrazzoli,2025-11-30 23:37:40.136000+00:00,https://www.pagina12.com.ar/2025/11/30/la-familia-de-pablo-grillo-compartio-un-mensaje-por-su-cumpleanos-y-renovo-el-pedido-de-justicia/,sociedad
El arte de la caligrafía japonesa en Buenos Aires,La exposición del maestro calígrafo Ryuho Hamano en la Biblioteca del Congreso,Grandes telas y pergaminos con poesía y prosa escritas con un pincel que agrega belleza visual al lenguaje. Un diálogo con el calígrafo sobre el uso de la mano para escribir en los tiempos del teclado.,Julián Varsavsky,2025-11-30 20:33:55.472000+00:00,https://www.pagina12.com.ar/2025/11/29/el-arte-de-la-caligrafia-japonesa-en-buenos-aires/,sociedad
California: tiroteo en un cumpleaños infantil,Cuatro muertos y al menos diez heridos,No hay detenidos hasta el momento.,Mara Pedrazzoli,2025-11-30 13:44:32.607000+00:00,https://www.pagina12.com.ar/2025/11/30/california-tiroteo-en-un-cumpleanos-infantil/,sociedad
Efemérides de hoy: qué pasó un 30 de noviembre,Hechos que ocurrieron en la Argentina y el mundo,Por falta de objetividad en su desempeño,Mara Pedrazzoli,2025-11-30 11:33:38.002000+00:00,https://www.pagina12.com.ar/2025/11/30/efemerides-de-hoy-que-paso-un-30-de-noviembre/,sociedad
Clima en Buenos Aires: el pronóstico del tiempo para este domingo 30 de noviembre,¿Hasta cuándo seguirá la lluvia?,El Servicio Meteorológico Nacional estima una jornada con temperaturas de entre 17 y 20 grados.,Melisa Molina,2025-11-30 10:00:00+00:00,https://www.pagina12.com.ar/2025/11/30/clima-en-buenos-aires-el-pronostico-del-tiempo-para-este-domingo-30-de-noviembre/,sociedad
La causa Diego Fernández Lima vuelve a foja cero,Dieron marcha atrás al sobreseimiento de Christian Graf,El cuerpo del adolescente desaparecido en 1984 apareció en casa de un excompañero de colegio.,Mara Pedrazzoli,2025-11-30 03:01:00+00:00,https://www.pagina12.com.ar/2025/11/30/la-causa-diego-fernandez-lima-vuelve-a-foja-cero/,sociedad
Un turco murió en Cañuelas,"La carátula de la causa es ""averiguación de causales de muerte""","Eve Saravoglu, de 24 años, fue encontrado en la Ruta 3. El principal sospechoso, otro joven de Turquía, habría escapado hacia Marruecos.",Mara Pedrazzoli,2025-11-30 03:01:00+00:00,https://www.pagina12.com.ar/2025/11/30/un-turco-murio-en-canuelas/,sociedad
Detuvieron a un hombre que abusó de su hija durante 30 años,Tenía pedido de captura nacional,El hombre detenido en Entre Ríos habría tenido dos hijos con su víctima. Las agresiones sexuales comenzaron cuando ella tenía solo seis años.,Mara Pedrazzoli,2025-11-29 03:01:00+00:00,https://www.pagina12.com.ar/2025/11/28/detuvieron-a-un-hombre-que-abuso-de-su-hija-durante-30-anos/,sociedad
El PRO intentó tomar distancia de la diputada Marilú Quiróz y su evento antivacunas en el Congreso,Expresó su postura en favor de la vacunación,"“No podemos naturalizar este retroceso. Vacunarse no es una opinión: es una responsabilidad individual y colectiva”, remarcó el partido en un comunicado luego de que una de sus integrantes diera lugar a discursos anticientíficos.",Mara Pedrazzoli,2025-11-29 03:01:00+00:00,https://www.pagina12.com.ar/2025/11/28/el-pro-intento-tomar-distancia-de-la-diputada-marilu-quiroz-y-su-evento-antivacunas-en-el-congreso/,sociedad
Detuvieron a la adolescente prófuga,Acusada por el crimen de Santiago Nahuel López Monte,La joven de 16 años acusada de haber apuñalado a su novio fue econtrada durante un allanamiento en la casa de un familiar en la localidad de La Matanza.,Mara Pedrazzoli,2025-11-29 03:01:00+00:00,https://www.pagina12.com.ar/2025/11/28/detuvieron-a-la-adolescente-profuga/,sociedad
Prisión perpetua para el femicida de Romina Videla,Justicia por un femicidio durante la cuarentena,"Héctor Carrizo fue sentenciado por incendiar el domicilio que compartía con su pareja para matarla, por no socorrerla y por el contexto de violencia de género.",Mara Pedrazzoli,2025-11-29 03:01:00+00:00,https://www.pagina12.com.ar/2025/11/28/prision-perpetua-para-el-femicida-de-romina-videla/,sociedad
Violencia policial en Córdoba,"Dos policías fueron detenidos acusados de haber matado a golpes a un hombre de 24 años en Villa Parque Siquiman, Córdoba.","Samuel Tobares, de 34 años, fue golpeado de manera brutal por dos policías y murió antes de llegar al hospital. El fiscal Ricardo Mazzuchi ordenó la detención de los dos policías.",Melisa Molina,2025-11-29 03:01:00+00:00,https://www.pagina12.com.ar/2025/11/29/violencia-policial-en-cordoba/,sociedad
Caso Cecilia Strzyzowski: las últimas palabras de la familia Sena antes de conocer las penas,Femicidio en Chaco,Por falta de objetividad en su desempeño,Mara Pedrazzoli,2025-11-28 22:24:27.563000+00:00,https://www.pagina12.com.ar/2025/11/28/caso-cecilia-strzyzowski-las-ultimas-palabras-de-la-familia-sena-antes-de-conocer-las-penas/,sociedad
Tigre: una joven fue atacada a la salida de un boliche,Por ser influencer en Tik Tok,Cinco mujeres hirieron a una creadora de contenido en redes sociales. Las agresoras tienen una causa abierta por lesiones.,Mara Pedrazzoli,2025-11-28 22:12:36.135000+00:00,https://www.pagina12.com.ar/2025/11/28/tigre-una-joven-fue-atacada-a-la-salida-de-un-boliche/,sociedad
Suspendieron las clases en la UNLP por una amenaza,Mandaron fotos de armas de guerra,Sucedió en la Facultad de Artes en la Universidad de La Plata. Las autoridades reportaron que recibieron un mensaje en el que prometían “fusilarlos a todos”.,Mara Pedrazzoli,2025-11-28 21:08:18.442000+00:00,https://www.pagina12.com.ar/2025/11/28/suspendieron-las-clases-en-la-unlp-por-una-amenaza/,sociedad
Furor por la visita de Rosalía en Buenos Aires: las repercusiones tras el lanzamiento del álbum “LUX”,Los emoción de los fans,Fue al concierto de Cindy Cats en el estadio de Ferro. Hoy brinda dos entrevistas: una en un canal de streaming y otra en televisión.,Melisa Molina,2025-11-28 16:06:25.567000+00:00,https://www.pagina12.com.ar/2025/11/28/furor-por-la-visita-de-rosalia-en-buenos-aires-las-repercusiones-tras-el-lanzamiento-del-album-lux/,sociedad
Se conocerán las penas contra la familia Sena y los encubridores del crimen de Cecilia Strzyzowski,Femicidio en Chaco,"La fiscalía y la querella solicitaron la prisión perpetua para César Sena y Emerenciano Sena y Marcela Acuña, expareja y autor del delito contra Cecilia, y padres del presunto femicida. Las diferencias entre los abogados querellantes y los fiscales sobre las penas para los condenados por encubridores.",Mara Pedrazzoli,2025-11-28 14:44:55.682000+00:00,https://www.pagina12.com.ar/2025/11/28/se-conoceran-las-penas-contra-la-familia-sena-y-los-encubridores-del-crimen-de-cecilia-strzyzowski/,sociedad
Cáncer de piel: ¿cómo actúa la nueva vacuna desarrollada por científicos argentinos?,Se llama Vaccimel y fue elaborada por un laboratorio local,"A diferencia de las tradicionales, esta no es preventiva, sino que se aplica cuando las personas ya tienen la enfermedad. Una herramienta orientada a pacientes que cursan melanoma en una fase temprana.",Pablo Esteban,2025-11-28 03:01:00+00:00,https://www.pagina12.com.ar/2025/11/27/cancer-de-piel-como-actua-la-nueva-vacuna-desarrollada-por-cientificos-argentinos/,sociedad
Un insólito panel antivacunas en el Congreso tuvo su respuesta con otro evento basado en la ciencia,Jornada inédita en la Cámara de Diputados,"El “debate” antivacunas fue organizado por una diputada del PRO. En paralelo, una mesa plenaria enfatizó la importancia de sostener la vacunación como política pública fundamental para la salud.",Melisa Molina,2025-11-27 23:23:25.911000+00:00,https://www.pagina12.com.ar/2025/11/27/un-insolito-panel-antivacunas-en-el-congreso-tuvo-su-respuesta-con-otro-evento-basado-en-la-ciencia/,sociedad
Policías detenidos por torturas en Moreno,Violencia institucional denunciada por la Comisión Provincial por la Memoria,Los tres agentes son acusados de haber vejado con corriente eléctrica a personas detenidas en la Comisaría Primera de Moreno.,Juan Funes,2025-11-27 22:01:39.983000+00:00,https://www.pagina12.com.ar/2025/11/27/policias-detenidos-por-torturas-en-moreno/,sociedad
Violento robo a turistas argentinos en Chile: desvalijaron a 60 pasajeros,Golpe comando cerca de la Cuesta de Chacabuco,Por falta de objetividad en su desempeño,Mara Pedrazzoli,2025-11-27 21:47:29.750000+00:00,https://www.pagina12.com.ar/2025/11/27/violento-robo-a-turistas-argentinos-en-chile-desvalijaron-a-60-pasajeros/,sociedad
Los carpinchos ganaron en Nordelta: la Justicia ordenó que el barrio se adecue al humedal,Freno al avance inmobiliario,"El tribunal de San Martín priorizó la fauna autóctona y obligó a revisar rellenos, cercos y “controles” sobre la especie.",Mara Pedrazzoli,2025-11-27 20:36:38.065000+00:00,https://www.pagina12.com.ar/2025/11/27/los-carpinchos-ganaron-en-nordelta-la-justicia-ordeno-que-el-barrio-se-adecue-al-humedal/,sociedad
Reabre la estación Carlos Gardel de la línea B después de tres meses de obras,Este lunes,"Luego de tres meses de obras, la emblemática estación de la línea B vuelve a estar operativa. Otras seis estaciones siguen cerradas.",Mara Pedrazzoli,2025-11-27 20:04:06.424000+00:00,https://www.pagina12.com.ar/2025/11/27/reabre-la-estacion-carlos-gardel-de-la-linea-b-despues-de-tres-meses-de-obras/,sociedad
Autorizan operar a un recién nacido pese a la oposición de los padres,Una pareja de Testigos de Jehová rechazó la posibilidad de una transfusión para su bebé,La CGT decidió retirarse del espacio,Melisa Molina,2025-11-27 19:43:00.927000+00:00,https://www.pagina12.com.ar/2025/11/27/autorizan-operar-a-un-recien-nacido-pese-a-la-oposicion-de-los-padres/,sociedad
Quién era la mujer que murió tras caerse por un acantilado en Mar del Plata,Conmoción en la costa argentina,La periodista Leticia Lembi tenía 33 años y era oriunda de Tres Arroyos. Se encontraba en la ciudad por una actividad laboral. La Justicia investiga el hecho como una muerte accidental.,Mara Pedrazzoli,2025-11-27 19:28:38.079000+00:00,https://www.pagina12.com.ar/2025/11/27/quien-era-la-mujer-que-murio-tras-caerse-por-un-acantilado-en-mar-del-plata/,sociedad
Un colectivero atropelló y mató a una mujer que cruzaba por la senda peatonal,Se distrajo al tomar una curva,"La mujer fue atendida en el lugar por el SAME y trasladada al Hospital Pirovano, pero falleció el mismo día del accidente por la gravedad de las heridas.",Mara Pedrazzoli,2025-11-27 18:39:30.181000+00:00,https://www.pagina12.com.ar/2025/11/27/un-colectivero-atropello-y-mato-a-una-mujer-que-cruzaba-por-la-senda-peatonal/,sociedad
Todos los detalles de la nueva vacuna del Conicet para tratar el cáncer de piel,"""Es para pacientes que tienen la enfermedad""",La vacuna terapéutica Vaccimel comenzó a aplicarse en el Hospital María Curie. Es efectiva en estadios tempranos de melanoma. Representa más de treinta años de investigación pública.,Mara Pedrazzoli,2025-11-27 18:10:48.292000+00:00,https://www.pagina12.com.ar/2025/11/27/todos-los-detalles-de-la-nueva-vacuna-del-conicet-para-tratar-el-cancer-de-piel/,sociedad
Incendio en Hong Kong deja decenas de víctimas,La peor tragedia en décadas golpea un conjunto residencial,El fuego que comenzó en los andamios de bambú se extendió por varias torres de Wang Fuk Court. Duró más de 20 horas y exigió un enorme operativo de rescate.,Mara Pedrazzoli,2025-11-27 03:01:00+00:00,https://www.pagina12.com.ar/2025/11/26/incendio-en-hong-kong-deja-decenas-de-victimas/,sociedad
"240 mujeres denuncian abuso facilitado por drogas, en el Ministerio de Cultura de Francia",Un alto funcionario francés les habría administrado diuréticos,Un alto funcionario francés habría administrado diuréticos y fotografiado mujeres sin su consentimiento. Empezó a ser denunciado en 2019 y el proceso aun no empezó.,Mara Pedrazzoli,2025-11-27 03:01:00+00:00,https://www.pagina12.com.ar/2025/11/26/240-mujeres-denuncian-abuso-facilitado-por-drogas-en-el-ministerio-de-cultura-de-francia/,sociedad
Una resolución para proteger a las infancias,El Parlamento Europeo aprobó una restricción de edad para redes sociales,Los eurodiputados aprobaron por mayoría una resolución para restringir el uso de las redes sociales en función de salvaguardar la salud mental de las infancias y adolescencias.,Mara Pedrazzoli,2025-11-27 00:24:40.443000+00:00,https://www.pagina12.com.ar/2025/11/27/una-resolucion-para-proteger-a-las-infancias/,sociedad
Aeroparque cerró más de una hora por un operativo de seguridad,"Los especialistas consideraron que fue una ""falsa alarma""",Un “objeto desatendido” en el acceso al preembarque de cabotaje generó demoras superiores a los 60 minutos y el fastidio y temor de los presentes.,Mara Pedrazzoli,2025-11-26 21:47:57.368000+00:00,https://www.pagina12.com.ar/2025/11/26/aeroparque-cerro-mas-de-una-hora-por-un-operativo-de-seguridad/,sociedad
La Ciudad aplicará una nueva sanción a quienes usen vehículos para cometer delitos,Cruce de datos y mano dura,"La Ciudad implementará un sistema para retirarle la licencia de conducir a quienes hayan cometido delitos utilizando autos o motos. Según el Gobierno porteño, más de mil detenidos en lo que va del año actuaron a bordo de vehículos.",Mara Pedrazzoli,2025-11-26 15:56:15.412000+00:00,https://www.pagina12.com.ar/2025/11/26/la-ciudad-aplicara-una-nueva-sancion-a-quienes-usen-vehiculos-para-cometer-delitos/,sociedad
"Black Friday Argentina 2025: cuándo es, los descuentos y consejos para no caer en estafas",Claves para compras seguras,"El reconocido evento de origen estadounidense vuelve a reunir a marcas, tiendas virtuales y comercios con rebajas especiales. Muchas empresas argentinas se suman a la fecha. Habrá descuentos de hasta el 50% y opciones de financiamiento. Las autoridades recomiendan cuidados para evitar fraudes digitales.",Mara Pedrazzoli,2025-11-26 15:38:22.876000+00:00,https://www.pagina12.com.ar/2025/11/26/black-friday-argentina-2025-cuando-es-los-descuentos-y-consejos-para-no-caer-en-estafas/,sociedad
"Diego García, el ex mediocampista de Estudiantes, fue condenado por la violación a una jugadora de hockey",Seis años y ocho meses de cárcel,"Fue detenido inmediatamente. El abogado de la víctima adelantó que apelará la decisión del arresto domiciliario en La Plata hasta quede firme la condena. En tanto, la defensa del abusador apelará el fallo.",Mara Pedrazzoli,2025-11-26 15:14:15.805000+00:00,https://www.pagina12.com.ar/2025/11/26/diego-garcia-el-ex-mediocampista-de-estudiantes-fue-condenado-por-la-violacion-a-una-jugadora-de-hockey/,sociedad
Impactante choque y vuelco en Almagro,Quito y Colombres,La CGT decidió retirarse del espacio,Melisa Molina,2025-11-26 11:48:12.096000+00:00,https://www.pagina12.com.ar/2025/11/26/impactante-choque-y-vuelco-en-almagro/,sociedad
Clima en Buenos Aires: el pronóstico del tiempo para este miércoles 26 de noviembre,Calor en el AMBA,El SMN indicó que la temperatura máxima llegará a los 31 grados,Melisa Molina,2025-11-26 10:13:43.962000+00:00,https://www.pagina12.com.ar/2025/11/26/clima-en-buenos-aires-el-pronostico-del-tiempo-para-este-miercoles-26-de-noviembre/,sociedad
Efemérides de hoy: qué pasó un 26 de noviembre,Hechos que ocurrieron en la Argentina y el mundo,Por falta de objetividad en su desempeño,Mara Pedrazzoli,2025-11-26 07:04:00+00:00,https://www.pagina12.com.ar/2025/11/26/efemerides-de-hoy-que-paso-un-26-de-noviembre/,sociedad
"Baja la vacunación, sube el sarampión","Tras confirmar cuatro casos, el ministerio de Salud emitió una alerta epidemiológica","En salud pública, no hay demasiados secretos: si la población deja de inmunizarse, aquellas enfermedades que se creían eliminadas, reaparecen. Para colmo, el problema es mundial: en lo que va de 2025, América sufrió 30 veces más contagios que en 2024.",Pablo Esteban,2025-11-26 00:24:10.349000+00:00,https://www.pagina12.com.ar/2025/11/26/baja-la-vacunacion-sube-el-sarampion/,sociedad
La justicia y la mirada de género,Informe de la UFEM sobre violencia machista,Por falta de objetividad en su desempeño,Mara Pedrazzoli,2025-11-25 23:10:00+00:00,https://www.pagina12.com.ar/2025/11/24/el-53-de-los-asesinatos-de-mujeres-en-caba-fueron-calificados-como-femicidios/,sociedad
Celebran el cumpleaños del fotógrafo Pablo Grillo con un festival solidario,En la Estación Darío y Maxi en Avellaneda,"“Pablo Cumple” se llevará a cabo este domingo 30 de noviembre a partir de las 14 horas, con la participación de bandas en vivo como Las Armas, WRRN, Electrochongo, Kuri, Pequeño Bambi y Maljazz. La entrada es un alimento no perecedero que será destinado a comedores o espacios de jubilados del municipio.",Melisa Molina,2025-11-25 22:49:50.179000+00:00,https://www.pagina12.com.ar/2025/11/25/celebran-el-cumpleanos-del-fotografo-pablo-grillo-con-un-festival-solidario-en-la-estacion-dario-y-maxi-en-avellaneda/,sociedad
Cuatro nuevos detenidos por el robo al Louvre,Ya son ocho los capturados por el ilícito que recorrió al mundo,Todos son de origen parisino y no se difundió cuáles son las sospechas que pesan sobre ellos. Tres de los autores materiales del robo ya habían sido apresados.,Melisa Molina,2025-11-25 22:41:04.628000+00:00,https://www.pagina12.com.ar/2025/11/25/cuatro-nuevos-detenidos-por-el-robo-al-louvre/,sociedad
"Detienen a un concejal de La Libertad Avanza: 1,15 de alcohol, copas en la mano y un BMW sin patente","Ocurrió en San Rafael, Mendoza","Martín Antolín debió pagar casi 4 millones de pesos, quedó inhabilitado para conducir por un año y este miércoles deberá dar explicaciones políticas en una sesión que apunta a su destitución.",Mara Pedrazzoli,2025-11-25 21:51:55.008000+00:00,https://www.pagina12.com.ar/2025/11/25/detienen-a-un-concejal-de-la-libertad-avanza-115-de-alcohol-copas-en-la-mano-y-un-bmw-sin-patente/,sociedad
Cómo los proyectos solares comunitarios pueden transformar las ciudades argentinas,No disponible,Por falta de objetividad en su desempeño,Mara Pedrazzoli,2025-11-25 21:20:12.926000+00:00,https://www.pagina12.com.ar/2025/11/25/como-los-proyectos-solares-comunitarios-pueden-transformar-las-ciudades-argentinas/,sociedad
Bajaron del avión al cantante venezolano “El Puma” José Luis Rodríguez,Se peleó con un tripulante,La pelea con el personal de cabina comenzó cuando el artista guardó su carry-on de manera incorrecta en el compartimiento superior. Un pasajero filmó parte de la discusión.,Mara Pedrazzoli,2025-11-25 20:51:10.136000+00:00,https://www.pagina12.com.ar/2025/11/25/bajaron-del-avion-al-cantante-venezolano-el-puma-jose-luis-rodriguez/,sociedad
El peor momento del SIDA “en décadas”,Por falta de financiación internacional,"Onusida, el programa de la ONU contra el VIH, publicó un documento donde denuncia principalmente la quita de aportes estadounidenses, lo que motivó una baja en acceso a medicamentos y campañas.",Mara Pedrazzoli,2025-11-25 20:40:40.094000+00:00,https://www.pagina12.com.ar/2025/11/25/el-peor-momento-del-sida-en-decadas/,sociedad
La autopista Dellepiane estará cerrada durante tres noches,Desde este martes al jueves de 22 a 5,Por falta de objetividad en su desempeño,Mara Pedrazzoli,2025-11-25 20:00:15.746000+00:00,https://www.pagina12.com.ar/2025/11/25/la-autopista-dellepiane-estara-cerrada-durante-tres-noches/,sociedad
Alerta en Entre Ríos por posible exposición a casos de sarampión en un micro de larga distancia,Preocupación por los discursos antivacunas,Las autoridades sanitarias recomiendan asistir a una consulta médica ante la aparición de los primeros síntomas compatibles con la enfermedad.,Mara Pedrazzoli,2025-11-25 18:13:19.825000+00:00,https://www.pagina12.com.ar/2025/11/25/alerta-en-entre-rios-por-posible-exposicion-a-casos-de-sarampion-en-un-micro-de-larga-distancia/,sociedad
Muerte de un sargento en Misiones: exhumaron el cuerpo para hacerle una autopsia,"¿Suicidio, crimen o accidente?","Gonzalo Tuama tenía 39 años. Falleció al recibir un impacto de bala de un FAL. Investigan el sospechoso accionar de las autoridades militares, que habían entregado el cuerpo a la familia para su entierro sin hacer pericias.",Mara Pedrazzoli,2025-11-25 03:01:00+00:00,https://www.pagina12.com.ar/2025/11/24/muerte-de-un-sargento-en-misiones-exhumaron-el-cuerpo-para-hacerle-una-autopsia/,sociedad
Se viene el Cordobazo,La delegación cordobesa le ganó a la porteña,"Como se hace históricamente, la sede se definió a través del aplausómetro.",Mara Pedrazzoli,2025-11-25 03:01:00+00:00,https://www.pagina12.com.ar/2025/11/24/se-viene-el-cordobazo/,sociedad
Feriado repleto de choques en Capital Federal,Menos tránsito pero muchos accidentes,La CGT decidió retirarse del espacio,Melisa Molina,2025-11-25 03:01:00+00:00,https://www.pagina12.com.ar/2025/11/25/feriado-repleto-de-choques-en-capital-federal/,sociedad
Rechazaron el pedido de detención de la exjueza Julieta Makintach,Juicio por la muerte de Maradona,Tiene prohibido mantener contacto con los testigos del proceso para mantener su libertad.,Melisa Molina,2025-11-25 03:01:00+00:00,https://www.pagina12.com.ar/2025/11/24/rechazaron-el-pedido-de-detencion-de-la-exjueza-julieta-makintach/,sociedad
Incendio en Lomas de Zamora: no hay heridos y dos fábricas fueron afectadas,Decenas de evacuados y 16 dotaciones de bomberos,Por falta de objetividad en su desempeño,Mara Pedrazzoli,2025-11-25 03:01:00+00:00,https://www.pagina12.com.ar/2025/11/25/incendio-en-lomas-de-zamora-no-hay-heridos-y-dos-fabricas-fueron-afectadas/,sociedad
Denuncian una posible red de explotación sexual detrás de la policía tiktoker,Nicole V. fue denunciada junto a una compañera por usurpación de títulos y honores,La CGT decidió retirarse del espacio,Melisa Molina,2025-11-24 20:42:42.852000+00:00,https://www.pagina12.com.ar/2025/11/24/denuncian-una-posible-red-de-explotacion-sexual-detras-de-la-policia-tiktoker/,sociedad
¿Cuándo es el próximo feriado en Argentina?,Calendario oficial 2025,"Diciembre trae dos feriados. Sin embargo, uno solo genera un fin de semana largo.",Mara Pedrazzoli,2025-11-24 15:59:27.460000+00:00,https://www.pagina12.com.ar/2025/11/24/cuando-es-el-proximo-feriado-en-argentina/,sociedad
Clima en Buenos Aires: el pronóstico del tiempo para este lunes 24 de noviembre,Feriado con más calor,Por falta de objetividad en su desempeño,Mara Pedrazzoli,2025-11-24 10:28:56.600000+00:00,https://www.pagina12.com.ar/2025/11/24/clima-en-buenos-aires-el-pronostico-del-tiempo-para-este-lunes-24-de-noviembre/,sociedad
Efemérides de hoy: qué pasó un 24 de noviembre,Hechos que ocurrieron en la Argentina y el mundo,Por falta de objetividad en su desempeño,Mara Pedrazzoli,2025-11-24 07:04:00+00:00,https://www.pagina12.com.ar/2025/11/24/efemerides-de-hoy-que-paso-un-24-de-noviembre/,sociedad
"El feminismo sindical, presente","El 38 Encuentro Plurinacional de Mujeres, Lesbianas, Travestis, Trans y No Binaries",El ojo estuvo puesto en la flexibilización laboral que impulsa el Gobierno.,Euge Murillo,2025-11-24 03:01:00+00:00,https://www.pagina12.com.ar/2025/11/24/el-feminismo-sindical-presente/,sociedad
Efemérides de hoy: qué pasó un 23 de noviembre,Hechos que ocurrieron en la Argentina y el mundo,Por falta de objetividad en su desempeño,Mara Pedrazzoli,2025-11-23 12:08:36.222000+00:00,https://www.pagina12.com.ar/2025/11/23/efemerides-de-hoy-que-paso-un-23-de-noviembre/,sociedad
Clima en Buenos Aires: el pronóstico del tiempo para este domingo 23 de noviembre,Empieza a subir el termómetro,Por falta de objetividad en su desempeño,Mara Pedrazzoli,2025-11-23 10:00:00+00:00,https://www.pagina12.com.ar/2025/11/23/clima-en-buenos-aires-el-pronostico-del-tiempo-para-este-domingo-23-de-noviembre/,sociedad
Corrientes proyecta la lucha de los feminismos,"El 38 Encuentro Plurinacional de Mujeres, Lesbianas, Travestis, Trans y No Binaries.",Miles se reunieron en la capital correntina a fortalecer la organización feminista.,Euge Murillo,2025-11-23 05:31:00+00:00,https://www.pagina12.com.ar/2025/11/23/corrientes-proyecta-la-lucha-de-los-feminismos-2/,sociedad
Peligro antivacuna: crece la influencia de los enemigos n° 1 de la salud pública,El país vive “una caída histórica” en las coberturas de vacunación infantil y adolescente,"La Sociedad Argentina de Pediatría sostiene que enfermedades eliminadas como la hepatitis, la tos convulsa, el sarampión o la polio podrían volver. Los efectos del relato negacionista comienzan a traducirse en cifras preocupantes.",Pablo Esteban,2025-11-23 03:01:00+00:00,https://www.pagina12.com.ar/2025/11/22/peligro-antivacuna-crece-la-influencia-de-los-enemigos-n-1-de-la-salud-publica/,sociedad
Otra vez humo en el Polo Industrial de Ezeiza,Un foco ígneo en teoría apagado volvió a activarse,La aparente calma tras el incendio de la semana pasada se terminó por el resurgimiento del fuego en el mismo lugar. Empresarios y vecinos lamentan el peligro y la incertidumbre de los últimos días.,Mara Pedrazzoli,2025-11-23 03:01:00+00:00,https://www.pagina12.com.ar/2025/11/22/otra-vez-humo-en-el-polo-industrial-de-ezeiza/,sociedad
Finalizó la COP30 en Brasil con un acuerdo débil,Sin hoja de ruta para reducir los combustibles fósiles,La trigésima edición de la Cumbre Climática obtuvo un acuerdo poco ambicioso que rememoró a las dos citas anteriores.,Mara Pedrazzoli,2025-11-23 03:01:00+00:00,https://www.pagina12.com.ar/2025/11/23/finalizo-la-cop30-en-brasil-con-un-acuerdo-debil/,sociedad
"“En Argentina, en 2025, hay un femicidio cada 28 horas”",Primer día del encuentro con marcha contra los travesticidios,El documento de apertura reclama “hablar de Loan Peña” y se denuncian los ataques de Milei a las políticas de género.,Mara Pedrazzoli,2025-11-23 03:01:00+00:00,https://www.pagina12.com.ar/2025/11/23/en-argentina-en-2025-hay-un-femicidio-cada-28-horas/,sociedad
Le prohibieron a un docente enseñar el “Índice de abuelidad” en la Universidad de San Luis,Negacionismo en el aula,"El responsable del curso, quien censuró la clase con perspectiva en derechos humanos, realiza publicaciones en las redes sociales reivindicando la figura de Jorge Rafael Videla.",Mara Pedrazzoli,2025-11-23 03:01:00+00:00,https://www.pagina12.com.ar/2025/11/22/le-prohibieron-a-un-docente-ensenar-el-indice-de-abuelidad-en-la-universidad-de-san-luis/,sociedad
"El papa León XIV aceptó la renuncia del obispo de Cádiz, Rafael Zornoza, acusado de pederastia",Por delitos cometidos entre 1994 y el 2000,"El Vaticano nombró como administrador apostólico al obispo auxiliar de Sevilla, monseñor Ramón Valdivia.",Mara Pedrazzoli,2025-11-22 18:00:53.316000+00:00,https://www.pagina12.com.ar/2025/11/22/el-papa-leon-xiv-acepto-la-renuncia-del-obispo-de-cadiz-rafael-zornoza-acusado-de-pederastia/,sociedad
Detuvieron a Jair Bolsonaro por orden del Supremo Tribunal Federal,Tras ser condenado a 27 años de cárcel por intento de Golpe de Estado,El exmandatario y dirigente ultraderechista brasileño se encontraba cumpliendo la detención de forma domiciliaria.,Mara Pedrazzoli,2025-11-22 12:48:19.155000+00:00,https://www.pagina12.com.ar/2025/11/22/detuvieron-a-jair-bolsonaro-por-orden-del-supremo-tribunal-federal/,sociedad
"Llega la Noche de las Librerías: ofertas en libros, charlas y actividades",Del 24 al 30 de noviembre,El Ministerio de Cultura porteño presenta su programación para este fin de semana y la semana del 24 al 30 de noviembre.,Mara Pedrazzoli,2025-11-21 18:19:32.023000+00:00,https://www.pagina12.com.ar/2025/11/21/llega-la-noche-de-las-librerias-ofertas-en-libros-charlas-y-actividades/,sociedad
Descartaron que el cuerpo encontrado en las costas de Santa Cruz sea de uno de los jubilados desaparecidos,Lo confirmaron las autoridades,"A 40 días de la desaparición de Kreder y Morales, el hallazgo de un cuerpo reactivó la investigación. Sin embargo, los análisis forenses descartaron que sea alguno de ellos.",Mara Pedrazzoli,2025-11-21 15:22:30.152000+00:00,https://www.pagina12.com.ar/2025/11/21/encontraron-un-cuerpo-en-las-costas-de-santa-cruz-los-investigadores-de-chubut-analizan-si-es-uno-de-los-jubilados-desaparecidos/,sociedad
"Tras la polémica con un director del concurso, la representante de México se coronó Miss Universo",Las palabras de Fátima Bosch tras el triunfo,"Había sido calificada de “tonta” por un ejecutivo del certamen y su respuesta se viralizó. Recibió el apoyo de la presidenta Claudia Sheinbaum, de representantes de la ONU Mujeres y de colegas y activistas.",Melisa Molina,2025-11-21 13:27:37.231000+00:00,https://www.pagina12.com.ar/2025/11/21/tras-la-polemica-con-un-director-del-concurso-la-representante-de-mexico-se-corono-miss-universo/,sociedad
“Enorme peligro”: la comunidad científica pide suspender el evento antivacunas en el Congreso,Carta abierta a Martín Menem,"La organizadora del encuentro es la diputada Marilú Quiróz, que cuestiona el calendario de vacunación y a los organismos sanitarios de control estatal.",Mara Pedrazzoli,2025-11-21 12:51:06.271000+00:00,https://www.pagina12.com.ar/2025/11/21/enorme-peligro-la-comunidad-cientifica-pide-suspender-el-evento-antivacunas-en-el-congreso/,sociedad
Fin de semana largo: el cronograma de servicios públicos para este viernes 21 y lunes 24 de noviembre,En la Ciudad,"Bancos, hospitales, trenes y subtes, cómo funcionarán durante estos cuatro días de descanso",Melisa Molina,2025-11-21 11:45:51.629000+00:00,https://www.pagina12.com.ar/2025/11/21/fin-de-semana-largo-el-cronograma-de-servicios-publicos-para-este-viernes-21-y-lunes-24-de-noviembre/,sociedad
Clima en Buenos Aires: el pronóstico del tiempo para este 21 de noviembre,¿Hasta cuándo llueve?,El SMN indicó que la temperatura en el AMBA llegará a los 23 grados.,Mara Pedrazzoli,2025-11-21 09:49:44.372000+00:00,https://www.pagina12.com.ar/2025/11/21/clima-en-buenos-aires-el-pronostico-del-tiempo-para-este-21-de-noviembre/,sociedad
Efemérides de hoy: qué pasó un 21 de noviembre,Hechos que ocurrieron en la Argentina y el mundo,Por falta de objetividad en su desempeño,Mara Pedrazzoli,2025-11-21 07:04:00+00:00,https://www.pagina12.com.ar/2025/11/21/efemerides-de-hoy-que-paso-un-21-de-noviembre/,sociedad
Confirmaron que los restos hallados en Entre Ríos son del remisero que trasladó a Pablo Laurta,El informe forense determinó su identidad,"Martín Sebastián Palacio fue visto por última vez el pasado 7 de octubre en la terminal de Concordia, cuando retiró al doble femicida como pasajero.",Mara Pedrazzoli,2025-11-21 03:42:00+00:00,https://www.pagina12.com.ar/2025/11/20/confirmaron-que-los-restos-hallados-en-entre-rios-son-del-remisero-que-traslado-a-pablo-laurta/,sociedad
Piden la detención de la jueza Makintach,En el marco de la causa penal en su contra por el documental,"Tras su inhabilitación para ejercer cargos jurídicos y su destitución como jueza, Makintach ahora podría sufrir una detención preventiva por la causa penal debido al documental “Justicia Divina”.",Mara Pedrazzoli,2025-11-21 02:06:22.656000+00:00,https://www.pagina12.com.ar/2025/11/21/piden-la-detencion-de-la-jueza-makintach/,sociedad
Subte: renovarán las vías de la Línea B,Lanzaron la licitación,La CGT decidió retirarse del espacio,Melisa Molina,2025-11-21 01:23:52.723000+00:00,https://www.pagina12.com.ar/2025/11/21/subte-renovaran-las-vias-de-la-linea-b/,sociedad
"Gabriela Cabezón Cámara ganó un premio del National Book Award, habló en español y le agradeció a la escuela pública",Ceremonia en Nueva York,"Fue distinguida por su novela “Las niñas del Naranjel”, publicada en 2023. Sus palabras para los docentes argentinos.",Mara Pedrazzoli,2025-11-20 14:11:02.210000+00:00,https://www.pagina12.com.ar/2025/11/20/gabriela-cabezon-camara-gano-un-premio-del-national-book-award-hablo-en-espanol-y-le-agradecio-a-la-escuela-publica/,sociedad
Alerta por tormentas fuertes en Buenos Aires y otras seis provincias,Las zonas afectadas,La inestabilidad comenzará a partir de la tarde. También hay advertencias por vientos intensos,Mara Pedrazzoli,2025-11-20 12:01:00.101000+00:00,https://www.pagina12.com.ar/2025/11/20/alerta-por-tormentas-fuertes-en-buenos-aires-y-otras-seis-provincias/,sociedad
Clima en Buenos Aires: el pronóstico del tiempo para este jueves 20 de noviembre,Previa del fin de semana largo,El SMN anticipó que se esperan tormentas fuertes por la noche en el AMBA,Mara Pedrazzoli,2025-11-20 09:44:52.440000+00:00,https://www.pagina12.com.ar/2025/11/20/clima-en-buenos-aires-el-pronostico-del-tiempo-para-este-jueves-20-de-noviembre/,sociedad
Efemérides de hoy: qué pasó un 20 de noviembre,Hechos que ocurrieron en la Argentina y el mundo,Por falta de objetividad en su desempeño,Mara Pedrazzoli,2025-11-20 07:04:00+00:00,https://www.pagina12.com.ar/2025/11/20/efemerides-de-hoy-que-paso-un-20-de-noviembre/,sociedad
Entregaron los restos de Diego Fernández Lima a su familia,Estuvo desaparecido 41 años y aparecieron en la casa de un excompañero de colegio,"La familia espera el resultado de la apelación ante el sobreseimiento de Cristian Graf, sospechado de ser el asesino.",Mara Pedrazzoli,2025-11-20 02:19:20.043000+00:00,https://www.pagina12.com.ar/2025/11/20/entregaron-los-restos-de-diego-fernandez-lima-a-su-familia/,sociedad
San Juan: otro experimento escolar que termina en explosión,Una alumna de 10 años sufrió graves quemaduras,Por falta de objetividad en su desempeño,Mara Pedrazzoli,2025-11-20 01:04:47.402000+00:00,https://www.pagina12.com.ar/2025/11/20/san-juan-otro-experimento-escolar-que-termina-en-explosion/,sociedad
Indonesia en alerta máxima por la erupción de un volcán,Evacuaron un área de 8 km en la isla de Java,La CGT decidió retirarse del espacio,Melisa Molina,2025-11-20 00:31:39.746000+00:00,https://www.pagina12.com.ar/2025/11/20/indonesia-en-alerta-maxima-por-la-erupcion-de-un-volcan/,sociedad
Los padres de Loan pidieron que no se cierre la investigación,"""Siento que está vivo"", dijo la madre al salir de Comodoro Py",María Noguera y José Peña se presentaron en los Tribunales de Comodoro Py y exigieron que no se detenga la causa por la desaparición del niño de 5 años.,Melisa Molina,2025-11-19 23:53:15.671000+00:00,https://www.pagina12.com.ar/2025/11/19/los-padres-de-loan-pidieron-que-no-se-cierre-la-investigacion/,sociedad
No avanza el cierre de los manicomios en CABA,La Ley de Salud Mental aprobada hace 15 años establece la desmanicomialización,La Asociación Civil por la Igualdad y la Justicia (ACIJ) y el Cels denuncian que no se cumple la reducción paulatina de las internaciones.,Mara Pedrazzoli,2025-11-19 23:31:37.497000+00:00,https://www.pagina12.com.ar/2025/11/19/no-avanza-el-cierre-de-los-manicomios-en-caba/,sociedad
Otro desproporcionado operativo de Bullrich que no puede frenar el reclamo de jubilados,La marcha se trasladó de Congreso a Plaza de Mayo,Los adultos mayores volvieron a movilizarse por salarios dignos. La ministra volvió a ordenar un protocolo antipiquetes que no logró opacar el pedido desesperado de uno de los sectores más golpeados por el ajuste.,Melisa Molina,2025-11-19 22:13:52.355000+00:00,https://www.pagina12.com.ar/2025/11/19/otro-desproporcionado-operativo-de-bullrich-que-no-puede-frenar-el-reclamo-de-jubilados/,sociedad
Ofrecen una recompensa de $5 millones por datos sobre una adolescente desaparecida hace dos meses,Creen que fue secuestrada por su pareja,"Abril Romero Miranda, de 17 años, es buscada desde el 18 de septiembre. Su familia denuncia que se la llevó su pareja, un hombre de 32 años y con antecedentes por violencia de género",Mara Pedrazzoli,2025-11-19 11:49:09.556000+00:00,https://www.pagina12.com.ar/2025/11/19/ofrecen-una-recompensa-de-5-millones-por-datos-sobre-una-adolescente-desaparecida-hace-dos-meses/,sociedad
Clima en Buenos Aires: el pronóstico del tiempo para este miércoles 19 de noviembre,Jornada primaveral,El SMN indicó que la temperatura máxima llegará a los 25 grados en el AMBA,Mara Pedrazzoli,2025-11-19 10:09:09.850000+00:00,https://www.pagina12.com.ar/2025/11/19/clima-en-buenos-aires-el-pronostico-del-tiempo-para-este-miercoles-19-de-noviembre/,sociedad
Efemérides de hoy: qué pasó un 19 de noviembre,Hechos que ocurrieron en la Argentina y el mundo,Por falta de objetividad en su desempeño,Mara Pedrazzoli,2025-11-19 07:04:00+00:00,https://www.pagina12.com.ar/2025/11/19/efemerides-de-hoy-que-paso-un-19-de-noviembre/,sociedad
Un accidente digital desconectó a millones,Un gran proveedor de internet falló en EE.UU. e hizo caer a X y ChatGPT,Asoma el fantasma cyber-apocalíptico del día en que se caiga internet en todo el mundo. Las grandes infraestructuras en pocas manos. Duró unas pocas horas.,Mara Pedrazzoli,2025-11-19 01:09:45.693000+00:00,https://www.pagina12.com.ar/2025/11/19/un-accidente-digital-desconecto-a-millones/,sociedad
El Gobierno vende otro terreno público y los vecinos piden una “Micro reserva urbana”,Un predio en disputa en Almagro,Movilización al Congreso,Melisa Molina,2025-11-19 00:26:08.261000+00:00,https://www.pagina12.com.ar/2025/11/19/el-gobierno-vende-otro-terreno-publico-y-los-vecinos-piden-una-micro-reserva-urbana/,sociedad
Una escultura iluminada de León Gieco se instaló en el Estadio de Obras,Se trata de una creación de Alejandro Marmo,La obra del artista plástico compartirá espacio con la de otros grandes representantes de la cultura y la música como Spinetta y Cerati.,Mara Pedrazzoli,2025-11-19 00:21:36.775000+00:00,https://www.pagina12.com.ar/2025/11/19/una-escultura-iluminada-de-leon-gieco-se-instalo-en-el-estadio-de-obras/,sociedad
Tras caer por el hueco de un ascensor murió un niño de 1 año y 4 meses,Tragedia en Flores,"La caída fue desde el octavo piso hasta el subsuelo, aparentemente por una falla en la puerta del ascensor. Personal médico del SAME lo trasladó al Hospital Teodoro Álvarez, donde intentaron reanimarlo, pero finalmente murió a raíz de politraumatismos y un paro cardíaco.",Melisa Molina,2025-11-18 23:31:57.778000+00:00,https://www.pagina12.com.ar/2025/11/18/tras-caer-por-el-hueco-de-un-ascensor-murio-un-nino-de-1-ano-y-4-meses/,sociedad
Causa Loan Peña: desestimaron la estrategia dilatoria de la defensa,Había pedido volver al fuero provincial,"Las defensas habían argumentado que no se habían probado delitos federales como la trata de personas o el crimen organizado en el marco de la causa. No obstante, fue rechazado por el Tribunal Oral Federal de Corrientes.",Mara Pedrazzoli,2025-11-18 23:19:43.161000+00:00,https://www.pagina12.com.ar/2025/11/18/causa-loan-pena-desestimaron-la-estrategia-dilatoria-de-la-defensa/,sociedad
Confirman la condena al hijo de Pappo por violencia de género,Luciano Napolitano había sido condenado a 3 años y 8 meses de prisión,Había sido encontrado culpable de los delitos de lesiones leves agravadas por el vínculo y amenazas contra su expareja en distintos episodios ocurridos en 2020 y 2021.,Mara Pedrazzoli,2025-11-18 22:13:31.688000+00:00,https://www.pagina12.com.ar/2025/11/18/confirman-la-condena-al-hijo-de-pappo-por-vilolencia-de-genero/,sociedad
El último adiós a Juan Carlos Bolcich,Tenía 78 años de edad,"Falleció un hombre que marcó un antes y un después en la ciudad de Bariloche, Río Negro",Mara Pedrazzoli,2025-11-18 21:33:10.983000+00:00,https://www.pagina12.com.ar/2025/11/18/el-ultimo-adios-a-juan-carlos-bolcich/,sociedad
"Sífilis en aumento: los casos se incrementaron un 20,5% en el país",Más de 36 mil casos reportados,Los datos son preocupantes y salen del propio Boletín Epidemiológico Nacional (BEN) publicado por el Gobierno. Diversas organizaciones ya han denunciado el desfinanciamiento sanitario y los riesgos de desproteger a los más vulnerables contra las infecciones de transmisión sexual (ITS).,Melisa Molina,2025-11-18 15:49:32.217000+00:00,https://www.pagina12.com.ar/2025/11/18/sifilis-en-aumento-los-casos-se-incrementaron-un-205-en-el-pais/,sociedad
Una falla en el servidor Cloudflare afecta a millones de usuarios de Internet en todo el mundo,Investigan las causas,El fallo de la empresa provocó interrupciones en los servicios de numerosos sitios online y aplicaciones. La compañía informó que investiga el problema.,Mara Pedrazzoli,2025-11-18 13:45:45.037000+00:00,https://www.pagina12.com.ar/2025/11/18/una-falla-en-el-servidor-cloudflare-afecta-a-millones-de-usuarios-de-internet-en-todo-el-mundo/,sociedad
Destituyeron a la jueza Makintach por el documental sobre el juicio por la muerte de Maradona,Inhabilitada para ejercer cargos judiciales,"Su participación en “Justicia Divina”, la producción audiovisual grabada durante el debate oral y público por el fallecimiento del astro del fútbol, provocó la nulidad del proceso.",Melisa Molina,2025-11-18 13:42:52.106000+00:00,https://www.pagina12.com.ar/2025/11/18/la-jueza-makintach-fue-destituida-por-el-documental-sobre-el-juicio-por-la-muerte-de-maradona/,sociedad
Sigue la alerta por viento extremo en la Patagonia: las ráfagas podrían superar los 110 kilómetros por hora,Las zonas afectadas,Los vientos más intensos afectan a la zona costera de Santa Cruz. Las recomendaciones de las autoridades.,Melisa Molina,2025-11-18 13:28:47.307000+00:00,https://www.pagina12.com.ar/2025/11/18/sigue-la-alerta-por-viento-extremo-en-la-patagonia-las-rafagas-podrian-superar-los-110-kilometros-por-hora/,sociedad
La Anmat prohibió una marca de productos de limpieza,Por irregularidades,"Elaboraba desengrasantes y limpiadores, que se vendían en redes sociales y sitios de comercio online",Mara Pedrazzoli,2025-11-18 11:43:16.056000+00:00,https://www.pagina12.com.ar/2025/11/18/la-anmat-prohibio-una-marca-de-productos-de-limpieza/,sociedad
Clima en Buenos Aires: el pronóstico del tiempo para este martes 18 de noviembre,En el Amba,El SMN indicó que la temperatura máxima llegará a los 30 grados en el AMBA,Melisa Molina,2025-11-18 09:43:56.380000+00:00,https://www.pagina12.com.ar/2025/11/18/clima-en-buenos-aires-el-pronostico-del-tiempo-para-este-martes-18-de-noviembre/,sociedad
Efemérides de hoy: qué pasó un 18 de noviembre,Hechos que ocurrieron en la Argentina y el mundo,Movilización al Congreso,Melisa Molina,2025-11-18 07:04:00+00:00,https://www.pagina12.com.ar/2025/11/18/efemerides-de-hoy-que-paso-un-18-de-noviembre/,sociedad
Fin de semana largo noviembre 2025: qué día es feriado y cuál es no laborable,Para planificar el descanso,Noviembre llega con cambios importantes en el calendario oficial. Habrá un día no laborable y un feriado nacional trasladado. El fin de semana largo impactará en todos los sectores.,Melisa Molina,2025-11-17 23:39:44.348000+00:00,https://www.pagina12.com.ar/2025/11/17/fin-de-semana-largo-noviembre-2025-que-dia-es-feriado-y-cual-es-no-laborable/,sociedad
Impactante: tres barcos pesqueros se hundieron por las fuertes ráfagas en la Patagonia,"En el puerto Caleta Paula, Santa Cruz","Las embarcaciones estaban amarradas, aunque las defensas no soportaron el impacto continuo de las olas impulsadas por vientos que alcanzaron los 150 km/h.",Melisa Molina,2025-11-17 22:54:02.192000+00:00,https://www.pagina12.com.ar/2025/11/17/impactante-tres-barcos-pesqueros-se-hundieron-por-las-fuertes-rafagas-en-la-patagonia/,sociedad
Un juicio emblemático,La jueza y los fiscales del caso Strzyzowski destacaron la importancia del juicio,Van a pedir un certificado de defunción para Cecilia en el que figurará el femicidio como la causa de muerte.,Mara Pedrazzoli,2025-11-17 22:51:38.238000+00:00,https://www.pagina12.com.ar/2025/11/17/el-final-de-un-juicio-emblematico/,sociedad
Denuncian intento de cierre de un colegio porteño,Indican que el primer paso es su traslado,El Ministerio de Educación porteño pretende trasladar el Instituto que tiene la única tecnicatura de Gestión Ambiental de la Ciudad de Palermo a Monserrat. Docentes y estudiantes advierten que esta estrategia se ha utilizado para cerrar otros Institutos y carreras.,Melisa Molina,2025-11-17 00:02:51.368000+00:00,https://www.pagina12.com.ar/2025/11/16/la-comunidad-educativa-del-ifts-n22-denuncia-su-intento-de-cierre/,sociedad
La Academia Nacional de Medicina rechazó los tratamientos de transición de género en niños y adolescentes,Un pronunciamiento institucional,El ente difundió un comunicado en respuesta a consultas judiciales. Sostuvo que no avala intervenciones médicas ni quirúrgicas en menores. La definición se alinea con la reforma del Gobierno nacional y su despliegue desinformativo alrededor de la modificación de la Ley de Identidad de Género.,Mara Pedrazzoli,2025-11-16 23:59:23.652000+00:00,https://www.pagina12.com.ar/2025/11/16/la-academia-nacional-de-medicina-rechazo-los-tratamientos-de-transicion-de-genero-en-ninos-y-adolescentes/,sociedad
Ordenan garantizar una solución habitacional para una mujer víctima de violencia machista,Un fallo con perspectiva de género,Por falta de objetividad en su desempeño,Mara Pedrazzoli,2025-11-16 23:49:50.780000+00:00,https://www.pagina12.com.ar/2025/11/16/ordenan-garantizar-una-solucion-habitacional-para-una-mujer-victima-de-violencia-machista/,sociedad
“Nunca más conversé con los que fueron mis conjueces”,Julieta Makintach se defiende también ante la prensa,Movilización al Congreso,Melisa Molina,2025-11-16 22:49:59.089000+00:00,https://www.pagina12.com.ar/2025/11/16/nunca-mas-converse-con-los-que-fueron-mis-conjueces/,sociedad
Arrestaron a un sargento de la Bonaerense por el secuestro y violación de una mujer en La Plata,"Brutal episodio en City Bell, a plena luz del día",La CGT decidió retirarse del espacio,Melisa Molina,2025-11-16 21:53:15.653000+00:00,https://www.pagina12.com.ar/2025/11/16/arrestaron-a-un-sargento-de-la-bonaerense-por-el-secuestro-y-violacion-de-una-mujer-en-la-plata/,sociedad
Saavedra: polémica por el destino de un predio que debía ser una plaza,Un anuncio inmobiliario despertó las alarmas,La CGT decidió retirarse del espacio,Melisa Molina,2025-11-16 21:42:03.946000+00:00,https://www.pagina12.com.ar/2025/11/16/saavedra-polemica-por-el-destino-de-un-predio-que-debia-ser-una-plaza/,sociedad
Núñez: protesta contra la demolición de la Palestra Nacional de Andinismo,Quieren trasladarla a la otra punta de la Ciudad,Por falta de objetividad en su desempeño,Mara Pedrazzoli,2025-11-16 21:38:28.921000+00:00,https://www.pagina12.com.ar/2025/11/16/nunez-protesta-contra-la-demolicion-de-la-palestra-nacional-de-andinismo/,sociedad
El día después del horror,"Gastón Granados, intendente de Ezeiza, habló con la prensa tras el incendio",Por falta de objetividad en su desempeño,Mara Pedrazzoli,2025-11-16 21:24:40.690000+00:00,https://www.pagina12.com.ar/2025/11/16/el-dia-despues-del-horror/,sociedad
Efemérides de hoy: qué pasó un 16 de noviembre,Hechos que ocurrieron en la Argentina y el mundo,Por falta de objetividad en su desempeño,Mara Pedrazzoli,2025-11-16 12:06:29.935000+00:00,https://www.pagina12.com.ar/2025/11/16/efemerides-de-hoy-que-paso-un-16-de-noviembre-2/,sociedad
Clima en Buenos Aires: el pronóstico del tiempo para este domingo 16 de noviembre,"Después de la tormenta, baja el termómetro",El SMN indicó que la temperatura en el AMBA llegará a los 23 grados.,Mara Pedrazzoli,2025-11-16 10:00:00+00:00,https://www.pagina12.com.ar/2025/11/16/clima-en-buenos-aires-el-pronostico-del-tiempo-para-este-domingo-16-de-noviembre/,sociedad
La casa de Franco Armani sufrió daños por la explosión en Ezeiza,El arquero debió pasar la noche fuera de su hogar,"El hogar del futbolista se encuentra en la zona afectada: no hubo daños graves, pero se evacuó por la presencia de químicos en el ambiente.",Melisa Molina,2025-11-15 15:00:50.737000+00:00,https://www.pagina12.com.ar/2025/11/15/la-casa-de-franco-armani-sufrio-danos-por-la-explosion-en-ezeiza/,sociedad
El fuego está “controlado” en Ezeiza aunque quedan algunos focos,La explosión en el polo industrial requirió de los bomberos durante toda la noche,"Lo aseguró el intendente Gastón Granados, que agregó que no quedan más heridos en el hospital local",Mara Pedrazzoli,2025-11-15 13:24:32.750000+00:00,https://www.pagina12.com.ar/2025/11/15/el-fuego-esta-controlado-en-ezeiza-aunque-quedan-algunos-focos/,sociedad
Clima en Buenos Aires: el pronóstico del tiempo para este sábado 15 de noviembre,Servicio Meteorológico Nacional,Por falta de objetividad en su desempeño,Mara Pedrazzoli,2025-11-15 10:00:00+00:00,https://www.pagina12.com.ar/2025/11/15/clima-en-buenos-aires-el-pronostico-del-tiempo-para-este-sabado-15-de-noviembre/,sociedad
Efemérides de hoy: qué pasó un 15 de noviembre,Hechos que ocurrieron en la Argentina y el mundo,La CGT decidió retirarse del espacio,Melisa Molina,2025-11-15 07:04:00+00:00,https://www.pagina12.com.ar/2025/11/15/efemerides-de-hoy-que-paso-un-15-de-noviembre/,sociedad
Terrible explosión en un polo industrial,"Fue l Polo Industrial de Carlos Spegazzini y hay al menos, varios heridos","Fue a las 9 de la noche y no hay muchas certezas de dónde se inició el fuego, ni si hay víctimas fatales. varias las plantas industriales afectadas.",Melisa Molina,2025-11-15 04:12:43.846000+00:00,https://www.pagina12.com.ar/2025/11/15/terrible-explosion-en-un-polo-industrial/,sociedad
El veredicto sobre el femicidio Cecilia Strzyzowski quedó para el sábado,El matrimonio Sena se declaró inocente y el hijo no habló,Luego de seis horas de debate el jurado popular pidió un cuarto intermedio antes de fallar.,Mara Pedrazzoli,2025-11-15 01:01:46.857000+00:00,https://www.pagina12.com.ar/2025/11/15/el-veredicto-sobre-el-femicidio-cecilia-strzyzowski-quedo-para-el-sabado/,sociedad
Impactante explosión en una fábrica de agroquímicos en Ezeiza,Espeluznantes videos del estallido en el Polo Industrial de Carlos Spegazzini,"Ocurrió en Carlos Spegazzini y hay, al menos, veinte heridos por la onda expansiva",Melisa Molina,2025-11-15 00:49:06.454000+00:00,https://www.pagina12.com.ar/2025/11/15/impactante-explosion-en-una-fabrica-de-agroquimicos-en-ezeiza/,sociedad
No disponible,No disponible,En 30 puntos del país,Camila Caamaño,2025-12-09 00:00:00,https://www.pagina12.com.ar/print/2025/11/14/un-leon-que-es-doctor-y-un-poco-yaguarete/,sociedad
La Fiscalía pidió la destitución de Makintach,"La jueza del Caso Maradona, a un paso del abismo",La jueza del documental por el que se anuló el juicio por Maradona quedó más complicada a pocos días del veredicto. Finalizaron los testimonios y se leyeron los alegatos de las partes.,Mara Pedrazzoli,2025-11-14 23:45:00+00:00,https://www.pagina12.com.ar/2025/11/13/la-fiscalia-pidio-la-destitucion-de-makintach/,sociedad
El mes de la cultura coreana en Buenos Aires,"En el CCK, el Centro Cultural Recoleta y Costa Salguero, Corea del Sur se muestra en la ciudad","Habrá espectáculos de K-Pop y música tradicional, cine, talleres de gastronomía y artes plásticas, y exposiciones de tecnología.",Melisa Molina,2025-11-14 22:54:44.183000+00:00,https://www.pagina12.com.ar/2025/11/14/el-mes-de-la-cultura-coreana-en-buenos-aires/,sociedad
Un hombre se filmó manejando a 170 km/h con su hijo como acompañante y le quitaron la licencia,Imprudencia al volante en Tucumán,Los registros de sus maniobras peligrosas se viralizaron en redes sociales y fomentaron una gran cantidad de denuncias en su contra. Afrontará evaluaciones psicotécnicas y psicofísicas para establecer si podrá volver a manejar.,Melisa Molina,2025-11-13 21:45:59.081000+00:00,https://www.pagina12.com.ar/2025/11/13/un-hombre-se-filmo-manejando-a-170-kmh-con-su-hijo-como-acompanante-y-le-quitaron-la-licencia/,sociedad
Un micro turístico cayó por un precipicio y provocó al menos 37 muertos en Perú,Tragedia en Arequipa,El accidente automovilístico ocurrió durante la madrugada. Otras 24 personas fueron trasladadas a centros de saludo con heridas de distinta consideración.,Mara Pedrazzoli,2025-11-13 21:44:00+00:00,https://www.pagina12.com.ar/2025/11/12/un-micro-turistico-cayo-por-un-precipicio-y-provoco-al-menos-37-muertos-en-peru/,sociedad
EE.UU. sumó criterios discriminatorios al otorgamiento de visas,Enfermedades crónicas como la diabetes son ahora causales de rechazo,"El Departamento de Estado ordenó evaluar obesidad, diabetes y otras enfermedades no transmisibles como factores para negar visas. Especialistas alertan por discrecionalidad y sesgo discriminatorio.",Melisa Molina,2025-11-13 21:39:24.786000+00:00,https://www.pagina12.com.ar/2025/11/13/nuevas-reglas-de-visado-ponen-foco-en-la-salud/,sociedad
El fiscal pidió que condenen a todos los acusados,Alegatos por el femicidio de Cecilia Strzyzowski,"En la audiencia de alegatos se expresaron la fiscalía, la querella y las defensas. El veredicto podría salir este viernes.",Melisa Molina,2025-11-13 21:24:58.943000+00:00,https://www.pagina12.com.ar/2025/11/13/el-fiscal-pidio-que-condenen-a-todos-los-acusados/,sociedad
"Julieta Makintach: “No había documental, si me ofrecían plata, hubiera dicho que no”",El martes 18 se conoce el veredicto,"La magistrada negó haber participado en la realización de un documental sobre el juicio por la muerte de Diego Maradona. Aseguró que no existió contrato, dinero ni filmación. La Fiscalía, sin embargo, pidió su destitución durante el jury.",Melisa Molina,2025-11-13 18:45:20.632000+00:00,https://www.pagina12.com.ar/2025/11/13/julieta-makintach-no-habia-documental-si-me-ofrecian-plata-hubiera-dicho-que-no/,sociedad
Droga en valijas y una red caída,Operativo conjunto de la PSA y la justicia económica,"Una pasajera fue detenida con cocaína rumbo a Europa. En paralelo, la PSA incautó 255 kilos y arrestó a ocho personas.",Melisa Molina,2025-11-13 18:19:49.381000+00:00,https://www.pagina12.com.ar/2025/11/13/droga-en-valijas-y-una-red-caida/,sociedad
Incendio de un hotel familiar en Caballito: un muerto y cinco heridos,El fuego fue controlado,Ocho móviles del SAME se acercaron al lugar para asistir a las personas damnificadas por el incendio.,Melisa Molina,2025-11-13 17:59:40.848000+00:00,https://www.pagina12.com.ar/2025/11/13/incendio-de-un-hotel-familiar-en-caballito-un-muerto-y-cinco-heridos/,sociedad
Incendio en Retiro: evacuaron a 200 personas del edificio Zurich,No hubo heridos,El siniestro ocurrió en el sitio emplazado en la esquina de Marcelo T. de Alvear y Cerrito. No hubo asistidos ni trasladados pero se cortó todo el tráfico en la zona.,Melisa Molina,2025-11-13 16:40:03.501000+00:00,https://www.pagina12.com.ar/2025/11/13/incendio-en-retiro-evacuaron-a-200-personas-del-edificio-zurich/,sociedad
Ciudad Universitaria: detuvieron a un joven que abusó de dos estudiantes,En Núñez,"Ocurrió el martes por la mañana, en la Facultad de Arquitectura, Diseño y Urbanismo. El detenido, de 23 años, no pertenece a la institución.",Mara Pedrazzoli,2025-11-13 14:09:56.545000+00:00,https://www.pagina12.com.ar/2025/11/13/ciudad-universitaria-detuvieron-a-un-joven-que-abuso-de-dos-estudiantes/,sociedad
"Tras el escape de gas e incendio, bomberos  de la Ciudad realizan pericias en Caballito",Buscan establecer las causas.,Este miércoles dos personas resultaron heridas en la calle Riglos y Formosa. El Gobierno porteño intimó a Edesur y una tercerizada de Metrogas.,Mara Pedrazzoli,2025-11-13 13:20:07.458000+00:00,https://www.pagina12.com.ar/2025/11/13/tras-el-escape-de-gas-e-incendio-bomberos-de-la-ciudad-realizan-pericias-en-caballito/,sociedad
Mar del Plata: un estudiante de primaria acosó a una compañera y un grupo de padres le incendió la casa,También se registraron incidentes en la escuela,Por falta de objetividad en su desempeño,Mara Pedrazzoli,2025-11-12 23:57:03.431000+00:00,https://www.pagina12.com.ar/2025/11/12/mar-del-plata-un-estudiante-de-primaria-acoso-a-una-companera-y-un-grupo-de-padres-le-incendio-la-casa/,sociedad
Escape de gas y fuego en Caballito,Las llamas alcanzaron los 12 metros y un hombre sufrió graves quemaduras,Por falta de objetividad en su desempeño,Mara Pedrazzoli,2025-11-12 23:49:35.925000+00:00,https://www.pagina12.com.ar/2025/11/12/escape-de-gas-y-fuego-en-caballito/,sociedad
Comienzan las inscripciones en la UBA,Del 14 al 28 de noviembre,Quienes nunca se hayan anotado al CBC deben hacer la preinscripción online para cursar en 2026.,Mara Pedrazzoli,2025-11-12 20:55:30.522000+00:00,https://www.pagina12.com.ar/2025/11/12/comienzan-las-inscripciones-en-la-uba/,sociedad
Caso Epstein: correos electrónicos complican a Donald Trump,Los demócratas acusan al presidente republicano,La oposición busca vincular al mandatario con la red de trata del financista muerto en 2019,Mara Pedrazzoli,2025-11-12 20:26:38.146000+00:00,https://www.pagina12.com.ar/2025/11/12/caso-epstein-correos-electronicos-complican-a-donald-trump/,sociedad
Científicos del Conicet descubren cómo los estilos de vida influyen en la prevalencia de cáncer,Lo investigaron en mamíferos y lo publicaron en la prestigiosa revista Science Advances,"Según postulan, los animales más cooperativos, como los elefantes y las ballenas, mueren menos de la enfermedad, mientras que los más competitivos, como los felinos, fallecen más.",Mara Pedrazzoli,2025-11-12 19:23:33.728000+00:00,https://www.pagina12.com.ar/2025/11/12/cientificos-del-conicet-analizan-como-los-estilos-de-vida-influyen-en-la-prevalencia-de-cancer/,sociedad
"León Gieco, como en un nuevo capítulo de De Ushuaia a La Quiaca",El cantautor visitó una escuela rural de frontera en Misiones,León también recibirá un Honoris Causa de la Universidad Nacional de Misiones y grabará “Solo le pido a Dios” con un coro de niños de una comunidad guaraní. El homenaje a Hugo Soriani en la escuela que lucha por la tenencia de la tierra y el arraigo de los jóvenes.,Karina Micheletto,2025-11-12 18:49:21.616000+00:00,https://www.pagina12.com.ar/2025/11/12/leon-gieco-como-en-un-nuevo-capitulo-de-de-ushuaia-a-la-quiaca/,sociedad
Una brasileña fue asesinada de un golpe en Abasto,Había viajado para visitar a su hija,"Maria Vilma das Dores Cascalho da Silva Bosco, de 69 años, murió tras ser atacada en la calle. Había llegado a Buenos Aires para acompañar a su hija, estudiante de Medicina. El agresor, con múltiples antecedentes penales y psiquiátricos, fue detenido horas después.",Mara Pedrazzoli,2025-11-12 16:44:17.132000+00:00,https://www.pagina12.com.ar/2025/11/12/una-brasilena-fue-asesinada-de-un-golpe-en-abasto/,sociedad
"A un mes de la desaparición de la pareja de jubilados en Chubut, cómo sigue la investigación",Misterio en Comodoro Rivadavia.,"Juana Morales y Jorge Kreder salieron de viaje el 11 de octubre rumbo a Rocas Coloradas, al norte de Comodoro Rivadavia. Nunca más se supo de ellos.",Mara Pedrazzoli,2025-11-12 13:51:32.298000+00:00,https://www.pagina12.com.ar/2025/11/12/a-un-mes-de-la-desaparicion-de-la-pareja-de-jubilados-en-chubut-como-sigue-la-investigacion/,sociedad
Así fue el descarrilamiento del tren Sarmiento en Liniers,Cómo sigue la causa,"Tras el incidente que dejó al menos 19 heridos, el servicio funciona con demoras y cancelaciones.",Mara Pedrazzoli,2025-11-12 11:42:36.617000+00:00,https://www.pagina12.com.ar/2025/11/12/asi-fue-el-descarrilamiento-del-tren-sarmiento-en-liniers/,sociedad
Efemérides de hoy: qué pasó un 12 de noviembre,Hechos que ocurrieron en la Argentina y el mundo,Por falta de objetividad en su desempeño,Mara Pedrazzoli,2025-11-12 07:04:00+00:00,https://www.pagina12.com.ar/2025/11/10/efemerides-de-hoy-que-paso-un-12-de-noviembre/,sociedad
“Mis colegas sabían del documental”: Makintach se defendió ante el jury,Declaración clave en La Plata,La jueza suspendida justificó la grabación del documental durante el juicio por la muerte de Maradona y apuntó contra su colega Savarino por falso testimonio.,Melisa Molina,2025-11-11 18:47:35.868000+00:00,https://www.pagina12.com.ar/2025/11/11/mis-colegas-sabian-del-documental-makintach-se-defendio-ante-el-jury/,sociedad
Femicidio en Necochea: encontraron el cuerpo de Débora Gutiérrez en un lago,"Su pareja, el principal sospechoso","El principal sospechoso es su pareja, Ángel Gutiérrez, con quien la mujer había visitado un camping. El hombre, de 42 años, está detenido e imputado.",Melisa Molina,2025-11-11 18:20:43.108000+00:00,https://www.pagina12.com.ar/2025/11/11/femicidio-en-necochea-encontraron-el-cuerpo-de-debora-gutierrez-en-un-lago/,sociedad
Murió ahogado en el Río Paraná un futbolista misionero que iba a jugar para Vélez Sársfield,Tenía 17 años,"Dilan González, de Posadas, falleció este domingo cuando ingresó al río desde un balneario. Se desconocen los motivos por los cuales no logró salir del agua. El club Bartolomé Mitre, del cual provenía, se encuentra de luto por la tragedia .",Melisa Molina,2025-11-11 15:24:22+00:00,https://www.pagina12.com.ar/872706-murio-ahogado-en-el-rio-parana-un-futbolista-misionero-que-i,sociedad
Un jurado popular halló culpable al jubilado que mató a un vecino por poner música fuerte,En Navidad del 2024,"Ocurrió en Lomas del Mirador, tras una discusión por el volumen de la música. La pena que enfrentará el acusado se conocerá en los próximos días.",Mara Pedrazzoli,2025-11-11 14:43:32+00:00,https://www.pagina12.com.ar/872704-un-jurado-popular-hallo-culpable-al-jubilado-que-mato-a-un-v,sociedad
Alerta amarillo por tormentas y vientos fuertes en Buenos Aires y otras ocho provincias,Advertencia del SMN,El organismo nacional emitió recomendaciones para enfrentar el fenómeno climático. Las zonas afectadas.,Melisa Molina,2025-11-11 13:34:33+00:00,https://www.pagina12.com.ar/872691-alerta-amarillo-por-tormentas-y-vientos-fuertes-en-buenos-ai,sociedad
"Paro de colectivos hoy, en el AMBA: las líneas afectadas",Por tiempo indeterminado,"El conflicto comenzó el viernes pasado, por falta de pago de salarios de los trabajadores.",Melisa Molina,2025-11-11 12:44:22+00:00,https://www.pagina12.com.ar/872687-paro-de-colectivos-hoy-en-el-amba-las-lineas-afectadas,sociedad
Efemérides de hoy: qué pasó un 11 de noviembre,Hechos que ocurrieron en la Argentina y el mundo,En las efemérides del 11 de noviembre sobresalen estos hechos que ocurrieron un día como hoy en la Argentina y el mundo:,Melisa Molina,2025-11-11 11:29:06+00:00,https://www.pagina12.com.ar/872672-efemerides-de-hoy-que-paso-un-11-de-noviembre,sociedad
Clima en Buenos Aires: el pronóstico del tiempo para este martes 11 de noviembre,Para salir con paraguas,El SMN indicó que la temperatura llegará a los 27 grados en el AMBA.,Melisa Molina,2025-11-11 09:50:16+00:00,https://www.pagina12.com.ar/872664-clima-en-buenos-aires-el-pronostico-del-tiempo-para-este-mar,sociedad
"El 11 de noviembre, día internacional del churro",¿Por qué se celebra este martes?,"Según estimaciones, el mercado nacional de churros ronda los 30 millones de unidades al año.",Melisa Molina,2025-11-11 03:01:00+00:00,https://www.pagina12.com.ar/872637-el-11-de-noviembre-dia-internacional-del-churro,sociedad
Mataron a una yaguareté reinsertada en El Impenetrable,Sospechan que fue una caza furtiva,"Acaí tenía casi tres años y había sido liberada en Chaco hacía un mes. Si bien no encontraron el cuerpo, todos los indicios apuntan a que fue cazada.",Melisa Molina,2025-11-11 03:01:00+00:00,https://www.pagina12.com.ar/872639-mataron-a-una-yaguarete-reinsertada-en-el-impenetrable,sociedad
Efemérides de hoy: qué pasó un 10 de noviembre,Hechos que ocurrieron en la Argentina y el mundo,En las efemérides del 10 de noviembre sobresalen estos hechos que ocurrieron un día como hoy en la Argentina y el mundo:,Melisa Molina,2025-11-10 07:05:02+00:00,https://www.pagina12.com.ar/872438-efemerides-de-hoy-que-paso-un-10-de-noviembre,sociedad
Centrales nucleares con el cartel de remate,El Gobierno apura el desguace de Nucleoeléctrica para calmar la necesidad de dólares,"El oficialismo sigue al pie de la letra la receta del FMI y pone a la venta parte de la compañía estatal que gestiona Embalse, Atucha I y II. “Nos están llevando al subdesarrollo”, dicen los especialistas consultados por Página 12.",Melisa Molina,2025-11-10 03:01:00+00:00,https://www.pagina12.com.ar/872356-centrales-nucleares-con-el-cartel-de-remate,sociedad
UBA: crearán una herramienta con IA para predecir la eficacia del tratamiento contra el cáncer,Limita efectos adversos y adelanta tiempos para el mejor tratamiento posible,Un equipo de la Facultad de Farmacia y Bioquímica trabaja en un sistema de IA que buscará la mejor cura para cada paciente oncológico. Las muestras obtenidas son del Hospital Garrahan.,Melisa Molina,2025-11-10 03:01:00+00:00,https://www.pagina12.com.ar/872333-uba-crearan-una-herramienta-con-ia-para-predecir-la-eficacia,sociedad
Se cumple un año del crimen de Pillín Bracamonte: el homicidio que generó terror en Rosario,La causa siguen sin muchos avances y solo hay cinco imputados,"A 12 meses del hecho que generó un cambio abrupto en Rosario, la causa siguen sin muchos avances y solo hay cinco imputados: tres por encubrimiento y otros dos como partícipes necesarios del homicidio.",Melisa Molina,2025-11-10 03:01:00+00:00,https://www.pagina12.com.ar/872357-se-cumple-un-ano-del-crimen-de-pillin-bracamonte-el-homicidi,sociedad
Violento choque en la Ruta 36,Un muerto y un herido grave,"Un muerto y un herido grave fue el resultado de un trágico accidente vial que se registró en la mañana de este domingo en el kilómetro 35 de la Ruta 36, a la altura de Bera",Melisa Molina,2025-11-10 03:01:00+00:00,https://www.pagina12.com.ar/872386-violento-choque-en-la-ruta-36,sociedad
Otra mujer fue asesinada y sospechan de su expareja,Hay cuatro detenidos en Villa Gobernador Gálvez,"Romina Sánchez (25) fue asesinada a tiros en Villa Gobernador Gálvez, localidad santafesina ubicada a 10 kilómetros del microcentro de la ciudad de Rosario.",Melisa Molina,2025-11-10 03:01:00+00:00,https://www.pagina12.com.ar/872409-otra-mujer-fue-asesinada-y-sospechan-de-su-expareja,sociedad
Duelo de egos al volante,Un motociclista fue atropellado luego de una discusión automovilística,"Un motero y un camionero se habrían enfrentado en una de las calles céntricas de Azu. Unos metros después, el motociclista golpeó uno de los espejos del camión y este lo encerró. El conductor de la moto se cayó y murió.",Mara Pedrazzoli,2025-11-10 03:01:00+00:00,https://www.pagina12.com.ar/872416-duelo-de-egos-al-volante,sociedad
Colegiales: reclamo para ampliar el parque del explayón ferroviario,Las parcelas ya fueron destinadas a espacios verdes,Vecinos y vecinas de Colegiales presentaron un pedido formal ante las autoridades porteñas para que se concrete el parquizado de cuatro lotes del explayón ferroviario de ese barrio qu,Melisa Molina,2025-11-10 03:01:00+00:00,https://www.pagina12.com.ar/872382-colegiales-reclamo-para-ampliar-el-parque-del-explayon-ferro,sociedad
Clima en Buenos Aires: el pronóstico del tiempo para este domingo 9 de noviembre,Jornada agradable para cerrar la semana,El Servicio Meteorológico Nacional prevé un día con algunas nubes y temperaturas que oscilarán entre los 15 y 26 grados.,Melisa Molina,2025-11-09 10:01:01+00:00,https://www.pagina12.com.ar/872187-clima-en-buenos-aires-el-pronostico-del-tiempo-para-este-dom,sociedad
Efemérides de hoy: qué pasó un 9 de noviembre,Hechos que ocurrieron en la Argentina y el mundo,En las efemérides del 9 de noviembre sobresalen estos hechos que ocurrieron un día como hoy en la Argentina y el mundo:,Melisa Molina,2025-11-09 07:05:22+00:00,https://www.pagina12.com.ar/872234-efemerides-de-hoy-que-paso-un-9-de-noviembre,sociedad
Efemérides de hoy: qué pasó un 8 de noviembre,Hechos que ocurrieron en la Argentina y el mundo,En las efemérides del 8 de noviembre sobresalen estos hechos que ocurrieron un día como hoy en la Argentina y el mundo:,Melisa Molina,2025-11-08 07:05:02+00:00,https://www.pagina12.com.ar/872051-efemerides-de-hoy-que-paso-un-8-de-noviembre,sociedad
La Justicia anuló la restricción horaria a la educación en las cárceles,Lo había dispuesto la ministra Patricia Bullrich,La Justicia anuló la restricción horaria impuesta por el Gobierno nacional para la educación en contexto de encierro.,Melisa Molina,2025-11-08 03:01:00+00:00,https://www.pagina12.com.ar/871768-la-justicia-anulo-la-restriccion-horaria-a-la-educacion-en-l,sociedad
Festival Solidario en Plaza Irlanda,Este sábado a las 20:30,"Este sábado 8 de noviembre desde las 20.30, el colectivo Plaza Irlanda Solidaria realizará un Festival Solidario en esa plaza del barrio porteño de Caballito, sobre la calle Seguí",Melisa Molina,2025-11-08 03:01:00+00:00,https://www.pagina12.com.ar/871941-festival-solidario-en-plaza-irlanda,sociedad
Susana Trimarco viajará a Paraguay para identificar los restos de la mujer que podría ser su hija,Caso Marita Verón,"La titular de la Fundación María de los Ángeles recibió una llamada de las autoridades de Paraguay advirtiendo que una mujer en situación de calle podría ser su hija desaparecida hace 23 años. Sin embargo, luego fue notificada del fallecimiento de la mujer.",Melisa Molina,2025-11-08 03:01:00+00:00,https://www.pagina12.com.ar/871916-susana-trimarco-viajara-a-paraguay-para-identificar-los-rest,sociedad
La Corte Suprema dejó firme la condena al expolicía que le disparó a Lucas Cabello,Gatillo fácil,El máximo tribunal dejó firme la condena a 16 años de prisión para el expolicía metropolitano Ricardo Gabriel Ayala.,Melisa Molina,2025-11-08 03:01:00+00:00,https://www.pagina12.com.ar/871907-la-corte-suprema-dejo-firme-la-condena-al-expolicia-que-le-d,sociedad
Mejora la mujer que fue baleada cuando paseaba en una lancha en Escobar,Dejará la terapia intensiva,"Recibió un disparo que le perforó un pulmón cuando navegaba por el río Paraná. Por el hecho, buscan a un vecino de la zona que habría sido denunciado por hechos similares.",Melisa Molina,2025-11-08 03:01:00+00:00,https://www.pagina12.com.ar/871866-mejora-la-mujer-que-fue-baleada-cuando-paseaba-en-una-lancha,sociedad
Lula da Silva contra los combustibles fósiles,"La COP30 sobre Cambio Climático avanza en Belem do Pará, Brasil","En la cumbre ecológica de líderes mundiales, el presidente de Brasil pidió cambiar la forma de producción. Se reclama gravar los vuelos privados y en primera clase.",Melisa Molina,2025-11-08 03:01:00+00:00,https://www.pagina12.com.ar/871999-lula-da-silva-contra-los-combustibles-fosiles,sociedad
El fentanilo contaminado fue determinante en la muerte de 38 de 40 casos estudiados,Informe del Cuerpo Médico Forense de la Corte Suprema de Justicia,Un informe del Cuerpo Médico Forense de la Corte Suprema de Justicia determinó que el fentanilo contaminado fue el factor determinante en 38 muertes vinculadas a la aplicación de ese fármaco.,Melisa Molina,2025-11-08 03:01:00+00:00,https://www.pagina12.com.ar/871983-el-fentanilo-contaminado-fue-determinante-en-la-muerte-de-38,sociedad
La estación Congreso de la línea A quedará fuera de servicio,Obras en el subte porteño,"Desde el lunes, el Gobierno porteño cerrará la histórica parada por tres meses para pintar, impermeabilizar y cambiar pisos y luces.",Melisa Molina,2025-11-08 03:01:00+00:00,https://www.pagina12.com.ar/871944-la-estacion-congreso-de-la-linea-a-quedara-fuera-de-servicio,sociedad
Otro femicidio anunciado,Se conoció la historia de la chica que cayó de un balcón en San Telmo,El novio la habría empujado y sobraban circunstancias violentas que preanunciaban este final.,Melisa Molina,2025-11-08 03:01:00+00:00,https://www.pagina12.com.ar/872042-otro-femicidio-anunciado,sociedad
"Makintach: ""Fue una piedra con la que me tropecé sin dimensionar las consecuencias""",Declaró en el jury la jueza del fallido juicio por la muerte de Maradona,"Julieta Makintach reconoció que el daño ocasionado a la justicia por su accionar fue ""tremendo"", aunque sostuvo que su imparcialidad nunca estuvo en juego. Y pidió disculpas a ""toda la familia y a la Justicia"".",Melisa Molina,2025-11-06 22:17:28+00:00,https://www.pagina12.com.ar/871748-makintach-fue-una-piedra-con-la-que-me-tropece-sin-dimension,sociedad
"Reconocimientos ""Enrique Samar"" a experiencias educativas disruptivas e insumisas",En homenaje al recordado maestro y director de escuela,"La Plaza Tupac Amarú, ubicada en las avenidas Lafuente y Eva Perón, fue el epicentro de la primera edición de los Reconocimientos “Enrique Samar” a experiencias educativas, disruptivas, comunita",Melisa Molina,2025-11-06 21:30:43+00:00,https://www.pagina12.com.ar/871742-reconocimientos-enrique-samar-a-experiencias-educativas-disr,sociedad
"Le dieron prisión domiciliaria a Elías Piccirillo, exmarido de Jésica Cirio",Se encuentra procesado por plantar droga y un arma a un empresario,"Lo acusan por secuestro coactivo, transporte de estupefacientes agravado, encubrimiento agravado y portación ilegal de arma. Deberá utilizar tobillera electrónica.",Melisa Molina,2025-11-06 20:32:47+00:00,https://www.pagina12.com.ar/871721-le-dieron-prision-domiciliaria-a-elias-piccirillo-exmarido-d,sociedad
"""Hay que investigar si es Marita o no""",Susana Trimarco recibió fotos desde Asunción de una mujer en situación de calle que supuestamente es su hija,Los abogados de Trimarco ya se comunicaron con el Poder Judicial para determinar si se trata o no de la mujer desaparecida hace 23 años en San Miguel de Tucumán.,Melisa Molina,2025-11-06 19:15:26+00:00,https://www.pagina12.com.ar/871698-hay-que-investigar-si-es-marita-o-no,sociedad
Conocer los animales en peligro para defenderlos,Greenpeace y Cimarrón estrenaron una serie sobre los biomas sudamericanos,Las organizaciones crearon una serie documental que cuenta la historia de los seis animales más amenazados en Sudamérica.,Melisa Molina,2025-11-06 18:41:56+00:00,https://www.pagina12.com.ar/871687-conocer-los-animales-en-peligro-para-defenderlos,sociedad
"""Que ésta sea la COP de la verdad""",Lula inauguró la Cumbre Climática número 30 con un contundente discurso,"La cumbre climática COP30 quedó inaugurada en Belém, en el corazón de la Amazonía brasileña, con un llamado del presidente Luiz Inácio Lula da Silva a convertir esta edición en “la",Melisa Molina,2025-11-06 18:39:22+00:00,https://www.pagina12.com.ar/871685-que-esta-sea-la-cop-de-la-verdad,sociedad
"La jueza del caso Maradona, en el banquillo: comenzó el jury contra Julieta Makintach",Piden su destitución,"Acusada de participar en un documental sobre el juicio por la muerte del Diez, enfrenta un proceso que podría costarle el cargo.",Melisa Molina,2025-11-06 18:26:01+00:00,https://www.pagina12.com.ar/871679-la-jueza-del-caso-maradona-en-el-banquillo-comenzo-el-jury-c,sociedad
"Noche de los Museos 2025: colectivos, subtes y bicicletas tendrán servicio gratuito",Sábado 8 de noviembre,"Desde las 19 del sábado y hasta las 2 de la madrugada del domingo, los museos de la Ciudad abren sus puertas con actividades y talleres especiales.",Melisa Molina,2025-11-06 18:25:46+00:00,https://www.pagina12.com.ar/871678-noche-de-los-museos-2025-colectivos-subtes-y-bicicletas-tend,sociedad
Celebración en Parque Avellaneda por la Educación Sexual Integral,A 19 años de la sanción de la ley,"El Movimiento Federal por Más ESI celebrará el 19° aniversario de la sanción de la Ley de Educación Sexual integral el domingo 9 de octubre en Parque Avellaneda para ""compartir con to",Melisa Molina,2025-11-06 18:17:47+00:00,https://www.pagina12.com.ar/871677-celebracion-en-parque-avellaneda-por-la-educacion-sexual-int,sociedad
"Miss Universo: ""rebelión"" y solidaridad tras el maltrato del director a la concursante de México",Polémica en el certamen de belleza,"Uno de los organizadores del concurso en Tailandia llamó ""tonta"" a la representante mexicana y le impidió hablar para defenderse. La reacción del resto de las participantes y la respuesta de la presidenta Claudia Sheinbaum.",Melisa Molina,2025-11-06 13:41:45+00:00,https://www.pagina12.com.ar/871644-miss-universo-rebelion-y-solidaridad-tras-el-maltrato-del-di,sociedad
"El abogado de Emerenciano Sena, preso",Filmó al jurado de identidad protegida en Chaco,Nicolás Boniardi Cabra se entregó a la Fiscalía Nº3 de Resistencia tras una orden de captura por haber amenazado al perito que dirigía el análisis de su celular. Es su segunda detención en una semana.,Melisa Molina,2025-11-06 03:01:00+00:00,https://www.pagina12.com.ar/871527-el-abogado-de-emerenciano-sena-preso,sociedad
Día del Bancario 2025: qué pasa con los bancos este 6 de noviembre,Un feriado que altera la rutina financiera,Cómo funcionarán las operaciones durante la jornada y qué significa esta fecha para el sector.,Melisa Molina,2025-11-05 23:35:59+00:00,https://www.pagina12.com.ar/871534-dia-del-bancario-2025-que-pasa-con-los-bancos-este-6-de-novi,sociedad
Brutal intento de femicidio en Brasil: su expareja la atropelló con el auto,Violencia de género,Una joven de 26 años fue víctima de la violencia de género extrema. Las imágenes  fueron registradas por cámaras de seguridad.,Melisa Molina,2025-11-05 15:51:54+00:00,https://www.pagina12.com.ar/871424-brutal-intento-de-femicidio-en-brasil-su-expareja-la-atropel,sociedad
Cinco muertes por tos convulsa en la provincia de Buenos Aires: advierten sobre una baja de la vacunación,Enfermedades virales,"Se trata de una enfermedad inmunorespiratoria que afecta principalmente a los bebés y niños pequeños. El Calendario Nacional de Vacunación incluye un esquema completo, pero se utiliza poco.",Melisa Molina,2025-11-05 14:55:12+00:00,https://www.pagina12.com.ar/871412-cinco-muertes-por-tos-convulsa-en-la-provincia-de-buenos-air,sociedad
Clima en Buenos Aires: el pronóstico del tiempo para este miércoles 5 de noviembre,Jornada gris,El SMN indicó que la temperatura en el AMBA llegará a los 21 grados.,Melisa Molina,2025-11-05 09:43:43+00:00,https://www.pagina12.com.ar/871358-clima-en-buenos-aires-el-pronostico-del-tiempo-para-este-mie,sociedad
Efemérides de hoy: qué pasó un 5 de noviembre,Hechos que ocurrieron en la Argentina y el mundo,En las efemérides del 5 de noviembre sobresalen estos hechos que ocurrieron un día como hoy en la Argentina y el mundo:,Mara Pedrazzoli,2025-11-05 07:04:02+00:00,https://www.pagina12.com.ar/871328-efemerides-de-hoy-que-paso-un-5-de-noviembre,sociedad
"El ex de Lourdes García, procesado con prisión preventiva","Leandro García Gómez, más complicado","Quedó bajo prisión preventiva por posibilidad de fuga y procesado por lesiones, violencia de género y privación ilegítima de la libertad.",Melisa Molina,2025-11-05 03:01:00+00:00,https://www.pagina12.com.ar/871298-el-ex-de-lourdes-garcia-procesado-con-prision-preventiva,sociedad
Un anfitrión que reclama menos debate y más acción a los gobiernos del mundo,"Desde el Amazonas, Lula protagoniza una nueva cumbre climática","Se cumplen 10 años del Acuerdo de París y el planeta, sin embargo, cada vez está más cerca del punto de no retorno. 170 delegaciones se reunirán en Brasil para, de una vez, avanzar en el combate del calentamiento global.",Melisa Molina,2025-11-05 03:01:00+00:00,https://www.pagina12.com.ar/871205-un-anfitrion-que-reclama-menos-debate-y-mas-accion-a-los-gob,sociedad
El derroche de agua por la IA,La carrera por hacer verdes a los centros de datos que acumulan el big data,La industria high tech enfrenta el problema de los millones de litros de agua para enfriar las granjas de servidores.,Inteligencia Argentina,2025-11-05 03:01:00+00:00,https://www.pagina12.com.ar/871271-el-derroche-de-agua-por-la-ia,sociedad
El planeta está al rojo vivo,Récord mundial de emisiones gases de efecto invernadero,"La ONU advierte que el aumento del 2,3% en 2024 pone al mundo en rumbo a superar los 1,5 °C del Acuerdo de París.",Melisa Molina,2025-11-05 03:01:00+00:00,https://www.pagina12.com.ar/871182-el-planeta-esta-al-rojo-vivo,sociedad
Efemérides de hoy: qué pasó un 4 de noviembre,Hechos que ocurrieron en la Argentina y el mundo,En las efemérides del 4 de noviembre sobresalen estos hechos que ocurrieron un día como hoy en la Argentina y el mundo:,Melisa Molina,2025-11-04 07:05:02+00:00,https://www.pagina12.com.ar/871090-efemerides-de-hoy-que-paso-un-4-de-noviembre,sociedad
"La madre de Cecilia Strzyzowski: ""Ese hollín era mi hija""",La declaración de Gloria Romero en el juicio por el femicidio en Chaco,"Declararon la mamá y una expareja de la joven asesinada rn junio de 2023. La fiscalía cree que César Sena, pareja de la joven, usó el teléfono de la víctima para encubrir el crimen.",Mara Pedrazzoli,2025-11-04 03:01:00+00:00,https://www.pagina12.com.ar/871094-la-madre-de-cecilia-strzyzowski-ese-hollin-era-mi-hija,sociedad
"Terremoto de magnitud 6,3 en Afganistán",Los primeros registros dan cuenta de al menos 20 muertos y cientos de heridos,"Este lunes, un potente terremoto de magnitud 6,3 sacudió el norte de Afganistán, con epicentro cerca de la ciudad de Mazar‑e Sharif, en la provincia de Balkh, a una p",Melisa Molina,2025-11-04 03:01:00+00:00,https://www.pagina12.com.ar/870968-terremoto-de-magnitud-6-3-en-afganistan,sociedad
Doble femicidio en Córdoba: prisión preventiva para Pablo Laurta,Sindicado como responsable de la muerte de la madre de su hijo y de la abuela del niño,"Está detenido en Cruz del Eje, acusado de homicidios calificados y violación de domicilio.",Melisa Molina,2025-11-04 03:01:00+00:00,https://www.pagina12.com.ar/870974-doble-femicidio-en-cordoba-prision-preventiva-para-pablo-lau,sociedad
Explosión en la feria de ciencias de Pergamino: le dieron el alta a la nena internada en el Garrahan,Seguirá el tratamiento de modo ambulatorio,"La nena, de diez años, había resultado herida de gravedad cuando un experimento, que simulaba la erupción de un volcán, explotó.",Melisa Molina,2025-11-04 03:01:00+00:00,https://www.pagina12.com.ar/870880-explosion-en-la-feria-de-ciencias-de-pergamino-le-dieron-el-,sociedad
IRSA se queda con el exHospital Israelita,Un nuevo agregado a la larga lista de terrenos que el grupo Elsztain tiene en CABA,El Grupo IRSA confirmó la compra del predio del exHospital Israelita del barrio de Villa Santa Rita por cerca de 7 mill,Melisa Molina,2025-11-04 03:01:00+00:00,https://www.pagina12.com.ar/870992-irsa-se-queda-con-el-exhospital-israelita,sociedad
Roma: derrumbe en una torre medieval en una zona muy transitada por turistas,Un trabajador resultó muerto,Una torre medieval en el centro de Roma que estaba siendo renovada se derrumbó parcialmente y provocó la muerte de un trabajador.,Melisa Molina,2025-11-04 03:01:00+00:00,https://www.pagina12.com.ar/871069-roma-derrumbe-en-una-torre-medieval-en-una-zona-muy-transita,sociedad
Inédito retroceso de un glaciar en la Antártida,Alerta por el Hektoria,"No hay constancia de nada igual desde la Edad de Hielo: casi la mitad del glaciar Hektoria, al este de la Antártida, colapsó en apenas dos meses y perdió 8,2 kilómetros de hielo, según un estudio p",Melisa Molina,2025-11-04 03:01:00+00:00,https://www.pagina12.com.ar/871088-inedito-retroceso-de-un-glaciar-en-la-antartida,sociedad
Descubren por qué en algunos casos fallan los antidepresivos,"Los pacientes más graves tienen una ""condición biológica diferenciada""","En los tratamientos convencionales más de 5000 genes ligados al sistema inmunitario, a la regulación de la actividad genética y a la neuroplasticidad se comportan diferente entre los pacientes más graves y los más leves.",Melisa Molina,2025-11-04 03:01:00+00:00,https://www.pagina12.com.ar/871053-descubren-por-que-en-algunos-casos-fallan-los-antidepresivos,sociedad
Le imputaron al agresor diez intentos de homicidio,Ataque en un tren a Londres,"Este lunes, la British Transport Police (BTP) formalizó cargos contra un hombre de 32 años identificado como Anthony Williams, imputado por 10 intento de homicidio, lesiones",Melisa Molina,2025-11-04 03:01:00+00:00,https://www.pagina12.com.ar/870975-le-imputaron-al-agresor-diez-intentos-de-homicidio,sociedad
Horror en un tren a Londres: dos hombres atacaron a cuchilladas a 10 pasajeros,Descartan un acto terrorista,"Como consecuencia del ataque, hay dos personas en estado crítico. La policía detuvo a dos hombres ""nacidos en el Reino Unido"".",Melisa Molina,2025-11-03 03:01:00+00:00,https://www.pagina12.com.ar/870728-horror-en-un-tren-a-londres-dos-hombres-atacaron-a-cuchillad,sociedad
Investigan la muerte de un estudiante de Nutrición,"""Muerte dudosa"" en la Facultad de Medicina","Un estudiante de Nutrición --de alrededor de 30 años-- cayó del séptimo piso de la Facultad de Medicina de la Universidad de Buenos Aires (UBA), ubicada en la calle Uriburu al 900.",Melisa Molina,2025-11-03 03:01:00+00:00,https://www.pagina12.com.ar/870762-investigan-la-muerte-de-un-estudiante-de-nutricion,sociedad
Autorizan la demolición de la histórica cúpula del Manhattan Club Grand Café,Adiós a un ícono de Belgrano,"El histórico edificio, ubicado en la concurrida esquina porteña de Avenida Cabildo y La Pampa, será demolido de forma inminente, poniendo fin a la vida de un bar emblemático, que fue refugio de celebridades en los noventa.",Melisa Molina,2025-11-02 22:42:12+00:00,https://www.pagina12.com.ar/870773-autorizan-la-demolicion-de-la-historica-cupula-del-manhattan,sociedad
"Se viene la 5ta edición de “Diego Cumple, el pez dignifica”",El festival celebra el barrio y la cultura popular en homenaje a Maradona,"Este sábado 8 de noviembre desde las 17.30 tendrá lugar una nueva edición del festival “Diego Cumple, el pez dignifica”, un espacio de encuentro libre y gratuito, en la calle, organizado por el centro cultural Vuela el Pez para conmemorar al ídolo futbolístico.",Melisa Molina,2025-11-02 19:23:32+00:00,https://www.pagina12.com.ar/870736-se-viene-la-5-ta-edicion-de-diego-cumple-el-pez-dignifica,sociedad
Clima en Buenos Aires: el pronóstico del tiempo para este domingo 2 de noviembre,Se espera una jornada con chaparrones,El Servicio Meteorológico Nacional anticipó un día con temperaturas de entre 19 y 25 grados.,Melisa Molina,2025-11-02 10:01:02+00:00,https://www.pagina12.com.ar/870647-clima-en-buenos-aires-el-pronostico-del-tiempo-para-este-dom,sociedad
Efemérides de hoy: qué pasó un 2 de noviembre,Hechos que ocurrieron en la Argentina y el mundo,En las efemérides del 2 de noviembre sobresalen estos hechos que ocurrieron un día como hoy en la Argentina y el mundo:,Mara Pedrazzoli,2025-11-02 07:04:28+00:00,https://www.pagina12.com.ar/870717-efemerides-de-hoy-que-paso-un-2-de-noviembre,sociedad
Dos imputados más por el robo al Louvre,Entre estos acusados hay una mujer de 38 años madre de familia,Ya hay cuatro personas proceadas.,Melisa Molina,2025-11-02 03:01:00+00:00,https://www.pagina12.com.ar/870657-dos-imputados-mas-por-el-robo-al-louvre,sociedad
Una multitud diversa contra el odio y la violencia,La 34º edición de la Marcha del Orgullo LGBTIQ+ copó Buenos Aires,"En tiempos de discursos homo odiantes, la diversidad sexual argentina se hizo ver y oír en una manifestación colorida y celebrante, que es ante todo una forma de protesta.",Flavio Rapisardi,2025-11-02 03:01:00+00:00,https://www.pagina12.com.ar/870673-centenares-de-miles-contra-el-odio-y-la-violencia,sociedad
Un joven amenazaba con atacar una escuela,Lo detuvieron en Caballito con información del FBI,Tenía tendencias neonazis y toda clase de armas de guerra de juguete. Posteó en redes sus supuestos planes de matar en un establecimiento educativo.,Mara Pedrazzoli,2025-11-02 03:01:00+00:00,https://www.pagina12.com.ar/870679-un-joven-amenazaba-con-atacar-una-escuela,sociedad
Un edificio que es ejemplo… de abandono,El “Cero+infinito” de la UBA no recibe el mantenimiento que debe dar el gobierno,"Inaugurada en 2021, la infraestructura que alberga a los principales profesionales del país en ciencias de datos, computación e IA, no recibe el cuidado que debería. Un caso paradigmático del desinterés oficial en la ciencia.",Melisa Molina,2025-11-02 03:01:00+00:00,https://www.pagina12.com.ar/870616-un-edificio-que-es-ejemplo-de-abandono,sociedad
Clima en Buenos Aires: el pronóstico del tiempo para este sábado 1 de noviembre,"Con muchas nubes, pero agradable",El Servicio Meteorológico Nacional prevé una jornada con cielo mayormente nublado y temperaturas que oscilarán los 17 y 27 grados.,Melisa Molina,2025-11-01 10:00:02+00:00,https://www.pagina12.com.ar/870513-clima-en-buenos-aires-el-pronostico-del-tiempo-para-este-sab,sociedad
Efemérides de hoy: qué pasó un 1º de noviembre,Hechos que ocurrieron en la Argentina y el mundo,En las efemérides del 1º de noviembre sobresalen estos hechos que ocurrieron un día como hoy en la Argentina y el mundo:,Melisa Molina,2025-11-01 07:05:02+00:00,https://www.pagina12.com.ar/870255-efemerides-de-hoy-que-paso-un-1-o-de-noviembre,sociedad
Mercado Pago entró al negocio de la salud,"Lanzó Dr. Virtual, un servicio médico online y express sospechosamente barato",Generan muchas dudas entre las organizaciones médicas la informalidad y la falta de controles de un servicio de consultas médicas a distancia combinado con una empresa de seguros.,Melisa Molina,2025-11-01 03:51:14+00:00,https://www.pagina12.com.ar/870617-mercado-pago-entro-al-negocio-de-la-salud,sociedad
Pablo Grillo será operado la semana que viene: cómo evoluciona su salud,Nuevo parte médico,"El fotógrafo se encuentra internado desde marzo pasado, cuando fue víctima de la represión ordenada por Patricia Bullrich durante una marcha de jubilados.",Melisa Molina,2025-11-01 03:01:00+00:00,https://www.pagina12.com.ar/870424-pablo-grillo-sera-operado-la-semana-que-viene-como-evolucion,sociedad
Peligro de demolición en Núñez,Reclaman protección para una histórica casona en que ha sido tapiada,La Junta Histórica Saavedra - Núñez solicitó la inclusión de la propiedad en el registro de bienes patrimoniales protegidos.,Melisa Molina,2025-11-01 03:01:00+00:00,https://www.pagina12.com.ar/870447-peligro-de-demolicion-en-nunez,sociedad
Habrá audiencia pública por la remodelación del Luna Park,El futuro del emblemático estadio porteño,La polémica remodelación del estadio Luna Park será debatida en audiencia pública,Melisa Molina,2025-11-01 03:01:00+00:00,https://www.pagina12.com.ar/870436-habra-audiencia-publica-por-la-remodelacion-del-luna-park,sociedad
"Dr. Chinaski, investigado",Ministerio Público Fiscal de Entre Ríos actuará ante las denuncias contra el psicólogo e influencer,"El influencer enfrenta una investigación penal, impulsada por el Ministerio Público Fiscal de Entre Ríos donde apuntan a determinar si existieron delitos de índoles sexual o abuso de poder en el contexto de la Facultad de Humanidades, Artes y Ciencias Sociales de la Universidad Autónoma de Entre Ríos (UADER).",Melisa Molina,2025-11-01 03:01:00+00:00,https://www.pagina12.com.ar/870411-dr-chinaski-investigado,sociedad
Comenzó el juicio por el femicidio Cecilia Strzyzowski,"""La verdad no se quema y la justicia tampoco"", aseguró el abogado de la familia","Después de dos años y medio, el caso que conmocionó Chaco empezó sus audiencias para determinar la inocencia o culpabilidad de los tres acusados principales y cuatro presuntos encubridores.",Melisa Molina,2025-11-01 03:01:00+00:00,https://www.pagina12.com.ar/870463-comenzo-el-juicio-por-el-femicidio-cecilia-strzyzowski,sociedad
Corrientes: cuatro muertos por un choque frontal,"Hay un solo sobreviviente con lesiones leves, que salió a pie","Cuatro personas fallecieron por un grave accidente de tránsito en la RN 12, en la provincia de Corrientes a las 8:10 a.m. de este viernes.",Melisa Molina,2025-11-01 03:01:00+00:00,https://www.pagina12.com.ar/870474-corrientes-cuatro-muertos-por-un-choque-frontal,sociedad
Difundieron el último video de los jubilados desaparecidos en Chubut,Se cumplirán tres semanas de su paradero,"La pareja dejó de dar señales el 11 de octubre, poco después de haber avisado a sus respectivas familias que saldrían de vacaciones. El video confirma la versión de que salieron juntos en la camioneta desde la casa de Kreder en Comodoro Rivadavia.",Melisa Molina,2025-11-01 03:01:00+00:00,https://www.pagina12.com.ar/870336-difundieron-el-ultimo-video-de-los-jubilados-desaparecidos-e,sociedad
Leonardo Fornerón lleva a la justicia a los acusados de la apropiación de su hija,Llegó el juicio después de una lucha de 25 años,La niña nació en el 2000 y fue entregada sin su consentimiento. El peleó en tribunales nacionales e internacionales por la restitución.,Mariana Carbajal,2025-10-31 03:01:00+00:00,https://www.pagina12.com.ar/870167-leonardo-forneron-lleva-la-justicia-a-los-acusados-de-la-apr,sociedad
Las universidades presentaron un amparo para que el gobierno cumpla la ley,El oficialismo insiste en desfinanciar a las casas de estudio,Los funcionarios de la cartera educativa manifestaron en el Congreso que no garantizarán el incremento de fondos estipulado por la nueva norma. Rectores recurren a la justicia y los gremios planifican los próximos pasos.,Melisa Molina,2025-10-31 03:01:00+00:00,https://www.pagina12.com.ar/870230-las-universidades-presentaron-un-amparo-para-que-el-gobierno,sociedad
"El instituto Infancias, que alberga a 310 estudiantes con discapacidad, está al borde del cierre",La motosierra de Milei no da tregua,"Con la inflación, los aumentos en servicios, la desactualización del nomenclador de ANDIS y los pagos que llegan con 60 días de demora, la escuela ubicada en el barrio porteño de Almagro se encuentra funcionando a base de créditos bancarios y planes de ARCA.",Melisa Molina,2025-10-31 03:01:00+00:00,https://www.pagina12.com.ar/870159-el-instituto-infancias-que-alberga-a-310-estudiantes-con-dis,sociedad
Caso Pablo Laurta: hallaron restos humanos en Entre Ríos y evalúan si pertenecen al remisero Palacios,El acusado se negó a declarar por el doble femicidio,Los restos serán analizados por el Departamento Médico forense de Paraná. El uruguayo fue citado a declarar la semana pasada pero no respondió preguntas durante la audiencia indagatoria y sólo hizo referencia a sus denuncias previas.,Melisa Molina,2025-10-31 03:01:00+00:00,https://www.pagina12.com.ar/870055-caso-pablo-laurta-hallaron-restos-humanos-en-entre-rios-y-ev,sociedad
La fiscalía y la querella apelaron el sobreseimiento de Cristian Graf,Crimen de Diego Fernández Lima,"El fiscal Martín López Perrando y el hermano de la víctima, Javier Fernández Lima, pidieron que Cristian Graf no sea sobreseído.",Melisa Molina,2025-10-31 03:01:00+00:00,https://www.pagina12.com.ar/870180-la-fiscalia-y-la-querella-apelaron-el-sobreseimiento-de-cris,sociedad
La UBA homenajea a Diego Maradona con tres jornadas de debate sobre el “Diez”,"El 6, 7 y 8 de noviembre","Habrá conferencias de especialistas y referentes del campo cultural y deportivo, una feria del libro, presentaciones de publicaciones, y otras actividades abiertas a la comunidad.",Melisa Molina,2025-10-31 03:01:00+00:00,https://www.pagina12.com.ar/870073-la-uba-homenajea-a-diego-maradona-con-tres-jornadas-de-debat,sociedad
El Gobierno desalojó un emblemático bar peronista,"""Un café con Perón"" ya había sido clausurado, ahora sacaron todas sus pertenencias","Sin aviso previo, el Ministerio de Capital Humano secuestró las herramientas de trabajo de la cooperativa que manejaba el local.",Melisa Molina,2025-10-31 03:01:00+00:00,https://www.pagina12.com.ar/870218-el-gobierno-desalojo-un-emblematico-bar-peronista,sociedad
Un lujoso crucero abandonó a una pasajera de 80 años en una isla desierta y horas después la hallaron muerta,"Sucedió en la isla Lizard, al noreste de Australia","Suzanne Rees integraba un grupo selecto de 120 pasajeros interesados en explorar destinos remotos. Su desaparición no se advirtió hasta las 18 del sábado, cuando varias horas después de la partida del barco, la mujer no se presentó a cenar a bordo.",Melisa Molina,2025-10-31 00:25:44+00:00,https://www.pagina12.com.ar/870226-un-lujoso-crucero-abandono-a-una-pasajera-de-80-anos-en-una-,sociedad
"Murió Benicio, el nene que resultó herido de gravedad en un Club de Quilmes",El pequeño tenía muerte cerebral luego de que se le cayera un arco de handball encima,"El accidente se produjo el martes por la noche cuando el niño de 9 años, que era integrante del plantel de básquet infantil en dicho club, jugaba con sus amigos, se trepó al arco, el cual cayó encima, golpeando su cabeza.",Melisa Molina,2025-10-30 22:09:51+00:00,https://www.pagina12.com.ar/870195-murio-benicio-el-nene-que-resulto-herido-de-gravedad-en-un-c,sociedad
"Turistas francesas: a 14 años del doble femicidio en Salta, se reactiva en Francia una investigación judicial",Cassandre Bouvier y Houria Moumni fueron asesinadas en Salta en 2011,"El padre de una de las víctimas lleva adelante una demanda contra una treintena de funcionarios salteños, entre ellos, al juez que desarrolló la cuestionada instrucción penal, Martín Pérez. Todavía no se sabe el autor del crimen ni las circunstancias.",Melisa Molina,2025-10-30 21:58:18+00:00,https://www.pagina12.com.ar/870179-turistas-francesas-a-14-anos-del-doble-femicidio-en-salta-se,sociedad
Dos mensajes en una botella enviados en la Primera Guerra Mundial,Aparecieron en la costa australiana fechados en 1916 por dos soldados,A principios de este mes una mujer australiana encontró una botella con mensajes de dos combatientes que partían a batallar en Francia.,Mara Pedrazzoli,2025-10-30 03:01:00+00:00,https://www.pagina12.com.ar/869870-dos-mensajes-en-una-botella-enviados-en-la-primera-guerra-mu,sociedad
CABA: demuelen un histórico conjunto edilicio de Coghlan,Están destruyendo más de un siglo de historia,"Organizaciones vecinales porteñas denunciaron que el edificio de la exfábrica de muebles Barthel, del barrio de Coghlan, comenzó a ser demolido.",Melisa Molina,2025-10-30 03:01:00+00:00,https://www.pagina12.com.ar/869880-caba-demuelen-un-historico-conjunto-edilicio-de-coghlan,sociedad
Córdoba: el Ministerio de Educación dispuso que el estudiante que hizo apología de la violación en Bariloche pida disculpas,También harán refuerzos en los contenidos de la ESI,"Las autoridades Educativas provinciales organizarán charlas con estudiantes, padres y docentes con foco en la violencia de género y redes sociales.",Melisa Molina,2025-10-30 03:01:00+00:00,https://www.pagina12.com.ar/869786-cordoba-el-ministerio-de-educacion-dispuso-que-el-estudiante,sociedad
El Caribe sin descanso por el huracan Melissa,Dejó 23 muertos en Haití y golpeó fuerte a Santiago de Cuba,En Cuba no hubo muertos gracias a las 735.000 personas evacuadas en el este de la isla. Ahora los vientos van hacia Las Bahamas. En Jamaica pegó muy duro.,Melisa Molina,2025-10-30 03:01:00+00:00,https://www.pagina12.com.ar/869958-el-caribe-sin-descanso-por-el-huracan-melissa,sociedad
Ex comisario condenado por el crimen de Lucas Escalante y Lautaro Morello,Sergio Argañaraz es el primer sentenciado por el caso,"El ex comisario de la Seccional 4 de la Policía bonaerense, Sergio Argañaraz, fue condenado por las desapariciones de Lucas Escalante (seguida de muerte) y de Lautaro Morello (",Melisa Molina,2025-10-30 03:01:00+00:00,https://www.pagina12.com.ar/869896-ex-comisario-condenado-por-el-crimen-de-lucas-escalante-y-la,sociedad
Character.AI prohibirá que los menores chateen con la IA,"Tras el suicidio de un adolescente San Francisco, Estados Unidos","La demanda de una madre generó que la empresa comience a controlar más el uso de esos diálogos que muchos usuarios entablan de manera afectiva, como con una personal real.",Melisa Molina,2025-10-30 03:01:00+00:00,https://www.pagina12.com.ar/869859-character-ai-prohibira-que-los-menores-chateen-con-la-ia,sociedad
Aceptaron la prisión preventiva para los involucrados,Triple crimen de Florencio Varela,"Además, el magistrado aguarda una respuesta de los representantes de la justicia Federal para confirmar si la causa pasa a ese fuero.",Melisa Molina,2025-10-30 01:40:39+00:00,https://www.pagina12.com.ar/869972-aceptaron-la-prision-preventiva-para-los-involucrados,sociedad
La Corte Suprema de Texas dictamina que los jueces pueden negarse a casar a parejas del mismo sexo,Un nuevo paso en la avanzada antiderechos,"En un giro que los defensores de derechos civiles han calificado de alarmante, la Corte Suprema de Texas dictaminó que los jueces estatales pueden negarse a oficiar ceremonias de matrimon",Melisa Molina,2025-10-29 23:44:14+00:00,https://www.pagina12.com.ar/869935-la-corte-suprema-de-texas-dictamina-que-los-jueces-pueden-ne,sociedad
Otra vez gases y represión contra los jubilados en el Congreso,"El protocolo de Bullrich, nuevamente en acción","La tradicional marcha de los adultos mayores de los miércoles volvió a ser castigada bajo el protocolo antipiquetes ordenado por la ministra de Seguridad y futura senadora. Gendarmería, Prefectura y Policía Federal coparon la zona triplicando en número a los manifestantes, que expresaron en carteles ""no ser tratados como delincuentes por pedir lo que corresponde"".",Melisa Molina,2025-10-29 20:38:16+00:00,https://www.pagina12.com.ar/869841-otra-vez-gases-y-represion-contra-los-jubilados-en-el-congre,sociedad
Indignación por los magros aumentos que el Gobierno decretó para discapacidad,El enojo de Valentina Bassi,"La gestión ultraderechista aprobó aumentos al nomenclador de discapacidad, pero incumple la ley de emergencia votada en dos oportunidades por el Congreso.",Melisa Molina,2025-10-29 16:10:41+00:00,https://www.pagina12.com.ar/869797-indignacion-por-los-magros-aumentos-que-el-gobierno-decreto-,sociedad
Audiencia clave contra La Toretto de La Plata,El juicio contra Felicitas Alvite comenzaría a principios de 2026,Se decidió acortar la lista de testigos del caso para que no supere las 100 declaraciones. En diciembre habrá otra reunión y al inicio de 2026 comenzaría el juicio.,Melisa Molina,2025-10-29 03:01:00+00:00,https://www.pagina12.com.ar/869582-audiencia-clave-contra-la-toretto-de-la-plata,sociedad
Para Elon Musk las Islas Malvinas no son argentinas,Así lo define una plataforma que lanzó para competir con Wikipedia,"El multimillonario admirado por Javier Milei lanzó Grokipedia, con el objetivo de difundir ""la verdad, toda la verdad y nada más que la verdad"".",Melisa Molina,2025-10-29 03:01:00+00:00,https://www.pagina12.com.ar/869577-para-elon-musk-las-islas-malvinas-no-son-argentinas,sociedad
Las apps que dominan el mercado en Argentina,El boom de los audiolibros,"Cada vez más, los libros no entran por los ojos sino el oído. Son lecturas en la calle, el colectivo y en los tiempos muertos, también más económicas y variadas.",Inteligencia Argentina,2025-10-29 03:01:00+00:00,https://www.pagina12.com.ar/869673-las-apps-que-dominan-el-mercado-en-argentina,sociedad
Encontraron muerto a Nicolás Duarte en un arroyo,El peor final para una intensa búsqueda en la provincia de Buenos Aires,Los investigadores reconstruyeron los últimos pasos del muchacho a través de un seguimiento de las cámaras de seguridad,Melisa Molina,2025-10-28 21:03:38+00:00,https://www.pagina12.com.ar/869601-nicolas-duarte-desaparecio-en-ezeiza-la-noche-del-temporal,sociedad
Declaró “Señor J” y negó conocer a los detenidos por el triple crimen,"""La causa que me implican es una pantalla""","Joseph Freyser Zabaleta Cubas, señalado como autor intelectual del triple femicidio de Florencio Varela, expresó que “no guardo ninguna relación con los detenidos y desconozco la causa"".",Melisa Molina,2025-10-28 20:50:33+00:00,https://www.pagina12.com.ar/869599-declaro-senor-j-y-nego-conocer-a-los-detenidos-por-el-triple,sociedad
Texas demanda a los fabricantes de Tylenol por presuntos riesgos de autismo,Cuando a la política no le importan las evidencias científicas,"El estado de Texas presentó este martes una demanda contra las empresas Johnson &amp; Johnson y Kenvue, productoras del analgésico de venta libre Tylenol, cuyo principio act",Melisa Molina,2025-10-28 19:07:38+00:00,https://www.pagina12.com.ar/869573-texas-demanda-a-los-fabricantes-de-tylenol-por-presuntos-rie,sociedad
"Triple femicidio narco en Florencio Varela: indagarán a ""Señor Jota"", el presunto autor intelectual del crimen",La causa tiene 11 detenidos,Se trata de un preso por otra causa por narcotráfico en una alcaidía porteña. Fue acusado este lunes. Quiénes son todos los arrestados con prisión preventiva.,Melisa Molina,2025-10-28 15:29:14+00:00,https://www.pagina12.com.ar/869521-triple-femicidio-narco-en-florencio-varela-indagaran-a-senor,sociedad
Caso Lourdes Fernández: el juez rechazó el pedido de excarcelación de García Gómez,Por posible riesgo de fuga y entorpecimiento de la investigación,"La Fiscalía Nacional en lo Criminal y Correccional N°43 argumentó que había pruebas suficientes para demostrar ""la influencia que el imputado ejerce sobre la cantante, el estado de vulnerabilidad y la naturalización de la violencia en la que se encuentra inmersa”.",Melisa Molina,2025-10-28 14:45:02+00:00,https://www.pagina12.com.ar/869510-caso-lourdes-fernandez-el-juez-rechazo-el-pedido-de-excarcel,sociedad
Jubilados desaparecidos en Chubut: suman caballos y drones subterráneos a la búsqueda,Pasaron 17 días desde su desaparición,"Un experto en rescates tácticos se sumó al operativo. Aunque la esperanza de hallarlos con vida se diluye, las familias no pierden la fe. La hija de Kreder sostiene que Pedro nunca pudo haber llegado hasta ese sitio por voluntad propia.",Melisa Molina,2025-10-28 13:28:08+00:00,https://www.pagina12.com.ar/869498-jubilados-desaparecidos-en-chubut-suman-caballos-y-drones-su,sociedad
Hasta cuándo seguirá el frío en la Ciudad y en el Conurbano,Mínimas por debajo de los 10 grados,El SMN indicó que una masa de aire polar es el causante de los registros invernales en el centro y sur del país. ¿Cuándo sube la temperatura?,Melisa Molina,2025-10-28 12:24:24+00:00,https://www.pagina12.com.ar/869486-hasta-cuando-seguira-el-frio-en-la-ciudad-y-en-el-conurbano,sociedad
Sobreseyeron a Cristian Graf por encubrir el crimen de Diego Fernández Lima,Un caso que sigue sin resolver,"El juez consideró que en ningún momento el hombre, quien vivía en la casa donde aparecieron enterrados los huesos de su excompañero de colegio, intentó desviar la investigación.",Melisa Molina,2025-10-28 03:01:00+00:00,https://www.pagina12.com.ar/869217-sobreseyeron-a-cristian-graf-por-encubrir-el-crimen-de-diego,sociedad
Ualá despidió a 135 trabajadores en la región: 110 en Argentina,El ajuste empresarial avanza,"Con el argumento de ""reorganización interna"", la fintech despidió al 8% de su plantel. La empresa ya había concretado el despido de otros 140 personas en mayo de 2024. En sus oficinas durante el año pasado, Milei había pedido a los empresarios ""subirse el tren del progreso"".",Melisa Molina,2025-10-27 23:50:21+00:00,https://www.pagina12.com.ar/869410-uala-despidio-a-135-trabajadores-en-la-region-110-en-argenti,sociedad
Volcó un micro con hinchas de Flamengo que viajaban a Buenos Aires,Iban a bancar la semifinal de la Copa Libertadores contra Racing Club,"El accidente dejó un saldo de 16 heridos, tres de ellos de gravedad. Las autoridades también confirmaron que no hubo víctimas fatales.",Melisa Molina,2025-10-27 22:44:05+00:00,https://www.pagina12.com.ar/869384-volco-un-micro-con-hinchas-de-flamengo-que-viajaban-a-buenos,sociedad
"Diez años después, Tan Biónica lanza El Regreso con Calamaro, Nicki Nicole y Airbag",La banda porteña vuelve a la producción discográfica,El álbum estará disponible el 4 de noviembre y combina canciones inéditas con colaboraciones que atraviesan generaciones del pop y el rock argentino.,Melisa Molina,2025-10-27 21:35:05+00:00,https://www.pagina12.com.ar/869356-diez-anos-despues-tan-bionica-lanza-el-regreso-con-calamaro-,sociedad
Alerta en el Caribe: el huracán Melissa alcanzó la categoría 5 y avanza sobre Jamaica,"""Muchas comunidades no sobrevirán""","El huracán Melissa, que ya causó cuatro muertes durante la semana -tres en Haití y una en República Dominicana, donde además un adolescente está desaparecido-, alcanzó la categoría",Melisa Molina,2025-10-27 19:30:57+00:00,https://www.pagina12.com.ar/869314-alerta-en-el-caribe-el-huracan-melissa-alcanzo-la-categoria-,sociedad
"Triple femicido narco: ordenaron la detención de ""Señor Jota""",Apuntado como el autor intelectual,"Fue señalado por una testigo de identidad reservada como quien ordenenó, desde la cárcel de Palermo donde se encuentra alojado, los crímenes de Lara, Brenda y Morena, en Florencio Varela.",Melisa Molina,2025-10-27 15:12:16+00:00,https://www.pagina12.com.ar/869255-triple-femicido-narco-ordenaron-la-detencion-de-senor-jota,sociedad
"Lowrdez Fernández reapareció en redes sociales: ""Un día a la vez""",Anunció su vuelta a los escenarios,"La cantante aseguró que ""está muy bien"" y promocionó su próximo show con tres exBandana. Qué dijo sobre su presunto secuestro por parte de su expareja, quien está detenido e imputado por el delito de privación ilegítima de la libertad.",Melisa Molina,2025-10-27 13:59:06+00:00,https://www.pagina12.com.ar/869234-lowrdez-fernandez-reaparecio-en-redes-sociales-un-dia-a-la-v,sociedad
Clima enBuenos Aires: el pronóstico del tiempo para este lunes 27 de octubre,Jornada gris y fresca,El SMN indicó que la temperatura llegará alos 15 grados en el AMBA.,Melisa Molina,2025-10-27 09:49:29+00:00,https://www.pagina12.com.ar/869172-clima-enbuenos-aires-el-pronostico-del-tiempo-para-este-lune,sociedad
Efemérides de hoy: qué pasó un 27 de octubre,Hechos que ocurrieron en la Argentina y el mundo,En las efemérides del 27 de octubre sobresalen estos hechos que ocurrieron un día como hoy en la Argentina y el mundo:,Melisa Molina,2025-10-27 07:05:04+00:00,https://www.pagina12.com.ar/864776-efemerides-de-hoy-que-paso-un-27-de-octubre,sociedad
Un muerto y 6 heridos durante festejos en universidad en Pensilvania,Un nuevo tiroteo masivo en Estados Unidos,"Un tiroteo ocurrido durante los festejos de regreso a casa en la Universidad Lincoln, en Pensilvania, dejó una persona muerta y seis heridas.",Melisa Molina,2025-10-27 03:01:00+00:00,https://www.pagina12.com.ar/868920-un-muerto-y-6-heridos-durante-festejos-en-universidad-en-pen,sociedad
Milei quiere que Argentina sea una colonia,Los minerales son los principales motivos que explican la ayuda financiera de EE.UU.,"Diego Hurtado, científico del Conicet, pone la lupa en los vínculos que el gobierno libertario tejió con Norteamérica. “Esto que vivimos hoy es un salto al vacío, hacia un lugar difícil de explicar”, apunta.",Mara Pedrazzoli,2025-10-26 03:01:00+00:00,https://www.pagina12.com.ar/868548-milei-quiere-que-argentina-sea-una-colonia,sociedad
Nuevo arresto en la causa que investiga el triple crimen de Florencio Varela con sello narco,Son diez los detenidos,"Se trata de la mujer de Lázaro Víctor Sotacuro, el presunto líder de la banda narco. Fue detenida durante la madrugada de este sábado en la Ciudad de Buenos Aires.",Melisa Molina,2025-10-26 03:01:00+00:00,https://www.pagina12.com.ar/868496-nuevo-arresto-en-la-causa-que-investiga-el-triple-crimen-de-,sociedad
Defensa Civil pide no circular y alerta por el riesgo bajo el agua,Temporal en AMBA,"Afirman que hay entre 20 y 30 centímetros de agua en la calle. “Estamos conviviendo con una crisis climática que exige adaptación y nuevos protocolos”, señaló Fabián García, director del organismo.",Melisa Molina,2025-10-25 17:39:39+00:00,https://www.pagina12.com.ar/868521-defensa-civil-pide-no-circular-y-alerta-por-el-riesgo-bajo-e,sociedad
"Elecciones nacionales del domingo 26 de octubre: qué se vota, cómo es el sistema de la Boleta Única Papel, y qué bancas están en juego",Guía completa de las legislativas 2025,"El Congreso renueva parte de sus representantes en ambas cámaras. Por primera vez, se utiliza la Boleta Única Papel (BUP) en los 24 distritos. Fuerza Patria busca replicar el éxito electoral de las elecciones bonaerenses, mientras que La Libertad Avanza aspira sumar bancas para los últimos dos años de gobierno.",Melisa Molina,2025-10-25 17:33:09+00:00,https://www.pagina12.com.ar/868519-elecciones-nacionales-del-domingo-26-de-octubre-que-se-vota-,sociedad
Intensa búsqueda de dos hombres que desaparecieron en Chubut la misma semana que los jubilados,Dos semanas sin noticias de Juana y Pedro,"La policía de Comodoro Rivadavia investiga el paradero de Luciano Vivar y Héctor Carrasco, desaparecidos misteriosamente el jueves 16 de octubre.",Melisa Molina,2025-10-25 16:11:53+00:00,https://www.pagina12.com.ar/868513-intensa-busqueda-de-dos-hombres-que-desaparecieron-en-chubut,sociedad
Mitosis,No disponible,De adolescente formé parte de un grupo de izquierda;creamos una célula y enseguida nos dividimos.El grupo se llamó “Mitosis”.,Marcelo Rudaeff (Rudy),2025-10-25 15:29:56+00:00,https://www.pagina12.com.ar/868510-mitosis,sociedad
Las imágenes de las calles inundadas en Buenos Aires por las lluvias intensas,La avenida General Paz quedó bajo el agua,"El ministro de Defensa Civil bonaerense Fabián García pidió evitar circular en avenidas, calles y rutas mientras en casos innecesarios. Se mantiene el alerta naranja del SMN.",Melisa Molina,2025-10-25 14:03:15+00:00,https://www.pagina12.com.ar/868505-las-imagenes-de-las-calles-inundadas-en-buenos-aires-por-las,sociedad
Un detenido en un confuso episodio durante el temporal,La Policía de la Ciudad arrestó a un hombre en la General Paz,Fue mientras se realizaban tareas de prevención por el anegamiento causado por las fuertes lluvias de las últimas horas. El procedimiento se produjo en una de las arterias viales más importantes de la Capital Federal.,Melisa Molina,2025-10-25 13:47:03+00:00,https://www.pagina12.com.ar/868502-un-detenido-en-un-confuso-episodio-durante-el-temporal,sociedad
Murió un taxista durante la tormenta,Se descompensó en la colectora de la General Paz,"La víctima fue identificada como Héctor Hermosa, de 60 años. Según fuentes oficiales, el hombre fue hallado inconsciente dentro de su vehículo por personal de Bomberos que realizaba tareas de evacuación en la zona inundada.",Melisa Molina,2025-10-25 13:36:20+00:00,https://www.pagina12.com.ar/868500-murio-un-taxista-durante-la-tormenta,sociedad
Temporal en Buenos Aires: inundaciones en CABA y en el Conurbano,Hay cortes de luz y rige un alerta naranja,"Las intensas precipitaciones que azotaron el AMBA durante esta madrugada generaron un escenario de anegamientos, cortes de energía y preocupación entre los residentes.",Melisa Molina,2025-10-25 13:22:32+00:00,https://www.pagina12.com.ar/868497-temporal-en-buenos-aires-inundaciones-en-caba-y-en-el-conurb,sociedad
Un puma deambula por las calles de Trelew: las recomendaciones de las autoridades,Vecinos en alerta,Personal municipal trabaja intensamente para encontrarlo y devolverlo a su entorno natural.,Melisa Molina,2025-10-25 03:01:00+00:00,https://www.pagina12.com.ar/868332-un-puma-deambula-por-las-calles-de-trelew-las-recomendacione,sociedad
Un amparo en defensa del Garrahan,Una acción penal colectiva para destrabar la Ley de Emergencia Pediátrica Nacional,"Lo hizo la Defensoría de los Derechos de Niñas, Niños y Adolescentes de la Nación. Podría obtener un apoyo judicial para su tratamiento y efectivización luego del veto derribado.",Melisa Molina,2025-10-25 03:01:00+00:00,https://www.pagina12.com.ar/868396-un-amparo-en-defensa-del-garrahan,sociedad
La policía anunció que se recuperó cuadro de Picasso desaparecido en España,"No había sido robado, sino olvidado",La Policía Nacional española anunció el viernes que un cuadro de Pablo Picasso desaparecido a principios de octubre cuando debía ser trasladado de Madrid a Granada fue recuperado e indicó que la ob,Melisa Molina,2025-10-25 02:55:42+00:00,https://www.pagina12.com.ar/868488-la-policia-anuncio-que-se-recupero-cuadro-de-picasso-desapar,sociedad
La Corte Suprema Bonaerense confirmó la condena a nueve años de prisión contra el asesino del hijo de Storani,Pablo Torres Lacal manejaba una lancha sin luces y embistió al chico de 14 años en 2016,"""La lucha continúa"" alertó el ex Ministro del Interior porque la defensa podría recurrir a la Corte Suprema de la Nación.",Melisa Molina,2025-10-24 21:40:36+00:00,https://www.pagina12.com.ar/868365-la-corte-suprema-bonaerense-confirmo-la-condena-a-nueve-anos,sociedad
La familia de Lowrdez contó detalles de cómo se encuentra la ex Bandana,"""Está en una situación totalmente vulnerable""","La hermana de la artista admitió que la relación disfuncional que mantenía la ex Bandana con Leandro García Gómez había distanciado a la familia. ""Nosotros lo que más queremos es que ella esté bien"", afirmó.",Melisa Molina,2025-10-24 18:58:32+00:00,https://www.pagina12.com.ar/868324-la-hermana-de-lowrdez-conto-detalles-de-como-se-encuentra-la,sociedad
Apple retiró de su tienda la aplicación para catalogar con banderas rojas y verdes a los varones,Críticas a Tea Dating Advice,"La aplicación con más de 11 millones de descargas en la tienda de Apple fue blanco de numerosos cuestionamientos y, lejos de su fin original, promovió que la ""cibervenganza"" de la red de ""íncels"", que hackearon la plataforma en varias oportunidades para obtener información sensible de mujeres y niñas.",Manuela Tobia,2025-10-24 15:53:58+00:00,https://www.pagina12.com.ar/868295-apple-retiro-de-su-tienda-la-aplicacion-para-catalogar-con-b,sociedad
Alerta por tormentas fuertes en la Ciudad y otras 11 provincias,"Ráfagas, granizo y lluvias intensas",El SMN indicó que estas condiciones se mantendrán durante toda la jornada. Las zonas afectadas.,Melisa Molina,2025-10-24 11:00:01+00:00,https://www.pagina12.com.ar/868249-alerta-por-tormentas-fuertes-en-la-ciudad-y-otras-11-provinc,sociedad
Clima en Buenos Aires: el pronóstico del tiempo para este viernes 24 de octubre,¿Hasta cuándo llueve?,"El Smn indicó que en el AMBA la temperatura llegará a los 23 grados. Cómo estará el fin de semana,",Melisa Molina,2025-10-24 09:35:47+00:00,https://www.pagina12.com.ar/868243-clima-en-buenos-aires-el-prosnostico-del-tiempo-para-este-vi,sociedad
Efemérides de hoy: qué pasó un 24 de octubre,Hechos que ocurrieron en la Argentina y el mundo,En las efemérides del 24 de octubre sobresalen estos hechos que ocurrieron un día como hoy en la Argentina y el mundo:,Melisa Molina,2025-10-24 07:05:02+00:00,https://www.pagina12.com.ar/864772-efemerides-de-hoy-que-paso-un-24-de-octubre,sociedad
El holding presidido por el empresario rosarino Gustavo Scaglione y José Luis Manzano adquirió Telefe,El canal fue comprado a Paramount,"La empresa holding presidida por el empresario rosarino Gustavo Scaglione junto con José Luis Manzano adquirió oficialmente Telefe, la principal cadena de televisión de Argentina, a Paramount, una",Melisa Molina,2025-10-24 03:01:00+00:00,https://www.pagina12.com.ar/868177-el-holding-presidido-por-el-empresario-rosarino-gustavo-scag,sociedad
Condenan a TotalEnergies por mensajes engañosos sobre sus metas climáticas,Un mensaje de la Justicia a las puertas de la Cumbre Climática de la ONU,"La justicia francesa condenó este jueves a TotalEnergies por ""prácticas comerciales engañosas"" sobre sus compromisos de neutralidad de carbono para 2050, en la primera s",Melisa Molina,2025-10-24 03:01:00+00:00,https://www.pagina12.com.ar/868059-condenan-a-totalenergies-por-mensajes-enganosos-sobre-sus-me,sociedad
Demandan a Shell por un súper tifón en Filipinas,Sobrevivientes de Odette pusieron la primera demanda civil para vincular directamente a las empresas contaminantes con muertes y lesiones personales,"El tifón mató a más de 400 personas, desplazó a casi 3,2 millones y destruyó más de un millón de hogares en 2021",Melisa Molina,2025-10-24 03:01:00+00:00,https://www.pagina12.com.ar/868058-demandan-a-shell-por-un-super-tifon-en-filipinas,sociedad
El papa León XIV reza junto al rey Carlos III en un oficio inédito desde el cisma anglicano,Una ceremonia que empieza a cerrar una fractura de siglos,Movilización al Congreso,Melisa Molina,2025-10-23 21:02:27+00:00,https://www.pagina12.com.ar/868081-el-papa-leon-xiv-reza-junto-al-rey-carlos-iii-en-un-oficio-i,sociedad
Pilotos de Aerolíneas Argentinas ratificaron la medida de fuerza de este viernes,Se esperan demoras y cancelaciones,El sindicato de pilotos reclama que la empresa dé respuesta a los reclamos salariales del sector.,Melisa Molina,2025-10-23 17:00:32+00:00,https://www.pagina12.com.ar/868024-pilotos-de-aerolineas-argentinas-ratificaron-la-medida-de-fu,sociedad
"Lowrdez, excantante de Bandana, apareció en un video: ""Estoy perfecta""",Su madre denunció que estaba desaparecida,"La artista publicó en sus redes sociales una historia y dijo estar bien. Horas antes, su madre presentó una denuncia en una comisaría en la que afirmó que no tenía contacto con ella desde el 4 de octubre.",Melisa Molina,2025-10-23 12:13:09+00:00,https://www.pagina12.com.ar/867969-la-madre-de-lowrdez-excantante-de-bandana-denuncio-que-su-hi,sociedad
La Anmat prohibió la venta de una golosina muy popular,"Por ser ""apócrifo""",No contaban con datos de registro ante el organismo y presentaban datos falsos en su envase.,Melisa Molina,2025-10-23 11:25:03+00:00,https://www.pagina12.com.ar/867962-la-anmat-prohibio-una-golosina-muy-popular,sociedad
Condenaron a prisión perpetua a la ex policía que mató a sus dos hijos en San Luis,Fue hallada culpable del delito de homicidio doblemente calificado por el vínculo y por alevosía,"Marina Silva, la ex policía que llegó a juicio acusada de asesinar a sus dos hijos en la provincia de San Luis, fue condenada a prisión perpetua por el delito de h",Melisa Molina,2025-10-23 03:01:00+00:00,https://www.pagina12.com.ar/867868-condenaron-a-prision-perpetua-a-la-ex-policia-que-mato-a-sus,sociedad
Una argentina cayó desde un tercer piso en México: está en estado crítico y buscan repatriarla,Emergencia en Tulum,"Karina Rott, oriunda de Las Grutas, se encuentra sufrió un grave accidente. Su familia denuncia falta de atención médica y ausencia de respuestas consulares. El Gobierno de Río Negro dispuso un avión sanitario para traerla al país.",Melisa Molina,2025-10-23 03:01:00+00:00,https://www.pagina12.com.ar/867723-una-argentina-cayo-desde-un-tercer-piso-en-mexico-esta-en-es,sociedad
Jubilados desaparecidos en Chubut: el último registro de las cámaras de seguridad y las hipótesis del caso,Crece la incertidumbre por su paradero,La policía retiró la camioneta del terreno barroso donde fue hallada  abandonada y sin señales de vandalismo. Las sospechas de los familiares de la pareja.,Melisa Molina,2025-10-23 03:01:00+00:00,https://www.pagina12.com.ar/867718-jubilados-desaparecidos-en-chubut-el-ultimo-registro-de-las-,sociedad
Científicos y famosos contra la super IA,Un comunicado de oposición al desarrollo de tecnologías peligrosas y desconocidas,"Personalidades de la tecnología, la política y otros famosos pidieron ponerle un freno al desarrollo de la superinteligencia artificial hasta que se demuestre que es segura y ciento por ciento controlable.",Melisa Molina,2025-10-23 03:01:00+00:00,https://www.pagina12.com.ar/867799-cientificos-y-famosos-contra-la-super-ia,sociedad
"El GCBA presentó el ""trambús"" en audiencia pública",Colectivos ciento por ciento eléctricos,El Gobierno de la Ciudad de Buenos Aires (GCBA) presentó en audiencia pública el pro,Melisa Molina,2025-10-22 03:01:00+00:00,https://www.pagina12.com.ar/867537-el-gcba-presento-el-trambus-en-audiencia-publica,sociedad
Eduardo Vázquez podría ser beneficiado con salidas transitorias,El ex-Callejos tiene prisión perpetua por el femicio de Wanda Taddei,"El juez de ejecución habilitó el pedido para que sea considerado para el ingreso al periodo de prueba, que incluye entre otros, el beneficio de salir de la prisión con autorización judicial.",Melisa Molina,2025-10-22 03:01:00+00:00,https://www.pagina12.com.ar/867601-eduardo-vazquez-podria-ser-beneficiado-con-salidas-transitor,sociedad
Tensiones entre la NASA y Elon Musk,Fuertes diferencias por el programa lunar de Estados Unidos,"En plena carrera espacial para llegar a la Luna entre Estados Unidos y China, la NASA dijo que podría elegir otras empresas en lugar de sobre SpaceX para la misión Artemis 3 y el egocéntrico multimillonario explotó.",Melisa Molina,2025-10-22 03:01:00+00:00,https://www.pagina12.com.ar/867552-tensiones-entre-la-nasa-y-elon-musk,sociedad
La joyas robadas valen 102 millones de dólares,En el Louvre sacaron cuentas de las pérdidas del espectacular asalto,"La fiscal de París precisó que los ladrones ""no ganarán"" esa suma ""si tienen la pésima idea de fundir esas joyas"". Agregó que el daño histórico es mucho mayor.",Melisa Molina,2025-10-22 03:01:00+00:00,https://www.pagina12.com.ar/867519-la-joyas-robadas-valen-102-millones-de-dolares,sociedad
La Inteligencia Artificial transforma la investigación y la atención clínica,La necesidad de un marco regulatorio para optimizar los beneficios,www.inteligenciaargentina.ar,Inteligencia Argentina,2025-10-22 03:01:00+00:00,https://www.pagina12.com.ar/867521-la-inteligencia-artificial-transforma-la-investigacion-y-la-,sociedad
El gobierno no cumple la ley y las universidades irán a la justicia,"Milei promulgó la norma que asegura el financiamiento, pero suspendió su ejecución","El oficialismo revela el mismo modus operandi que con discapacidad y
emergencia pediátrica, y ahora se niega a destinar los fondos que decidió el
Congreso para las casas de estudio.",Melisa Molina,2025-10-22 03:01:00+00:00,https://www.pagina12.com.ar/867490-el-gobierno-no-cumple-la-ley-y-las-universidades-iran-a-la-j,sociedad
Una argentina viajó a España por trabajo y ahora está desaparecida,Sospechan que fue secuestrada,"Mariana Lens tiene 26 años, es de Devoto y viajó el 6 de octubre a Palma de Mallorca para trabajar con una familia alemana como niñera. Su familia hace ocho días que perdió contacto con ella. Tuvo breves y extrañas conversaciones con sus amigos.",Melisa Molina,2025-10-22 03:01:00+00:00,https://www.pagina12.com.ar/867492-una-argentina-viajo-a-espana-por-trabajo-y-ahora-esta-desapa,sociedad
Contra el machismo digitalizado,La Defensora del Pueblo en CABA denunció a Varones Unidos por violencia de género,Pablo Laurta fue su fundador. Los acusan de discriminación por motivos de violencia de género digital y odio misógino,Melisa Molina,2025-10-22 03:01:00+00:00,https://www.pagina12.com.ar/867616-contra-el-machismo-digitalizado,sociedad
Luis Advíncula fue denunciado por provocar un choque y luego escaparse,La víctima denunció irregularidades en el accionar policial,"El lateral derecho peruano Luis Advíncula fue denunciado por un choque automovilístico ocurrido en la localidad bonaerense de Canning, partido de Ezeiza.",Melisa Molina,2025-10-21 21:46:53+00:00,https://www.pagina12.com.ar/867540-luis-advincula-fue-denunciado-por-provocar-un-choque-y-luego,sociedad
"Hablaron las hijas del jubilado desaparecido con su pareja en Chubut: ""Es todo muy incierto""",Continúa la búsqueda,"Cerca del vehículo se encontró una fogata, lo que permitió reorientar la búsqueda y rescate hacia la ruta 1, junto a más de 60 voluntarios y perros.",Melisa Molina,2025-10-21 21:44:58+00:00,https://www.pagina12.com.ar/867539-hablaron-las-hijas-del-jubilado-desaparecido-con-su-pareja-e,sociedad
Un turista grabó a uno de los ladrones del Louvre: estaba frente a la vitrina de joyas robadas,"""Sabían muy bien lo que querían"", dijo la ministra de Cultura","Mientras avanza la investigación sobre el robo en el Museo del Louvre, se conoci",Melisa Molina,2025-10-21 03:01:00+00:00,https://www.pagina12.com.ar/867204-un-turista-grabo-a-uno-de-los-ladrones-del-louvre-estaba-fre,sociedad
Declaró Cristian Graf en la causa por el hallazgo de los restos de Diego Fernández Lima,Fue acusado de encubrimiento,"La Justicia confrontó al principal sospechoso del delito de encubrimiento por el crimen del adolescente de 16 años, cuyos huesos fueron encontrados en la pared de un chalet en el barrio porteño de Coghlan, lindante a una casa en la que vivió el cantautor Gustavo Cerati.",Melisa Molina,2025-10-21 03:01:00+00:00,https://www.pagina12.com.ar/867274-declaro-cristian-graf-en-la-causa-por-el-hallazgo-de-los-res,sociedad
"Por qué no hay mujeres ganadoras en ""La voz""",La brecha de género se manifiesta incluso en ámbitos insospechados,"En las cinco ediciones que lleva el programa aquí, siempre ganaron varones. La desigualdad se repite en otros países. Los estereotipos y sesgos en el mundo de la música.",Sonia Santoro,2025-10-21 03:01:00+00:00,https://www.pagina12.com.ar/867309-por-que-no-hay-mujeres-ganadoras-en-la-voz,sociedad
Una caída de la nube de Amazon afecta servicios y aplicaciones de todo el mundo,"La compañia identificó un fallo en Virginia, EE.UU.","Se reportan problemas en redes sociales, webs, apps y juegos en línea como Fortnite y el Clash Royale.",Melisa Molina,2025-10-21 03:01:00+00:00,https://www.pagina12.com.ar/867133-una-caida-de-la-nube-de-amazon-afecta-servicios-y-aplicacion,sociedad
Critica al Museo Británico por una cena frente a los frisos del Partenón,"""Una indiferencia provocadora"", dijo la ministra de Cultura de Grecia","La ministra griega de Cultura, Lina Mendoni, denunció el lunes la “indiferencia provocadora” del Museo Británico, que celebró una cena de recaudación de fondos en la galería",Melisa Molina,2025-10-21 03:01:00+00:00,https://www.pagina12.com.ar/867251-critica-al-museo-britanico-por-una-cena-frente-a-los-frisos-,sociedad
Un concejal de La Libertad Avanza fue detenido por acusaciones de violencia de género,Efectuó dos disparos,Vecinos de San Vicente llamaron a la policía tras escuchar dos detonaciones de arma de fuego. La policía allanó la casa y encontró una pistola calibre 9 milímetros.,Melisa Molina,2025-10-21 03:01:00+00:00,https://www.pagina12.com.ar/867198-un-concejal-de-la-libertad-avanza-fue-detenido-por-acusacion,sociedad
Buscan a una pareja de jubilados que desapareció hace una semana en Chubut,Su familia pide ayuda para encontrarlos,"Su camioneta fue encontrada varada en una zona de difícil acceso, pero no hay rastros de ellos.",Melisa Molina,2025-10-21 03:01:00+00:00,https://www.pagina12.com.ar/867166-buscan-a-una-pareja-de-jubilados-que-desaparecio-hace-una-se,sociedad
Distinción académica para Rita Segato,La Universidad Nacional de Río Negro le entregará el Doctorado Honoris Causa a la antropóloga y activista feminista,La Universidad Nacional de Río Negro le entregará el Doctorado Honoris Causa a la antropóloga y activista feminista Rita Segato.,Melisa Molina,2025-10-21 03:01:00+00:00,https://www.pagina12.com.ar/867278-distincion-academica-para-rita-segato,sociedad
Las mujeres que crían solas a sus hijes,Una radiografía de la monomarentalidad en Argentina,"Las deudas alimentarias, de progenitores que no cumplen con su responsabilidad parental, equivalen al 2,7 por ciento del PBI.",Melisa Molina,2025-10-21 03:01:00+00:00,https://www.pagina12.com.ar/867280-las-mujeres-que-crian-solas-a-sus-hijes,sociedad
El Gobierno de la Ciudad lanzó la licitación pública de la Línea F de subte,Unirá Barracas y Palermo,El gobierno de la Ciudad de Buenos Aires difundió el llamado a licitación pública nacional e internacional para la ejecución de la obra de la,Melisa Molina,2025-10-20 20:32:10+00:00,https://www.pagina12.com.ar/867250-el-gobierno-de-la-ciudad-lanzo-la-licitacion-publica-de-la-l,sociedad
Encontraron muerto al científico del Conicet que estaba desaparecido en Alemania,Conmoción y tristeza,"Alejandro Matías Fracaroli fue hallado en una zona boscosa de Karlsruhe-Rintheim, dentro de un arroyo. El investigador era buscado desde el lunes pasado, en que su familia alertó acerca de la pérdida de contacto con él.",Melisa Molina,2025-10-20 03:01:00+00:00,https://www.pagina12.com.ar/866972-encontraron-muerto-al-cientifico-del-conicet-que-estaba-desa,sociedad
Peleas de motoqueros a los tiros,Un motoclub internacional se enfrentó con uno local en La Plata,"En el último tramo del encuentro internacional de los Hells Angels, la banda protagonizó un tiroteo donde hubo tres heridos y diversos altercados menores.",Melisa Molina,2025-10-19 23:10:51+00:00,https://www.pagina12.com.ar/867043-peleas-de-motoqueros-a-los-tiros,sociedad
"Robo de película en el Louvre: en 7 minutos se llevaron joyas de ""valor incalculable""",Piezas de la colección de Napoleón,"El Museo del Louvre de París, el más visitado del mundo, sufrió un robo digno de una película este domingo, cuando un grupo de ladrones ingresaron al establecimiento y se llevaron",Melisa Molina,2025-10-19 13:23:47+00:00,https://www.pagina12.com.ar/866952-robo-de-pelicula-en-el-louvre-en-7-minutos-se-llevaron-joyas,sociedad
Clima en Buenos Aires: el pronóstico del tiempo para este domingo 19 de octubre,Un Día de la Madre cálido y con algunas nubes,El Servicio Meteorológico Nacional anticipó una temperatura de entre 12 y 22 grados.,Melisa Molina,2025-10-19 10:01:02+00:00,https://www.pagina12.com.ar/866886-clima-en-buenos-aires-el-pronostico-del-tiempo-para-este-dom,sociedad
Efemérides de hoy: qué pasó un 19 de octubre,Hechos que ocurrieron en la Argentina y el mundo,En las efemérides del 19 de octubre sobresalen estos hechos que ocurrieron un día como hoy en la Argentina y el mundo:,Melisa Molina,2025-10-19 07:05:02+00:00,https://www.pagina12.com.ar/864761-efemerides-de-hoy-que-paso-un-19-de-octubre,sociedad
Allanamiento y una persona demorada por el transfemicidio,Investigan el crimen de Azul Semeñenko en Neuquén capital,"El Ministerio Público Fiscal, la policía de Neuquén y personal del Poder Judicial realizaron un allanamiento en un domicilio y demoraron a un sospechoso.",Melisa Molina,2025-10-19 03:01:00+00:00,https://www.pagina12.com.ar/866901-allanamiento-y-una-persona-demorada-por-el-transfemicidio,sociedad
Escoria,A partir de las declaraciones de Patricia Bullrich responsabilizando a las feministas por los femicidios,"La Ministra Patricia Bullrich cruzó el penúltimo peldaño de la escoria, siempre puede transitar uno más escatológico.",Dora Barrancos,2025-10-19 03:01:00+00:00,https://www.pagina12.com.ar/866899-escoria,sociedad
Para ser influencer en China exigirán formación,"Quienes hablen de medicina, educación, derecho y finanzas tendrán que haber estudiado",Las nuevas disposiciones establecen que las plataformas son las encargadas de verificar la educación profesional de los creadores de contenidos. Las multas para quienes violen estas normas van desde los 14 mil dólares hasta la eliminación de las cuentas de los usuarios.,Melisa Molina,2025-10-19 03:01:00+00:00,https://www.pagina12.com.ar/866876-para-ser-influencer-en-china-exigiran-formacion,sociedad
“Tierras raras”: los minerales ocultos que mueven al mundo,Recursos estratégicos que reavivan un nuevo round de la disputa tecnológica entre China y EE.UU.,"Se trata de 17 elementos de la tabla periódica que sirven para fabricar computadoras,
celulares, misiles e insumos médicos. China domina más del 80 por ciento del
mercado y Trump está desesperado.",Melisa Molina,2025-10-19 03:01:00+00:00,https://www.pagina12.com.ar/866882-tierras-raras-los-minerales-ocultos-que-mueven-al-mundo,sociedad
Murió un turista al caer al vacío desde un mirador en el Parque Nacional Los Glaciares,En Santa Cruz,"La Justicia santacruceña investiga las causas del fallecimiento. Se trataba de un médico entrerriano, hermano de Lucía “La Rusa” Fresco, ex integrante de la selección argentina femenina de vóley, “Las Panteras”.",Melisa Molina,2025-10-19 03:01:00+00:00,https://www.pagina12.com.ar/866805-murio-un-turista-al-caer-al-vacio-desde-un-mirador-en-el-par,sociedad
Palermo: el gobierno remata más tierras ferroviarias,Los terrenos de casi una hectárea están ubicados dentro del explayón,"Los vecinos reclaman que se construya allí un gran parque público, pero ya hay una ley que autoriza a levantar edificios.",Melisa Molina,2025-10-18 03:01:00+00:00,https://www.pagina12.com.ar/866674-palermo-el-gobierno-remata-mas-tierras-ferroviarias,sociedad
Declaró Graf por la muerte de Diego Fernández Lima en 1984,"“Ni él ni su familia sabían que había restos óseos en ese lugar”, dijo la abogada de Graf.","El único sospechoso e imputado por la muerte de Diego Fernández Lima --que desapareció en 1984 y sus restos fueron encontrados en mayo de este año-- delcaró ayer ante el juez y el fiscal de la causa. Se trata de Norberto Cristian Graf, que era compañero de colegio de Fernández Lima y vivió toda su vida en la casa en donde encontraron los restos.",Melisa Molina,2025-10-18 03:01:00+00:00,https://www.pagina12.com.ar/866683-declaro-graf-por-la-muerte-de-diego-fernandez-lima-en-1984,sociedad
Quién es el científico argentino desaparecido en Alemania,Fue visto por última vez en la ciudad de Karlsruhe,"Familiares y amigos del investigador cordobés Alejandro Matías Fracaroli perdieron contacto con él hace más de cuatro días, cuando salía de trabajar en el Institito Técnico de Karlsruhe (KIT).",Melisa Molina,2025-10-18 03:01:00+00:00,https://www.pagina12.com.ar/866578-quien-es-el-cientifico-argentino-desaparecido-en-alemania,sociedad
Repudio ante los dichos discriminatorios de Karen Reichardt,La Asociación Argentina de Psiquiatras expresó su preocupación,"La entidad lamentó volver a escuchar que ""dirigentes políticos se refieren a otros mencionando que padecen problemas de salud mental"".",Melisa Molina,2025-10-17 22:17:46+00:00,https://www.pagina12.com.ar/866684-repudio-ante-los-dichos-discriminatorios-de-karen-reichardt,sociedad
Dos ciudades argentinas fueron reconocidas a nivel internacional,Recibieron premios del programa Best Tourism Villages de ONU Turismo,Las localidades de Maimará (Jujuy) y Colonia Carlos Pellegrini (Corrientes) fueron reconocidas entre los 52 destinos del mundo distinguidos en una nueva edición del programa Best Tourism Vil,Melisa Molina,2025-10-17 19:55:42+00:00,https://www.pagina12.com.ar/866649-dos-ciudades-argentinas-fueron-reconocidas-a-nivel-internaci,sociedad
Protestas en las oficinas del Andis: manifestantes ingresaron al edificio y piden por las autoridades,Familias y trabajadores desesperados,El Gobierno no implementa la ley de emergencia en discapacidad ratificada en el Congreso tras el rechazo al veto presidencial. El desgarrador testimonio de una mamá de dos chicos con discapacidad.,Melisa Molina,2025-10-17 15:28:40+00:00,https://www.pagina12.com.ar/866588-protestas-en-las-oficinas-del-andis-manifestantes-ingresaron,sociedad
"La madre de Diego Fernández Lima habló por primera vez y apuntó contra Cristian Graf: “Mató a mi hijo, sólo pido justicia”",El misterioso crimen de Coghlan,Hoy declarará el único imputado en la causa que investiga el homicidio. El juez lo citó en el marco de la sospecha de encubrimiento agravado.,Melisa Molina,2025-10-17 13:59:37+00:00,https://www.pagina12.com.ar/866568-la-madre-de-diego-fernandez-lima-hablo-por-primera-vez-y-apu,sociedad
Cristian Graf declarará por el crimen de Diego Fernández Lima,A meses del hallazgo de los huesos de la víctima,"El hombre de 58 años está imputado por el delito de encubrimiento agravado. La causa está prescripta, pero el fiscal Martín López Perrando insiste en darle respuesta a los familiares del adolescente después de décadas de incertidumbre.",Melisa Molina,2025-10-17 13:09:30+00:00,https://www.pagina12.com.ar/866559-cristian-graf-declarara-por-el-crimen-de-diego-fernandez-lim,sociedad
Clima en Buenos Aires: el pronóstico del tiempo para este viernes 17 de octubre,Cómo estará el fin de semana,El SMN indicó que la temperatura llegará a los 22 grados en el AMBA,Melisa Molina,2025-10-17 09:44:37+00:00,https://www.pagina12.com.ar/866530-clima-en-buenos-aires-el-pronostico-del-tiempo-para-este-vie,sociedad
Efemérides de hoy: qué pasó un 17 de octubre,Hechos que ocurrieron en la Argentina y el mundo,En las efemérides del 17 de octubre sobresalen estos hechos que ocurrieron un día como hoy en la Argentina y el mundo:,Melisa Molina,2025-10-17 07:05:01+00:00,https://www.pagina12.com.ar/864758-efemerides-de-hoy-que-paso-un-17-de-octubre,sociedad
Buscan responsabilidades por los quemados,La Justicia investigará la explosión en el colegio de Palermo,Hubo cinco heridos en la Feria de Ciencias y uno sigue en terapia intensiva. Un alumno tiró alcohol a un mechero.,Melisa Molina,2025-10-17 03:01:00+00:00,https://www.pagina12.com.ar/866402-buscan-responsabilidades-por-los-quemados,sociedad
"Tras el derrumbe del puente en la General Paz, habilitaron el tránsito",Luego de varias horas de interrupción,"Luego de varias horas de interrupción, se reabrió el tránsito en ambos sentidos de la avenida General Paz, luego de que se retiraran los restos de un",Melisa Molina,2025-10-17 01:03:43+00:00,https://www.pagina12.com.ar/866475-tras-el-derrumbe-del-puente-en-la-general-paz-habilitaron-el,sociedad
"""No nos dejen solos, se tiene que hacer justicia"", declaró el hermano de Azul Semeñenko",En la marcha por el reciente transfemicidio en Neuquén,Marcos Semeñenko participó este jueves de la marcha convocada en la capital neuquina para pedir el esclarecimiento del hecho que conmocionó a la ciudad. El cuerpo de la víctima fue hallado luego de más de 20 días desde la desaparición de la trabajadora estatal.,Melisa Molina,2025-10-16 23:20:48+00:00,https://www.pagina12.com.ar/866432-no-nos-dejen-solos-se-tiene-que-hacer-justicia-declaro-el-he,sociedad
"""Te vine a buscar"": el estremecedor relato de Soledad Larghi sobre el acoso que sufrió",Tras la denuncia pública de su colega Agustina Peñalva,"La conductora de América TV reveló el violento episodio que padeció en 2016, cuando un hombre la esperó durante horas y la interceptó al salir de la radio.",Melisa Molina,2025-10-16 22:31:21+00:00,https://www.pagina12.com.ar/866407-te-vine-a-buscar-el-estremecedor-relato-de-soledad-larghi-so,sociedad
Aerolíneas Argentinas suspendió 8 aviones tras una falla técnica,En los modelos Boeing 737-800,Las aeronaves que salieron de circulación representan casi el 10% de la flota total de la aerolínea de bandera.,Melisa Molina,2025-10-16 18:50:01+00:00,https://www.pagina12.com.ar/866342-aerolineas-argentinas-suspendio-8-aviones-tras-una-falla-tec,sociedad
Choque y derrumbre de un puente en General Paz,Un camión impactó contra la estructura,"Un puente peatonal que atraviesa la avenida General Paz sentido al Riachuelo se derrumbó parcialmente este jueves, luego de que un camión con pluma mecánica chocara contra la e",Melisa Molina,2025-10-16 17:37:18+00:00,https://www.pagina12.com.ar/866325-choque-y-derrumbre-de-un-puente-en-general-paz,sociedad
Ninguna mujer nace para puta,No disponible,Acaban de descuartizar y enterrar en un pozo a tres chicas en Florencia Varela. Se habla mucho de la trama narco.,Guido Leonardo Croxatto,2025-10-16 16:33:13+00:00,https://www.pagina12.com.ar/866309-ninguna-mujer-nace-para-puta,sociedad
Explosión en la feria de ciencia en Pergamino: cómo está la niña internada en el Garrahan,Último parte médico,"La nena, de 10 años, resultó herida de gravedad cuando un experimento que simulaba ser un volcán explotó.",Melisa Molina,2025-10-16 13:09:54+00:00,https://www.pagina12.com.ar/866273-explosion-en-la-feria-de-ciencia-en-pergamino-como-esta-la-n,sociedad
Clima en Buenos Aires: el pronóstico del tiempo para este jueves 16 de octubre,Veranito,El SMN indicó que la temperatura máxima llegará a los 28 grados en el AMBA.,Melisa Molina,2025-10-16 09:34:01+00:00,https://www.pagina12.com.ar/866239-clima-en-buenos-aires-el-pronostico-del-tiempo-para-este-jue,sociedad
Efemérides de hoy: qué pasó un 16 de octubre,Hechos que ocurrieron en la Argentina y el mundo,En las efemérides del 16 de octubre sobresalen estos hechos que ocurrieron un día como hoy en la Argentina y el mundo:,Melisa Molina,2025-10-16 07:05:02+00:00,https://www.pagina12.com.ar/864435-efemerides-de-hoy-que-paso-un-16-de-octubre,sociedad
Trabajadores del Garrahan anunciaron una caravana a la Quinta de Olivos,"Sábado de ""ruidazo"" para exigir la aplicación de las leyes votadas en el Congreso","La Asociación de Profesionales y Técnicos (APyT) del Hospital Garrahan realizará este sábado una caravana hasta la Quinta de Olivos para exigir que se apliquen ""de manera inmediata"" l",Melisa Molina,2025-10-15 21:24:10+00:00,https://www.pagina12.com.ar/866098-trabajadores-del-garrahan-anunciaron-una-caravana-a-la-quint,sociedad
Una explosión en un colegio de Palermo dejó 5 estudiantes heridos,"""Estaban manipulando alcohol y fuego""",Dos jóvenes fueron trasladados a distintos centros de salud de la Ciudad con lesiones graves por las quemaduras. Otras tres personas fueron atendidas en el lugar por el Same.,Melisa Molina,2025-10-15 14:51:34+00:00,https://www.pagina12.com.ar/866018-una-explosion-en-un-colegio-de-palermo-dejo-5-estudiantes-he,sociedad
La significativa frase que Pablo Laurta le dijo al taxista que lo llevó a Entre Ríos,Cómo fue el viaje del acusado con su hijo,"El chofer dio detalles de lo ocurrido durante el trayecto entre la capital cordobesa y la ciudad entrerriana de Concordia. Este miércoles, el urugayo acusado de doble femicidio, homicidio y de secuestrar a su hijo deberá prestar declaración",Melisa Molina,2025-10-15 13:59:53+00:00,https://www.pagina12.com.ar/866007-la-significativa-frase-que-pablo-laurta-le-dijo-al-taxista-q,sociedad
La Anmat prohibió la venta de una popular golosina,"""Producto apócrifo""",El organismo indicó que no contaba con registros y presentaba información falsa en su rotulado. También prohibió una marca de productos keto.,Melisa Molina,2025-10-15 12:38:39+00:00,https://www.pagina12.com.ar/865995-la-anmat-prohibio-la-venta-de-una-popular-golosina,sociedad
"Habló Pablo Laurta, acusado por doble femicidio, homicidio y secuestro: ""Todo fue por justicia""",Antes de su traslado,"El acusado será indagado este miércoles en Entre Ríos por el crimen del chofer de aplicación Matías Sebastián Palacio. Luego podría ser llevado a Córdoba, para declarar por los crímenes de su expareja y su exsuegra,",Melisa Molina,2025-10-15 11:04:28+00:00,https://www.pagina12.com.ar/865981-hablo-pablo-laurta-acusado-por-doble-femicidio-homicidio-y-s,sociedad
Clima en Buenos Aires: el pronóstico del tiempo para este miércoles 15 de octubre,Jornada cálida,La temperatura en el AMBA llegará a los 27 grados en el AMBA.,Melisa Molina,2025-10-15 09:47:24+00:00,https://www.pagina12.com.ar/865966-clima-en-buenos-aires-el-pronostico-del-tiempo-para-este-mie,sociedad
Efemérides de hoy: qué pasó un 15 de octubre,Hechos que ocurrieron en la Argentina y el mundo,En las efemérides del 15 de octubre sobresalen estos hechos que ocurrieron un día como hoy en la Argentina y el mundo:,Melisa Molina,2025-10-15 07:05:01+00:00,https://www.pagina12.com.ar/864434-efemerides-de-hoy-que-paso-un-15-de-octubre,sociedad
Un nuevo video que banaliza un femicidio,Lo hizo un boliche de San Juan para promocionar una fiesta de Halloween,"Se va a una chica siendo secuestrada, colocada en una bolsa y luego amenazada para que confiese una dirección.",Melisa Molina,2025-10-15 03:01:00+00:00,https://www.pagina12.com.ar/865909-un-nuevo-video-que-banaliza-un-femicidio,sociedad
Sobre la legitimación de los discursos de odio,No disponible,"“Al final no habrá ganadores ni perdedores, sino vivos y muertos”, publicó en su cuenta de X el presunto femicida Pablo Laurta en marzo de 2024.",Gabriela Estévez,2025-10-15 03:01:00+00:00,https://www.pagina12.com.ar/865811-sobre-la-legitimacion-de-los-discursos-de-odio,sociedad
Despidieron a un delegado del Museo Malvinas,"Trabaja en el área de educación, diezmada por el vaciamiento","Lo denuncian como persecución sindical y un acto ilegal, en un contexto de desmalvinización. Temen más despidos.",Melisa Molina,2025-10-15 03:01:00+00:00,https://www.pagina12.com.ar/865889-despidieron-a-un-delegado-del-museo-malvinas,sociedad
Trabajadores caninos insisten para que se trate la ley que regule sus derechos,"Si no se debate en diciembre, perderá su estado parlamentario",El Sindicato de Trabajadores Caninos (STC) exige que se reconozca legalmente el trab,Melisa Molina,2025-10-14 21:10:52+00:00,https://www.pagina12.com.ar/865766-trabajadores-caninos-insisten-para-que-se-trate-la-ley-que-r,sociedad
Los pilotos de Aerolíneas Argentinas retomarán las asambleas en Aeroparque,Posibles cancelaciones y demoras,"El gremio de pilotos informó que, por el fracaso de las negociaciones con las autoridades de la empresa, se mantiene el plan de lucha.",Melisa Molina,2025-10-14 17:53:46+00:00,https://www.pagina12.com.ar/865699-los-pilotos-de-aerolineas-argentinas-retomaran-las-asambleas,sociedad
"Paro nacional docente, hoy: sin clases y movilización al Congreso",La medida abarca a todos los niveles,"La protesta, que llegará al Palacio Pizzurno, es en reclamo de una nueva Ley de Financiamiento Educativo, la convocatoria a la Paritaria Nacional Docente, la restitución del FONID y mayor presupuesto educativo que garantice condiciones dignas para enseñar y aprender.",Melisa Molina,2025-10-14 12:54:32+00:00,https://www.pagina12.com.ar/865638-paro-docente-hoy-sin-clases-y-movilizacion-al-congreso,sociedad
"El doble femicidio, Varones Unidos y la batalla cultural de la denuncias falsas",Laurta y la cofradía de Agustín Laje y Nicolás Marquez,"Laje, ideólogo libertario, salió a desligarse del detenido por el brutal crimen en Córdoba. Pero las fotos y los saludos con Laurta no son la razón por la que se lo vincula con él, sino sus esfuerzos por convocar a que los varones sientan supremacía sobre las mujeres.",Melisa Molina,2025-10-14 11:46:17+00:00,https://www.pagina12.com.ar/865624-el-doble-femicidio-varones-unidos-y-la-batalla-cultural-de-l,sociedad
Clima en Buenos Aires: el pronóstico del tiempo para este martes 14 de octubre,Jornada templada,La temperatura en el AMBA llegará a los 24 grados.,Melisa Molina,2025-10-14 09:50:56+00:00,https://www.pagina12.com.ar/865608-clima-en-buenos-aires-el-pronostico-del-tiempo-para-este-mar,sociedad
Efemérides de hoy: qué pasó un 14 de octubre,Hechos que ocurrieron en la Argentina y el mundo,En las efemérides del 14 de octubre sobresalen estos hechos que ocurrieron un día como hoy en la Argentina y el mundo:,Melisa Molina,2025-10-14 07:05:02+00:00,https://www.pagina12.com.ar/864433-efemerides-de-hoy-que-paso-un-14-de-octubre,sociedad
"El Museo del Holocausto de Buenos Aires reconoce a una estudiante jujeña por

promover la inclusión y los derechos humanos","Premio “La Rosa Blanca” por su valiente lucha contra la

discriminación","El Museo del Holocausto de Buenos Aires, en colaboración con la Embajada de los Estados Unidos en la Argentina, se complace en anunciar que Agustina Sofía Mikaela Cruz, estudiante de nivel secundar",Melisa Molina,2025-10-14 03:10:33+00:00,https://www.pagina12.com.ar/865660-el-museo-del-holocausto-de-buenos-aires-reconoce-a-una-estud,sociedad
Lo que revela el doble femicidio de Córdoba,No disponible,"Mientras escribo estas líneas sobre el doble femicidio de Córdoba y su principal sospechoso, el uruguayo Pablo Laurta, otro femicidio nos sacude, esta vez en Chaco: en Avia Terai encontraron asesin",Mariana Carbajal,2025-10-14 03:01:00+00:00,https://www.pagina12.com.ar/865572-lo-que-revela-el-doble-femicidio-de-cordoba,sociedad
"Un muerto tras un choque entre un micro de larga distancia, una camioneta y un auto en la ruta 3",Más problemas de seguridad vial,"Un muerto y al menos tres heridos fue el resultado de un choque del que participaron un micro de larga distancia, una camioneta y un automóvil en",Melisa Molina,2025-10-14 03:01:00+00:00,https://www.pagina12.com.ar/865474-un-muerto-tras-un-choque-entre-un-micro-de-larga-distancia-u,sociedad
Un auto atropelló a varios peatones en pleno centro de Córdoba,Un momento de terror en la calle,Siete personas resultaron heridas tras ser atropelladas por un auto en pleno centro de la ciudad de Córdoba.,Melisa Molina,2025-10-14 03:01:00+00:00,https://www.pagina12.com.ar/865495-un-auto-atropello-a-varios-peatones-en-pleno-centro-de-cordo,sociedad
"El Nobel de Economía, Peter Howitt, advirtió sobre los riesgos de la IA",Los efectos de la destrucción creativa de las nuevas tecnologías,"Para el economista, esta tecnología tiene un potencial para destruir otros empleos o reemplazar mano de obra altamente calificada por lo cual resulta necesario bregar por su regulación.",Melisa Molina,2025-10-13 23:47:41+00:00,https://www.pagina12.com.ar/865526-el-nobel-de-economia-peter-howitt-advirtio-sobre-los-riesgos,sociedad
Convocan a una movilización en Córdoba tras el doble femicidio de Luna y Mariel,"""Exigimos que no vuelva a pasar""",La organización Ni Una Menos convocó a movilizarse esta tarde en el Patio Olmos tras el doble femicidio de Luna Giardina y Mariel Zamudio. Reclaman políticas públicas que frenen la violencia y los discursos de odio.,Melisa Molina,2025-10-13 18:48:34+00:00,https://www.pagina12.com.ar/865429-convocan-a-una-movilizacion-en-cordoba-tras-el-doble-femicid,sociedad
"Volvían de ver el ascenso de Gimnasia de Mendoza a Primera, chocaron con un poste y volcaron","Murieron una beba y un adolescente, y hay tres internados","Dos integrantes de una familia mendocina murieron y tres sufrieron heridas graves este domingo, al chocar su auto contra un poste de luz cuando volvían de ver el partido de",Melisa Molina,2025-10-13 18:03:39+00:00,https://www.pagina12.com.ar/865418-volvian-de-ver-el-ascenso-de-gimnasia-de-mendoza-a-primera-c,sociedad
Paro docente: los sindicatos ratificaron la medida de fuerza y este martes no habrá clases,En todo el país,La medida de fuerza tendrá impacto en todos los niveles educativos. ¿Cuáles son los reclamos de los gremios docentes?,Melisa Molina,2025-10-13 16:18:40+00:00,https://www.pagina12.com.ar/865394-paro-docente-los-sindicatos-ratificaron-la-medida-de-fuerza-,sociedad
¿Cuándo es el próximo feriado?: cuántos fines de semana largo quedan en el año,Calendario 2025,"Tras el feriado por el 12 de octubre, habrá que esperar hasta noviembre para un descanso de tres días.",Melisa Molina,2025-10-13 15:43:08+00:00,https://www.pagina12.com.ar/865386-cuando-es-el-proximo-feriado-cuantos-fines-de-semana-largo-q,sociedad
Un detenido por el crimen de la chica de 14 años en una fiesta clandestina en Quilmes,Es un adolescente de 17 años,"La chica recibió un disparo en la cabeza durante un enfrentamiento entre grupos, en una fiesta. Además del detenido, buscan a un joven de 18 años.",Melisa Molina,2025-10-13 15:15:30+00:00,https://www.pagina12.com.ar/865383-un-detenido-por-el-crimen-de-la-chica-de-14-anos-en-una-fies,sociedad
Doble femicidio y secuestro: sigue la búsqueda del remisero que trasladó a Laurta a Entre Ríos,Desaparecido desde el 7 de octubre,"El hombre, detenido por el crimen de su expareja y su exsuegra y por el secuestro de su hijo de 5 años, ahora está sospechado también por la desaparición del chofer que lo trasladó.",Melisa Molina,2025-10-13 13:14:40+00:00,https://www.pagina12.com.ar/865364-doble-femicidio-y-secuestro-sigue-la-busqueda-del-remisero-q,sociedad
El Premio Nobel de Economía 2025 fue para trabajos que explican el crecimiento impulsado por la innovación,"Para Joel Mokyr, Philippe Aghion y Peter Howitt",Fueron distinguidos por sus investigaciones sobre el progreso tecnológico y la destrucción creativa como motores del desarrollo económico sostenido.,Melisa Molina,2025-10-13 10:30:47+00:00,https://www.pagina12.com.ar/865333-el-premio-nobel-de-economia-2025-fue-para-trabajos-que-expli,sociedad
Clima en Buenos Aires: el pronóstico del tiempo para este lunes 13 de octubre,Jornada templada,El SMN indicó que la temperatura en el AMBA llegará a los 23 grados.,Melisa Molina,2025-10-13 09:35:30+00:00,https://www.pagina12.com.ar/865327-clima-en-buenos-aires-el-pronostico-del-tiempo-para-este-lun,sociedad
Efemérides de hoy: qué pasó un 13 de octubre,Hechos que ocurrieron en la Argentina y el mundo,En las efemérides del 13 de octubre sobresalen estos hechos que ocurrieron un día como hoy en la Argentina y el mundo:,Melisa Molina,2025-10-13 07:05:02+00:00,https://www.pagina12.com.ar/864431-efemerides-de-hoy-que-paso-un-13-de-octubre,sociedad
La reconstrucción de la escena,El triple femicidio de Florencio Varela bajo la lupa,"Según la investigación, dentro de la casa fatal había “un número indeterminado de sujetos de distinto sexo”.",Melisa Molina,2025-10-12 03:01:00+00:00,https://www.pagina12.com.ar/865089-la-reconstruccion-de-la-escena,sociedad
Operaron en el Garrahan a la alumna herida,"Repercusiones de la explosión del ""volcán"" en la feria de ciencias escolar en Pergamino",La niña de 10 años herida fue intervenida quirúrgicamente. Su situación es crítica y su pronóstico reservado. Se inició una investigación y hay más de 10 heridos.,Melisa Molina,2025-10-12 03:01:00+00:00,https://www.pagina12.com.ar/865121-operaron-en-el-garrahan-a-la-alumna-herida,sociedad
Las piezas de la trama siniestra aun no encajan,Hay nueve detenidos y cuatro prófugos pero no queda claro quién es el líder,Una detenida señala a Sotacuro como la figura más jerárquica del grupo y a quien le robaron la droga. Describió una estructura en la que el “abuelo” es el líder.,Melisa Molina,2025-10-12 03:01:00+00:00,https://www.pagina12.com.ar/865078-las-piezas-de-la-trama-siniestra-aun-no-encajan,sociedad
Se canceló el encuentro global de infancias trans en Tucumán,"Fue por ""hostigamiento y agresiones"" en la web","La intolerancia resultado del desconocimiento, fue más fuerte.",Melisa Molina,2025-10-12 03:01:00+00:00,https://www.pagina12.com.ar/865122-se-cancelo-el-encuentro-global-de-infancias-trans-en-tucuman,sociedad
Un testigo clave contó cómo escapó el asesino,Se va esclareciendo el doble femicidio de Bahía Blanca,Un vecino lo vio irse moto poco antes de que se viera el incendio del domicilio. Algunas pistas indican que el detenido sería familiar de ambas.,Melisa Molina,2025-10-12 03:01:00+00:00,https://www.pagina12.com.ar/865119-un-testigo-clave-conto-como-escapo-el-asesino,sociedad
Un fallo contra la violencia obstétrica,La Justicia de Córdoba rechazó una apelación del sanatorio privado,"Una clínica privada de Villa Carlos Paz fue condenada por no asistir a una madre en trabajo de parto. La Justicia consideró al caso ""violencia obstétrica como una modalidad de violencia de género hacia las mujeres"".",Melisa Molina,2025-10-12 03:01:00+00:00,https://www.pagina12.com.ar/865125-un-fallo-contra-la-violencia-obstetrica,sociedad
"Arsat, una historia dorada que se tiñó de gris",A diez años del lanzamiento de los satélites geoestacionarios de telecomunicaciones,"Aunque podría reanudarse la fabricación del Arsat III porque el dinero está, falta voluntad política. El futuro de la red federal de fibra óptica y del centro de datos también es incierto. En el fondo, los modelos de país condicionan todo.",Melisa Molina,2025-10-12 03:01:00+00:00,https://www.pagina12.com.ar/865065-arsat-una-historia-dorada-que-se-tino-de-gris,sociedad
Murió la última elefanta del Ecoparque porteño en el santuario de Brasil,Tenía 35 años y había sido trasladada en abril de este año,"Pupy, la elefanta africana que permaneció 32 años en cautiverio en el ex zoológico de Palermo, ahora reconvertido en Ecoparque de la Ciudad de Buenos Aires, murió este viernes por la noch",Melisa Molina,2025-10-11 21:16:20+00:00,https://www.pagina12.com.ar/865055-murio-la-ultima-elefanta-del-ecoparque-porteno-en-el-santuar,sociedad
Rige un alerta meteorológico en el AMBA por el avance de un frente frío y tormentas,El aviso del Servicio Meteorológico Nacional,"El organismo nacional prevee un descenso abrupto de temperaturas para este domingo, marcado además por la presencia de chaparrones durante todo el día.",Melisa Molina,2025-10-11 13:21:59+00:00,https://www.pagina12.com.ar/865000-rige-un-alerta-meteorologico-en-el-amba-por-el-avance-de-un-,sociedad
Es octubre,No disponible,"Es octubre quien manda en la calle,Son los cambios que deben llegarEs América toda una madre,de su vientre saldrá el salvadorque nos guiará”.",Marcelo Rudaeff (Rudy),2025-10-11 13:03:36+00:00,https://www.pagina12.com.ar/864999-es-octubre,sociedad
Drama en Pergamino: una explosión en una feria de ciencias escolar dejó al menos diez heridos,Una niña fue trasladada al Garrahan,"Ocurrió este jueves en el Instituto Comercial Rancagua, cuando alumnos quisieron emular la entrada en erupción de un volcán.",Melisa Molina,2025-10-10 13:37:43+00:00,https://www.pagina12.com.ar/864738-drama-en-pergamino-una-explosion-en-una-feria-de-ciencias-es,sociedad
El Premio Nobel de la Paz 2025 fue para la venezolana María Corina Machado,Líder de la oposición a Nicolás Maduro,"El jurado la destacó como ""una figura clave unificadora en una oposición política que antes estuvo profundamente dividida"". Recientemente, la dirigente respaldó el despliegue militar de Estadso Unidos en el Caribe.",Melisa Molina,2025-10-10 09:59:09+00:00,https://www.pagina12.com.ar/864697-el-premio-nobel-de-la-paz-2025-fue-para-la-venezolana-maria-,sociedad
Clima en Buenos Aires: el pronóstico del tiempo para este viernes 10 de octubre,Jornada de calor,El SMN indicó que la temperatura máxima en el AMBA llegará a los 29 grados.,Melisa Molina,2025-10-10 09:34:11+00:00,https://www.pagina12.com.ar/864696-clima-en-buenos-aires-el-pronostico-del-tiempo-para-este-vie,sociedad
Efemérides de hoy: qué pasó un 10 de octubre,Hechos que ocurrieron en la Argentina y el mundo,En las efemérides del 10 de octubre sobresalen estos hechos que ocurrieron un día como hoy en la Argentina y el mundo:,Melisa Molina,2025-10-10 07:05:02+00:00,https://www.pagina12.com.ar/864015-efemerides-de-hoy-que-paso-un-10-de-octubre,sociedad
Doble crimen de Bahía Blanca: detienen a un familiar de las víctimas,Tiene una moto parecida a la que fue vista en la escena de los asesinatos,Un familiar de la madre y la hija que fueron halladas calcinadas en una habitación tras un incendio en una vivienda de Bahía Blanca fue demorado en la tarde de este jueves en el marco de la investi,Melisa Molina,2025-10-10 03:01:00+00:00,https://www.pagina12.com.ar/864630-doble-crimen-de-bahia-blanca-detienen-a-un-familiar-de-las-v,sociedad
Más años de condena en el segundo juicio por la violación masiva de Gisèle Pelicot,El consentimiento es la clave,"El acusado, el único que apeló la primera condena, fue encontrado culpable. Deberá cumplir 10 años de prisión.",Melisa Molina,2025-10-10 03:01:00+00:00,https://www.pagina12.com.ar/864485-mas-anos-de-condena-en-el-segundo-juicio-por-la-violacion-ma,sociedad
Por amor a la arquitectura,Este fin de semana 130 edificios de CABA abren al público de manera gratuita,"La idea es experimentar la estética edilicia de manera guiada en el contexto de Open House, un evento mundial que socializa el acceso a piezas de diseño con valor artístico, en general no abiertas al público.",Julián Varsavsky,2025-10-10 03:01:00+00:00,https://www.pagina12.com.ar/864362-por-amor-a-la-arquitectura,sociedad
Microcentro: la calle Viamonte se transforma,Habrá menos tránsito y más espacio peatonal y áreas verdes,La calle Viamonte del microcentro porteño cambiará su aspecto en los próximos meses.,Melisa Molina,2025-10-10 03:01:00+00:00,https://www.pagina12.com.ar/864596-microcentro-la-calle-viamonte-se-transforma,sociedad
Thiago Medina recibió el alta médica y habló de sus nuevos proyectos,"""La moto no la uso más""","Después de 28 días en el hospital, el ex Gran Hermano volvió a su casa y aseguró que el accidente le cambió la forma de ver la vida.",Melisa Molina,2025-10-10 03:01:00+00:00,https://www.pagina12.com.ar/864473-thiago-medina-recibio-el-alta-medica-y-hablo-de-sus-nuevos-p,sociedad
"Susto en Chubut: por una falla en una turbina, un avión tuvo que abortar su despegue",No hubo heridos,"Ocurrió cuando un Boeing 737 de Aerolíneas Argentinas, que debía partir hacia la Ciudad de Buenos Aires, realizaba las maniobras de despegue. Según precisaron, el servicio se demoró hasta que se realicen las inspecciones técnicas correspondientes y se reanuden las operaciones en las pistas.",Melisa Molina,2025-10-10 03:01:00+00:00,https://www.pagina12.com.ar/864409-susto-en-chubut-por-una-falla-en-una-turbina-un-avion-tuvo-q,sociedad
"Javier Milei, perro faldero de Donald Trump: las creativas esculturas de un artista chileno",En el Museo de Cera de Madrid,Nicolás Miranda ingresó infraganti al Museo de Cera de Madrid con una serie de muñecos de figuras cuestionadas en todo el mundo y las ubicó todas a los pies de la estatua del presidente de Estados Unidos en el Salón Oval. El impacto de la obra de arte político.,Melisa Molina,2025-10-09 19:08:36+00:00,https://www.pagina12.com.ar/864487-javier-milei-perro-faldero-de-donald-trump-las-creativas-esc,sociedad
Misiones reconoce la menopausia como una cuestión de salud pública,La provincia sancionó una ley pionera en la defensa de los derechos sanitarios,Misiones sancionó una ley pionera sobre menopausia y climaterio.,Mariana Carbajal,2025-10-09 18:39:03+00:00,https://www.pagina12.com.ar/864478-misiones-reconoce-la-menopausia-como-una-cuestion-de-salud-p,sociedad
"Thiago Medina, el ex participante de Gran Hermano, recibirá el alta médica",A 28 días de su internación por un accidente en moto,"Lo confirmó su ex pareja, Daniela Celis, también conocida por el reality show. La salud del joven evolucionó favorablemente en las últimas semanas, luego de  haberse sometido a tres operaciones.",Melisa Molina,2025-10-09 14:56:23+00:00,https://www.pagina12.com.ar/864425-thiago-medina-el-ex-participante-de-gran-hermano-recibira-el,sociedad
Asambleas de pilotos en Aeroparque podrían afectar los vuelos de Aerolíneas Argentinas,En la antesala del fin de semana largo,"La compañía estimó que sus servicios podrían sufrir demoras o cancelaciones, por la asamblea convocada para este tarde por APLA, el gremio que nuclea a los pilotos, en demanda de la apertura de negociaciones paritarias y por el incumplimiento de los convenios colectivos de trabajo.",Melisa Molina,2025-10-09 13:23:17+00:00,https://www.pagina12.com.ar/864402-asambleas-de-pilotos-en-aeroparque-podrian-afectar-los-vuelo,sociedad
El Premio Nobel de Literatura 2025 fue para el autor húngaro László Krasznahorkai,Anuncio de la Academia Sueca,"El escritor fue distinguido “por su obra cautivadora y visionaria que, en medio del terror apocalíptico, reafirma el poder del arte”.",Melisa Molina,2025-10-09 11:12:17+00:00,https://www.pagina12.com.ar/864375-el-premio-nobel-2025-fue-para-el-autor-hungaro-laszlo-kraszn,sociedad
Clima en Buenos Aires: el pronóstico del tiempo para este jueves 9 de octubre,Calor,La temperatura en el AMBA llegará a los 27 grados.,Melisa Molina,2025-10-09 09:50:17+00:00,https://www.pagina12.com.ar/864363-clima-en-buenos-aires-el-pronostico-del-tiempo-para-este-jue,sociedad
Efemérides de hoy: qué pasó un 9 de octubre,Hechos que ocurrieron en la Argentina y el mundo,En las efemérides del 9 de octubre sobresalen estos hechos que ocurrieron un día como hoy en la Argentina y el mundo:,Melisa Molina,2025-10-09 07:05:01+00:00,https://www.pagina12.com.ar/864014-efemerides-de-hoy-que-paso-un-9-de-octubre,sociedad
Los “arquitectos moleculares” se llevan el Nobel de Química,"Susumu Kitagawa, Richard Robson y Omar Yaghi fueron distinguidos por la Real Academia de Ciencias sueca","Realizaron trabajos pioneros al crear estructuras metalorgánicas, que
tienen la capacidad de absorber contaminantes, almacenar gases tóxicos y captar
agua en zonas desérticas. La opinión de referentes del Conicet.",Pablo Esteban,2025-10-09 03:01:00+00:00,https://www.pagina12.com.ar/864212-los-arquitectos-moleculares-se-llevan-el-nobel-de-quimica,sociedad
Una madre y su hija fueron halladas calcinadas en Bahía Blanca,Se investiga como doble femicidio,"Dos mujeres fueron halladas muertas en la madrugada de este miércoles en una casa ubicada en el barrio Thompson, de la ciudad de Bahía Blanca.",Melisa Molina,2025-10-09 03:01:00+00:00,https://www.pagina12.com.ar/864170-una-madre-y-su-hija-fueron-halladas-calcinadas-en-bahia-blan,sociedad
Condenaron a 21 años al policía que asesinó a Bastian,El nene de 10 años fue alcanzado por dos de los balazos que disparó el agente,"El policía bonaerense Juan Alberto García Tonzo (31) fue condenado hoy a 21 años de cárcel por el crimen de Bastian Escalante Montoya, el niño de 10 años asesinado en la loc",Melisa Molina,2025-10-09 03:01:00+00:00,https://www.pagina12.com.ar/864223-condenaron-a-21-anos-al-policia-que-asesino-a-bastian,sociedad
Efemérides de hoy: qué pasó un 8 de octubre,Hechos que ocurrieron en la Argentina y el mundo,En las efemérides del 8 de octubre sobresalen estos hechos que ocurrieron un día como hoy en la Argentina y el mundo:,Melisa Molina,2025-10-08 07:05:02+00:00,https://www.pagina12.com.ar/864011-efemerides-de-hoy-que-paso-un-8-de-octubre,sociedad
“La ludopatía es un atentado contra la vida”,La Iglesia pide urgente tratamiento y aprobación de la ley,"Los obispos católicos argentinos, a través de una carta de su Comisión Ejecutiva dirigida a la presidenta del Senado, piden “voluntad política” y reclaman “con respeto y firmeza” la aprobación del proyecto de ley sobre ludopatía que ya tiene media sanción de Diputados y que corre el riesgo de perder estado parlamentario. Advierten sobre la existencia de intereses económicos que se oponen a la sanción de la norma.",Washington Uranga,2025-10-08 03:01:00+00:00,https://www.pagina12.com.ar/863929-la-ludopatia-es-un-atentado-contra-la-vida,sociedad
Un violador que niega lo evidente,"El acusado de violar a Gisele Pelicot sabía que estaba dormida, según un investigador","Es el único de los condenados que apeló la condena por abusar de una mujer adormecida por su marido, quien hacía videos.",Melisa Molina,2025-10-08 03:01:00+00:00,https://www.pagina12.com.ar/863917-un-violador-que-niega-lo-evidente,sociedad
Dinamarca buscará restringir el uso de redes sociales a menores de 15 años,"""Están robándoles la infancia a nuestros chicos""","Lo anunció la primera ministra, aunque todavía no presentó oficialmente el proyecto. La medida toma fuerza en un contexto donde diversos países están legislando restricciones a las redes para infancias y adolescencias.",Melisa Molina,2025-10-08 03:01:00+00:00,https://www.pagina12.com.ar/863947-dinamarca-buscara-restringir-el-uso-de-redes-sociales-a-meno,sociedad
"Derechos, identidad y la búsqueda de convivencia con la IA",El arte en la encrucijada digital,https://inteligenciaargentina.ar,Inteligencia Argentina,2025-10-08 03:01:00+00:00,https://www.pagina12.com.ar/863935-derechos-identidad-y-la-busqueda-de-convivencia-con-la-ia,sociedad
Un premio para los que captaron en acción a la mecánica cuántica,"John Clarke, Michel Devoret y John Martinis fueron reconocidos con el Nobel de Física",Investigadores del Conicet explican cómo las contribuciones que realizaron los galardonados en circuitos electrónicos superconductores podría llevar a una nueva revolución en el campo de la computación.,Pablo Esteban,2025-10-08 03:01:00+00:00,https://www.pagina12.com.ar/863890-un-premio-para-los-que-captaron-en-accion-a-la-mecanica-cuan,sociedad
Por el derecho a la vivienda,La ONU ordena frenar un desalojo en Ciudad Oculta y reurbanizar el barrio,"Exige garantizar vivienda a seis familias compuestas por 26 personas, de las cuales 11 son niños y adolescentes y siete personas con discapacidad.",Santiago Brunetto,2025-10-08 03:01:00+00:00,https://www.pagina12.com.ar/863953-por-el-derecho-a-la-vivienda,sociedad
Tres detenidos por secuestrar y prostituir a una adolescente,En la ciudad de Santa Fe,"Una adolescente de 16 años vivió un infierno por su pareja, la madre y el padrastro de él. Ella consiguió huir tras agresiones contra su bebé y contó lo que sufrió durante 5 años.",Melisa Molina,2025-10-08 03:01:00+00:00,https://www.pagina12.com.ar/863958-tres-detenidos-por-secuestrar-y-prostituir-a-una-adolescente,sociedad
Investigan las complicidades del crimen,"Surgen más indicios sobre los asesinos de Morena, Brenda y Lara","Sotacuro dijo que fue a buscar  al ""Loco” David cerca de donde las asesinaron y estaba con dos hombres manchados de barro y la boca tapada.",Melisa Molina,2025-10-08 03:01:00+00:00,https://www.pagina12.com.ar/864000-investigan-las-complicidades-del-crimen,sociedad
Conmoción en Entre Ríos: hallaron el cuerpo de la joven que buscaban desde el viernes,"Gustavo ""Pino"" Brondino, el único detenido, era una de las últimas conversaciones por Whatsapp de la víctima","Se trata de Daiana Magalí Mendieta, de 22 años. Este domingo, la Policía había encontrado su auto estacionado y abandonado con las llaves puestas. Los fiscales investigan si se trató de un femicidio.",Melisa Molina,2025-10-08 03:01:00+00:00,https://www.pagina12.com.ar/864027-conmocion-en-entre-rios-hallaron-el-cuerpo-de-la-joven-que-b,sociedad
"Luego del éxito del fondo del mar, arrancó el streaming del Conicet en busca de fósiles",Tras los rastros de los dinosaurios en la Patagonia,Es la primera expedición paleontológica argentina transmitida en vivo. Está liderada por el Laboratorio de Anatomía Comparada y Evolución de los Vertebrados (LACEV). Los científicos exploran un yacimiento de 70 millones de años.,Melisa Molina,2025-10-07 03:01:00+00:00,https://www.pagina12.com.ar/863545-luego-del-exito-del-fondo-del-mar-arranco-el-streaming-del-c,sociedad
"La Corte Suprema de Estados Unidos rechazó la apelación de Ghislaine Maxwell, cómplice de Jeffrey Epstein",La mujer fue sentenciada en 2022 a 20 años de prisión por tráfico sexual y delitos relacionados,"La Corte Suprema de Estados Unidos rechazó este lunes la apelación de Ghislaine Maxwell, la exsocia y expareja del financista Jeffr",Melisa Molina,2025-10-07 03:01:00+00:00,https://www.pagina12.com.ar/863592-la-corte-suprema-de-estados-unidos-rechazo-la-apelacion-de-g,sociedad
"Nobel de Medicina: ""La expectativa es mejorar el manejo de las enfermedades autoinmunes""",El investigador del Conicet Daniel Alonso explica la importancia del galardón entregado este lunes,"Según el especialista, estos desarrollos permiten entender ""cómo nuestro sistema inmune puede atacar lo extraño, pero al mismo tiempo respetar lo propio"".",Pablo Esteban,2025-10-07 03:01:00+00:00,https://www.pagina12.com.ar/863624-nobel-de-medicina-la-expectativa-es-mejorar-el-manejo-de-las,sociedad
Gisèle Pelicot regresa a la corte para enfrentar a uno de los hombres condenados por violarla,"El juicio de apelación se desarrolla en Nîmes, en el sur de Francia","Husamettin Dogan, de 44 años, un constructor que fue sentenciado a nueve años de prisión, fue el único de los 51 condenados que mantuvo su apelación.",Melisa Molina,2025-10-07 03:01:00+00:00,https://www.pagina12.com.ar/863585-gisele-pelicot-regresa-a-la-corte-para-enfrentar-a-uno-de-lo,sociedad
Costantini se queda con el predio del Ejército en Palermo,"El dueño de Nordelta, entre otros negocios, ofertó 127 millones de dólares","A través de la firma Consultatio, el empresario Eduardo Costantini se quedó con el",Santiago Brunetto,2025-10-07 03:01:00+00:00,https://www.pagina12.com.ar/863631-costantini-se-queda-con-el-predio-del-ejercito-en-palermo,sociedad
"Energía undimotriz, la ""Vaca Muerta"" del mar que podría transformar las energías renovables",Cómo es el innovador sistema que instalarán en Mar del Plata,Desarrollarán energía limpia en base a las olas del mar. El primer parque estará ubicado en el puerto de Mar del Plata y abastecerá a la zona. Pero el plan es mucho más ambicioso y proyectan que sea clave para la soberanía marítima.,Agustín Gulman,2025-10-07 03:01:00+00:00,https://www.pagina12.com.ar/863536-energia-undimotriz-la-vaca-muerta-del-mar-que-podria-transfo,sociedad
Nevadas en el Everest: cientos de excursionistas atrapados en el lado tibetano,Más consecuencias del cambio climático,"Las autoridades chinas desplegaron un masivo operativo de rescate en las laderas del Monte Everest, donde una tormenta de nieve fuera de temporada dejó varadas a más de dosc",Melisa Molina,2025-10-07 03:01:00+00:00,https://www.pagina12.com.ar/863590-nevadas-en-el-everest-cientos-de-excursionistas-atrapados-en,sociedad
El vecino que agredió a una familia judía se mudó,Será sometido a una serie de peritajes psiquiátricos,Decidió mudarse del edificio de Palermo donde sucedió la agresión. La joven atacada dijo sentirse más segura.,Melisa Molina,2025-10-07 03:01:00+00:00,https://www.pagina12.com.ar/863687-el-vecino-que-agredio-a-una-familia-judia-se-mudo,sociedad
Balvanera: allanaron un criadero ilegal de más de 80 erizos africanos,Crueldad animal en la Ciudad,La Unidad Fiscal Ambiental desmanteló un criadero clandestino que funcionaba en un departamento sobre la calle México en CABA. Los animales fueron rescatados y la responsable fue imputada por maltrato animal.,Melisa Molina,2025-10-06 21:16:56+00:00,https://www.pagina12.com.ar/863613-balvanera-allanaron-un-criadero-ilegal-de-mas-de-80-erizos,sociedad
¿Por qué es feriado este viernes 10 de octubre?,Fin de semana largo de tres días,"El Gobierno decidió mover el Día del Respeto a la Diversidad Cultural al viernes 10 de octubre para ""impulsar el turismo y la actividad comercial"".",Melisa Molina,2025-10-06 18:54:12+00:00,https://www.pagina12.com.ar/863584-por-que-es-feriado-este-viernes-10-de-octubre,sociedad
"En Argentina, una de cada tres familias  reside en una vivienda inadecuada",Aseguraron organizaciones especialistas en el tema,"El análisis llevado a cabo por Fundación Vivienda Digna, TECHO, Mujeres 2000, Módulo Sanitario y Hábitat para la Humanidad Argentina indicó que las consecuencias son profundas: viviendas precarias, hacinamiento, falta de acceso a agua potable, baños, electricidad segura, y una vulneración constante de los derechos humanos básicos.",Melisa Molina,2025-10-06 03:01:00+00:00,https://www.pagina12.com.ar/863344-en-argentina-una-de-cada-tres-familias-reside-en-una-viviend,sociedad
Dictan medidas cautelares para preservar a los carpinchos en Nordelta,A pedido de una organización animalista,"La Justicia ordenó la suspensión inmediata de toda obra que altere o destruya los humedales y la fauna silvestre en la zona. Asimismo, prohibió las castraciones químicas de los ejemplares que habitan allí así como las fumigaciones.",Melisa Molina,2025-10-06 03:01:00+00:00,https://www.pagina12.com.ar/863348-dictan-medidas-cautelares-para-preservar-a-los-carpinchos-en,sociedad
Los gigantes del Pleistoceno se extinguieron por los humanos,Tres científicos argentinos descartaron que una glaciación haya sido el motivo central,"Los arqueólogos argentinos Luciano Prates, Iván Pérez y Matías Medina publicaron en  Science Advances un estudio sobre el rol humano en el fin de los animales del Pleistoceno.",Melisa Molina,2025-10-06 03:01:00+00:00,https://www.pagina12.com.ar/863398-los-gigantes-de-pleistoceno-se-extinguieron-por-los-humanos,sociedad
"A un año de la desaparición de Luciana Muñoz, su expareja irá a juicio por falso testimonio",Sin nuevas pistas sobre su paradero,"A más de un año de la desaparición de Luciana Muñoz, la joven neuquina vista por última v",Melisa Molina,2025-10-05 23:24:29+00:00,https://www.pagina12.com.ar/863399-a-un-ano-de-la-desaparicion-de-luciana-munoz-su-expareja-ira,sociedad
La salud de Thiago Medina a tres semanas del grave accidente,Se conoció un nuevo parte médico,"Este domingo, las autoridades del Hospital Mariano y Luciano de la Vega, de la localidad de Moreno, informaron una evolución favorable en la salud del exparticipante de Gran Hermano. Los cambios en su internación y su pronóstico.",Melisa Molina,2025-10-05 20:51:36+00:00,https://www.pagina12.com.ar/863357-la-salud-de-thiago-medina-a-tres-semanas-del-grave-accidente,sociedad
Clima en Buenos Aires: el pronóstico del tiempo para este domingo 5 de octubre,Una jornada pasada por agua,El SMN prevé lluvias para el AMBA y temperaturas que rondarán los 16 grados de mínima y 21 de máxima.,Melisa Molina,2025-10-05 10:00:02+00:00,https://www.pagina12.com.ar/863222-clima-en-buenos-aires-el-pronostico-del-tiempo-para-este-dom,sociedad
Efemérides de hoy: qué pasó un 5 de octubre,Hechos que ocurrieron en la Argentina y el mundo,En las efemérides del 5 de octubre sobresalen estos hechos que ocurrieron un día como hoy en la Argentina y el mundo:,Melisa Molina,2025-10-05 07:05:02+00:00,https://www.pagina12.com.ar/863246-efemerides-de-hoy-que-paso-un-5-de-octubre,sociedad
Un millón de personas a Luján,Comenzó la 51° edición de la popular peregrinación,"El arzobispo Jorge García Cuerva, dijo que ""cuando el Estado se retira de los barrios, avanza el narcoestado"".",Melisa Molina,2025-10-05 03:01:00+00:00,https://www.pagina12.com.ar/863242-un-millon-de-personas-a-lujan,sociedad
Un abrazo al Palais de Glace,Contra la privatización y frente al ataque al arte y la cultura,Artistas visuales de todo el país se movilizaron al histórico edificio para pedir que retomen la restauración por la que se lo cerró en 2017. Y cuestionan el nuevo reglamento del Salón Nacional de las Artes.,Melisa Molina,2025-10-05 03:01:00+00:00,https://www.pagina12.com.ar/863192-un-abrazo-al-palais-de-glace,sociedad
"Se conocieron las autopsias de Lara, Morena y Brenda",Las torturas en el triple femicidio narco en Florencio Varela,Se conocieron los resultados de los análisis forenses sobre las heridas que sufrieron las víctimas del triple femicidio.,Melisa Molina,2025-10-05 03:01:00+00:00,https://www.pagina12.com.ar/863191-se-conocieron-las-autopsias-de-lara-morena-y-brenda,sociedad
